formatted_readme,summary,prompt_text,generated_summary
//TODO: get SQL rendering out of this package!,DESIGN,"### Instruction: You are an AI assistant specialized in classifying code comments.
Your task is to analyze the code comments.
Classify the following code comment as DEFECT, DESIGN, DOCUMENTATION, IMPLEMENTATION, or TEST.
Use just one class. Do not include any additional text.

### Input:
//TODO: get SQL rendering out of this package!

### Response:","TODO: This is a common abbreviation for ""To Do"", which is used to indicate tasks that need to be completed. In this case, the task is to get SQL rendering out of the current package. This is a DESIGN comment as it suggests a change in the architecture or design of the code."
"// TODO // This assumes we only get a SET notification, which isn't a good assumption. //",DESIGN,"### Instruction: You are an AI assistant specialized in classifying code comments.
Your task is to analyze the code comments.
Classify the following code comment as DEFECT, DESIGN, DOCUMENTATION, IMPLEMENTATION, or TEST.
Use just one class. Do not include any additional text.

### Input:
// TODO // This assumes we only get a SET notification, which isn't a good assumption. //

### Response:",TODO
// TODO: Should be anything allowed by current diagram,IMPLEMENTATION,"### Instruction: You are an AI assistant specialized in classifying code comments.
Your task is to analyze the code comments.
Classify the following code comment as DEFECT, DESIGN, DOCUMENTATION, IMPLEMENTATION, or TEST.
Use just one class. Do not include any additional text.

### Input:
// TODO: Should be anything allowed by current diagram

### Response:",DOCUMENTATION
// TODO: How does the pressed cancel become a java.lang.Exception?,DESIGN,"### Instruction: You are an AI assistant specialized in classifying code comments.
Your task is to analyze the code comments.
Classify the following code comment as DEFECT, DESIGN, DOCUMENTATION, IMPLEMENTATION, or TEST.
Use just one class. Do not include any additional text.

### Input:
// TODO: How does the pressed cancel become a java.lang.Exception?

### Response:",TODO
"/* * * A Dom tree panel for to display response as tree view author <a * href=""mailto:d.maung Maung</a> * TODO implement to find any nodes in the tree using TreePath. * */",DESIGN,"### Instruction: You are an AI assistant specialized in classifying code comments.
Your task is to analyze the code comments.
Classify the following code comment as DEFECT, DESIGN, DOCUMENTATION, IMPLEMENTATION, or TEST.
Use just one class. Do not include any additional text.

### Input:
/* * * A Dom tree panel for to display response as tree view author <a * href=""mailto:d.maung Maung</a> * TODO implement to find any nodes in the tree using TreePath. * */

### Response:",TODO
"/** * TODO: This name of the expression language should be * configurable by the user. <p> * * According to the UML standard, * the expression language should be the same * for all elements in one diagram. <p> * * UML is not a sensible default - usually this is some pseudo-language. * * the name of the expression language */",IMPLEMENTATION,"### Instruction: You are an AI assistant specialized in classifying code comments.
Your task is to analyze the code comments.
Classify the following code comment as DEFECT, DESIGN, DOCUMENTATION, IMPLEMENTATION, or TEST.
Use just one class. Do not include any additional text.

### Input:
/** * TODO: This name of the expression language should be * configurable by the user. <p> * * According to the UML standard, * the expression language should be the same * for all elements in one diagram. <p> * * UML is not a sensible default - usually this is some pseudo-language. * * the name of the expression language */

### Response:",DESIGN
"/* * The following variables are set by StandardJMeterEngine. * This is done before start() is called, so the values will be published to the thread safely * TODO - consider passing them to the constructor, so that they can be made final * (to avoid adding lots of parameters, perhaps have a parameter wrapper object. */",DESIGN,"### Instruction: You are an AI assistant specialized in classifying code comments.
Your task is to analyze the code comments.
Classify the following code comment as DEFECT, DESIGN, DOCUMENTATION, IMPLEMENTATION, or TEST.
Use just one class. Do not include any additional text.

### Input:
/* * The following variables are set by StandardJMeterEngine. * This is done before start() is called, so the values will be published to the thread safely * TODO - consider passing them to the constructor, so that they can be made final * (to avoid adding lots of parameters, perhaps have a parameter wrapper object. */

### Response:",DOCUMENTATION
// TODO turn into method?,DESIGN,"### Instruction: You are an AI assistant specialized in classifying code comments.
Your task is to analyze the code comments.
Classify the following code comment as DEFECT, DESIGN, DOCUMENTATION, IMPLEMENTATION, or TEST.
Use just one class. Do not include any additional text.

### Input:
// TODO turn into method?

### Response:",DESIGN
/* * END-KLUDGE */,DESIGN,"### Instruction: You are an AI assistant specialized in classifying code comments.
Your task is to analyze the code comments.
Classify the following code comment as DEFECT, DESIGN, DOCUMENTATION, IMPLEMENTATION, or TEST.
Use just one class. Do not include any additional text.

### Input:
/* * END-KLUDGE */

### Response:",DOCUMENTATION
//TODO: code duplication with SingleTableEntityPersister,DESIGN,"### Instruction: You are an AI assistant specialized in classifying code comments.
Your task is to analyze the code comments.
Classify the following code comment as DEFECT, DESIGN, DOCUMENTATION, IMPLEMENTATION, or TEST.
Use just one class. Do not include any additional text.

### Input:
//TODO: code duplication with SingleTableEntityPersister

### Response:",DEFECT
// TODO: We really want this class to have package scope however the reflection,DESIGN,"### Instruction: You are an AI assistant specialized in classifying code comments.
Your task is to analyze the code comments.
Classify the following code comment as DEFECT, DESIGN, DOCUMENTATION, IMPLEMENTATION, or TEST.
Use just one class. Do not include any additional text.

### Input:
// TODO: We really want this class to have package scope however the reflection

### Response:",TODO
/** * **FIXME** This function needs documentation * * Constructor * * String * Name * */,DOCUMENTATION,"### Instruction: You are an AI assistant specialized in classifying code comments.
Your task is to analyze the code comments.
Classify the following code comment as DEFECT, DESIGN, DOCUMENTATION, IMPLEMENTATION, or TEST.
Use just one class. Do not include any additional text.

### Input:
/** * **FIXME** This function needs documentation * * Constructor * * String * Name * */

### Response:",DOCUMENTATION
"// Perhaps if Xerces wasn't slightly brain-damaged, we would // not need this",DESIGN,"### Instruction: You are an AI assistant specialized in classifying code comments.
Your task is to analyze the code comments.
Classify the following code comment as DEFECT, DESIGN, DOCUMENTATION, IMPLEMENTATION, or TEST.
Use just one class. Do not include any additional text.

### Input:
// Perhaps if Xerces wasn't slightly brain-damaged, we would // not need this

### Response:",DESIGN
// TODO: Move to GEF,DESIGN,"### Instruction: You are an AI assistant specialized in classifying code comments.
Your task is to analyze the code comments.
Classify the following code comment as DEFECT, DESIGN, DOCUMENTATION, IMPLEMENTATION, or TEST.
Use just one class. Do not include any additional text.

### Input:
// TODO: Move to GEF

### Response:",DESIGN
"/* * TODO: This is probably not the right location * for switching off the ""filterNewlines"". * The setting gets lost after selecting a different * ModelElement in the diagram. * BTW, see how it is used in * javax.swing.text.PlainDocument. * See issue 1812. */",DESIGN,"### Instruction: You are an AI assistant specialized in classifying code comments.
Your task is to analyze the code comments.
Classify the following code comment as DEFECT, DESIGN, DOCUMENTATION, IMPLEMENTATION, or TEST.
Use just one class. Do not include any additional text.

### Input:
/* * TODO: This is probably not the right location * for switching off the ""filterNewlines"". * The setting gets lost after selecting a different * ModelElement in the diagram. * BTW, see how it is used in * javax.swing.text.PlainDocument. * See issue 1812. */

### Response:",DESIGN
// TODO verify this is correct,DESIGN,"### Instruction: You are an AI assistant specialized in classifying code comments.
Your task is to analyze the code comments.
Classify the following code comment as DEFECT, DESIGN, DOCUMENTATION, IMPLEMENTATION, or TEST.
Use just one class. Do not include any additional text.

### Input:
// TODO verify this is correct

### Response:",TODO - DESIGN
"/** * Process streams get Channel.newChannel()ed into FileChannel but are not actually * seekable. So instead of just the isSeekable check doing instanceof FileChannel, * we must also add this boolean to check, which we set to false when it's known * that the incoming channel is from a process. * * FIXME: This is gross, and it's NIO's fault for not providing a nice way to * tell if a channel is ""really"" seekable. */",DESIGN,"### Instruction: You are an AI assistant specialized in classifying code comments.
Your task is to analyze the code comments.
Classify the following code comment as DEFECT, DESIGN, DOCUMENTATION, IMPLEMENTATION, or TEST.
Use just one class. Do not include any additional text.

### Input:
/** * Process streams get Channel.newChannel()ed into FileChannel but are not actually * seekable. So instead of just the isSeekable check doing instanceof FileChannel, * we must also add this boolean to check, which we set to false when it's known * that the incoming channel is from a process. * * FIXME: This is gross, and it's NIO's fault for not providing a nice way to * tell if a channel is ""really"" seekable. */

### Response:",DESIGN
//TODO: shift block down to bottom,DESIGN,"### Instruction: You are an AI assistant specialized in classifying code comments.
Your task is to analyze the code comments.
Classify the following code comment as DEFECT, DESIGN, DOCUMENTATION, IMPLEMENTATION, or TEST.
Use just one class. Do not include any additional text.

### Input:
//TODO: shift block down to bottom

### Response:",TODO: DESIGN
// TODO: Should we handle <<access>> and <<import>> here?,DESIGN,"### Instruction: You are an AI assistant specialized in classifying code comments.
Your task is to analyze the code comments.
Classify the following code comment as DEFECT, DESIGN, DOCUMENTATION, IMPLEMENTATION, or TEST.
Use just one class. Do not include any additional text.

### Input:
// TODO: Should we handle <<access>> and <<import>> here?

### Response:",TODO
//TODO: make this a bit nicer,DESIGN,"### Instruction: You are an AI assistant specialized in classifying code comments.
Your task is to analyze the code comments.
Classify the following code comment as DEFECT, DESIGN, DOCUMENTATION, IMPLEMENTATION, or TEST.
Use just one class. Do not include any additional text.

### Input:
//TODO: make this a bit nicer

### Response:",DOCUMENTATION
// TODO: This is a tagged value name which will never trigger an event,DEFECT,"### Instruction: You are an AI assistant specialized in classifying code comments.
Your task is to analyze the code comments.
Classify the following code comment as DEFECT, DESIGN, DOCUMENTATION, IMPLEMENTATION, or TEST.
Use just one class. Do not include any additional text.

### Input:
// TODO: This is a tagged value name which will never trigger an event

### Response:",DOCUMENTATION
// installColorsAndFont needs to be run twice. Background and foreground // colors only work if run after the super call but font only works if run // before the super call. May be a bug in JDK 1.4,DEFECT,"### Instruction: You are an AI assistant specialized in classifying code comments.
Your task is to analyze the code comments.
Classify the following code comment as DEFECT, DESIGN, DOCUMENTATION, IMPLEMENTATION, or TEST.
Use just one class. Do not include any additional text.

### Input:
// installColorsAndFont needs to be run twice. Background and foreground // colors only work if run after the super call but font only works if run // before the super call. May be a bug in JDK 1.4

### Response:",DEFECT
"// these are used to eliminate code duplication. i don't normally use // the visitor or ""template method"" pattern, but this code was contributed // by Peter Cox and i don't feel like changing it around too much.",DESIGN,"### Instruction: You are an AI assistant specialized in classifying code comments.
Your task is to analyze the code comments.
Classify the following code comment as DEFECT, DESIGN, DOCUMENTATION, IMPLEMENTATION, or TEST.
Use just one class. Do not include any additional text.

### Input:
// these are used to eliminate code duplication. i don't normally use // the visitor or ""template method"" pattern, but this code was contributed // by Peter Cox and i don't feel like changing it around too much.

### Response:",DOCUMENTATION
// something is very wrong here,DESIGN,"### Instruction: You are an AI assistant specialized in classifying code comments.
Your task is to analyze the code comments.
Classify the following code comment as DEFECT, DESIGN, DOCUMENTATION, IMPLEMENTATION, or TEST.
Use just one class. Do not include any additional text.

### Input:
// something is very wrong here

### Response:",DEFECT
// All form parameter always have text/plain as mime type //TODO make this a parameter?,DESIGN,"### Instruction: You are an AI assistant specialized in classifying code comments.
Your task is to analyze the code comments.
Classify the following code comment as DEFECT, DESIGN, DOCUMENTATION, IMPLEMENTATION, or TEST.
Use just one class. Do not include any additional text.

### Input:
// All form parameter always have text/plain as mime type //TODO make this a parameter?

### Response:",DOCUMENTATION
/** * Builds a default implementation for an interface. The interface * is not owned by any model element by default. Users should not * forget to add ownership. * * Interface * TODO: This needs an extra parameter to specify the model/extent where * the new element should be created. */,DESIGN,"### Instruction: You are an AI assistant specialized in classifying code comments.
Your task is to analyze the code comments.
Classify the following code comment as DEFECT, DESIGN, DOCUMENTATION, IMPLEMENTATION, or TEST.
Use just one class. Do not include any additional text.

### Input:
/** * Builds a default implementation for an interface. The interface * is not owned by any model element by default. Users should not * forget to add ownership. * * Interface * TODO: This needs an extra parameter to specify the model/extent where * the new element should be created. */

### Response:",DOCUMENTATION
// ************* copied from ConcatTest *************,DESIGN,"### Instruction: You are an AI assistant specialized in classifying code comments.
Your task is to analyze the code comments.
Classify the following code comment as DEFECT, DESIGN, DOCUMENTATION, IMPLEMENTATION, or TEST.
Use just one class. Do not include any additional text.

### Input:
// ************* copied from ConcatTest *************

### Response:",DOCUMENTATION
// TODO: newTypeError does not offer enough for ruby error string...,DESIGN,"### Instruction: You are an AI assistant specialized in classifying code comments.
Your task is to analyze the code comments.
Classify the following code comment as DEFECT, DESIGN, DOCUMENTATION, IMPLEMENTATION, or TEST.
Use just one class. Do not include any additional text.

### Input:
// TODO: newTypeError does not offer enough for ruby error string...

### Response:",DOCUMENTATION
"/** * TODO: MVW: I am not completely sure of the following:<p> * The ""namespace"" of the diagram is e.g. used when creating new elements * that are shown on the diagram; they will have their namespace set * according this. It is NOT necessarily equal to the ""owner"". * * the namespace for the diagram */",DESIGN,"### Instruction: You are an AI assistant specialized in classifying code comments.
Your task is to analyze the code comments.
Classify the following code comment as DEFECT, DESIGN, DOCUMENTATION, IMPLEMENTATION, or TEST.
Use just one class. Do not include any additional text.

### Input:
/** * TODO: MVW: I am not completely sure of the following:<p> * The ""namespace"" of the diagram is e.g. used when creating new elements * that are shown on the diagram; they will have their namespace set * according this. It is NOT necessarily equal to the ""owner"". * * the namespace for the diagram */

### Response:",DOCUMENTATION
// here we tweak the notify flag on the plot so that only // one notification happens even though we update multiple // axes...,DESIGN,"### Instruction: You are an AI assistant specialized in classifying code comments.
Your task is to analyze the code comments.
Classify the following code comment as DEFECT, DESIGN, DOCUMENTATION, IMPLEMENTATION, or TEST.
Use just one class. Do not include any additional text.

### Input:
// here we tweak the notify flag on the plot so that only // one notification happens even though we update multiple // axes...

### Response:",DOCUMENTATION
"// A Classifier can only have a single unnamed ClassifierRole, so // TODO: This probably belongs in a critic instead of here",DESIGN,"### Instruction: You are an AI assistant specialized in classifying code comments.
Your task is to analyze the code comments.
Classify the following code comment as DEFECT, DESIGN, DOCUMENTATION, IMPLEMENTATION, or TEST.
Use just one class. Do not include any additional text.

### Input:
// A Classifier can only have a single unnamed ClassifierRole, so // TODO: This probably belongs in a critic instead of here

### Response:",TODO
//FIXME: get the PersistentClass,DESIGN,"### Instruction: You are an AI assistant specialized in classifying code comments.
Your task is to analyze the code comments.
Classify the following code comment as DEFECT, DESIGN, DOCUMENTATION, IMPLEMENTATION, or TEST.
Use just one class. Do not include any additional text.

### Input:
//FIXME: get the PersistentClass

### Response:",DEFECT
"//??? For now, use the same renderer as everyone else. //?? //?? IN FUTURE: change this to use a new instance of renederer //?? for this data type.",DESIGN,"### Instruction: You are an AI assistant specialized in classifying code comments.
Your task is to analyze the code comments.
Classify the following code comment as DEFECT, DESIGN, DOCUMENTATION, IMPLEMENTATION, or TEST.
Use just one class. Do not include any additional text.

### Input:
//??? For now, use the same renderer as everyone else. //?? //?? IN FUTURE: change this to use a new instance of renederer //?? for this data type.

### Response:",DESIGN
"//TODO: Decide whether this should be a bound property or not. // getPropertyChangeReporter().firePropertyChange(ISQLDriver.IPropertyNames.NAME, _name, _name);",DESIGN,"### Instruction: You are an AI assistant specialized in classifying code comments.
Your task is to analyze the code comments.
Classify the following code comment as DEFECT, DESIGN, DOCUMENTATION, IMPLEMENTATION, or TEST.
Use just one class. Do not include any additional text.

### Input:
//TODO: Decide whether this should be a bound property or not. // getPropertyChangeReporter().firePropertyChange(ISQLDriver.IPropertyNames.NAME, _name, _name);

### Response:",TEST
"/** * Returns all states that can be recursively contained by the given State. * <p> * TODO: {  getAllPossibleSubvertices(Object)} and * {  getAllSubStates(Object)} are duplicates as implemented for MDR. * It isn't clear from the Javadoc or usage whether they should do different * things or this just happened because no one noticed we already had * another method. * * oState * the Composite state we are searching the states for, * Collection the collection with found states */",DESIGN,"### Instruction: You are an AI assistant specialized in classifying code comments.
Your task is to analyze the code comments.
Classify the following code comment as DEFECT, DESIGN, DOCUMENTATION, IMPLEMENTATION, or TEST.
Use just one class. Do not include any additional text.

### Input:
/** * Returns all states that can be recursively contained by the given State. * <p> * TODO: {  getAllPossibleSubvertices(Object)} and * {  getAllSubStates(Object)} are duplicates as implemented for MDR. * It isn't clear from the Javadoc or usage whether they should do different * things or this just happened because no one noticed we already had * another method. * * oState * the Composite state we are searching the states for, * Collection the collection with found states */

### Response:",DESIGN
// FIXME: This isn't right for within ensured/rescued code,DESIGN,"### Instruction: You are an AI assistant specialized in classifying code comments.
Your task is to analyze the code comments.
Classify the following code comment as DEFECT, DESIGN, DOCUMENTATION, IMPLEMENTATION, or TEST.
Use just one class. Do not include any additional text.

### Input:
// FIXME: This isn't right for within ensured/rescued code

### Response:",DESIGN
// hack to get fixed length 'length' field,DESIGN,"### Instruction: You are an AI assistant specialized in classifying code comments.
Your task is to analyze the code comments.
Classify the following code comment as DEFECT, DESIGN, DOCUMENTATION, IMPLEMENTATION, or TEST.
Use just one class. Do not include any additional text.

### Input:
// hack to get fixed length 'length' field

### Response:",DOCUMENTATION
// TODO: What do we want to use as an equivalent here?,DESIGN,"### Instruction: You are an AI assistant specialized in classifying code comments.
Your task is to analyze the code comments.
Classify the following code comment as DEFECT, DESIGN, DOCUMENTATION, IMPLEMENTATION, or TEST.
Use just one class. Do not include any additional text.

### Input:
// TODO: What do we want to use as an equivalent here?

### Response:","TODO: This comment is a type of DESIGN comment, as it suggests a design decision that needs to be made in the future."
// ?R | boolean | True if file is readable by the real uid/gid of the caller // FIXME: Need to implement an readable_real_p in FileTest,TEST,"### Instruction: You are an AI assistant specialized in classifying code comments.
Your task is to analyze the code comments.
Classify the following code comment as DEFECT, DESIGN, DOCUMENTATION, IMPLEMENTATION, or TEST.
Use just one class. Do not include any additional text.

### Input:
// ?R | boolean | True if file is readable by the real uid/gid of the caller // FIXME: Need to implement an readable_real_p in FileTest

### Response:",IMPLEMENTATION
"// upper-case package name // TODO: top-level upper-case package was supported in the previous (Ruby-based) // implementation, so leaving as is. see note at  getProxyOrPackageUnderPackage // re: future approach below the top-level.",DESIGN,"### Instruction: You are an AI assistant specialized in classifying code comments.
Your task is to analyze the code comments.
Classify the following code comment as DEFECT, DESIGN, DOCUMENTATION, IMPLEMENTATION, or TEST.
Use just one class. Do not include any additional text.

### Input:
// upper-case package name // TODO: top-level upper-case package was supported in the previous (Ruby-based) // implementation, so leaving as is. see note at  getProxyOrPackageUnderPackage // re: future approach below the top-level.

### Response:",DESIGN
// Bug  1757076 // always use false unless user specifies otherwise; this breaks // date editing in Derby (possibly DB2 as well),DEFECT,"### Instruction: You are an AI assistant specialized in classifying code comments.
Your task is to analyze the code comments.
Classify the following code comment as DEFECT, DESIGN, DOCUMENTATION, IMPLEMENTATION, or TEST.
Use just one class. Do not include any additional text.

### Input:
// Bug  1757076 // always use false unless user specifies otherwise; this breaks // date editing in Derby (possibly DB2 as well)

### Response:",DEFECT
// XXX: we should use JCVS (www.ice.com/JCVS) instead of // command line execution so that we don't rely on having // native CVS stuff around (SM),DESIGN,"### Instruction: You are an AI assistant specialized in classifying code comments.
Your task is to analyze the code comments.
Classify the following code comment as DEFECT, DESIGN, DOCUMENTATION, IMPLEMENTATION, or TEST.
Use just one class. Do not include any additional text.

### Input:
// XXX: we should use JCVS (www.ice.com/JCVS) instead of // command line execution so that we don't rely on having // native CVS stuff around (SM)

### Response:",DESIGN
// FIXME: this should go somewhere more generic -- maybe IdUtil,DESIGN,"### Instruction: You are an AI assistant specialized in classifying code comments.
Your task is to analyze the code comments.
Classify the following code comment as DEFECT, DESIGN, DOCUMENTATION, IMPLEMENTATION, or TEST.
Use just one class. Do not include any additional text.

### Input:
// FIXME: this should go somewhere more generic -- maybe IdUtil

### Response:",DESIGN
// TODO: This is probably BAD...,DESIGN,"### Instruction: You are an AI assistant specialized in classifying code comments.
Your task is to analyze the code comments.
Classify the following code comment as DEFECT, DESIGN, DOCUMENTATION, IMPLEMENTATION, or TEST.
Use just one class. Do not include any additional text.

### Input:
// TODO: This is probably BAD...

### Response:",TODO: This is probably BAD... - DESIGN
// TODO Binary incompatibility; an old override must override putAll.,IMPLEMENTATION,"### Instruction: You are an AI assistant specialized in classifying code comments.
Your task is to analyze the code comments.
Classify the following code comment as DEFECT, DESIGN, DOCUMENTATION, IMPLEMENTATION, or TEST.
Use just one class. Do not include any additional text.

### Input:
// TODO Binary incompatibility; an old override must override putAll.

### Response:",DESIGN
"/** * A BufferInputStream that is aware of XML structure. * It searches for the first occurrence of a named tag * and reads only the data (inclusively) from that tag * to the matching end tag or it can search for the first * occurrence of a named tag and read on the child tags. * The tag is not expected to be an empty tag. * <p> * TODO: This is hardwired to assume a fixed single byte * character encoding. It needs to be updated to handle different * encodings, including multi-byte encodings. - tfm 20070607 * * Bob Tarling */",DESIGN,"### Instruction: You are an AI assistant specialized in classifying code comments.
Your task is to analyze the code comments.
Classify the following code comment as DEFECT, DESIGN, DOCUMENTATION, IMPLEMENTATION, or TEST.
Use just one class. Do not include any additional text.

### Input:
/** * A BufferInputStream that is aware of XML structure. * It searches for the first occurrence of a named tag * and reads only the data (inclusively) from that tag * to the matching end tag or it can search for the first * occurrence of a named tag and read on the child tags. * The tag is not expected to be an empty tag. * <p> * TODO: This is hardwired to assume a fixed single byte * character encoding. It needs to be updated to handle different * encodings, including multi-byte encodings. - tfm 20070607 * * Bob Tarling */

### Response:",DOCUMENTATION
//use of a stringbuffer to workaround a JDK bug,DESIGN,"### Instruction: You are an AI assistant specialized in classifying code comments.
Your task is to analyze the code comments.
Classify the following code comment as DEFECT, DESIGN, DOCUMENTATION, IMPLEMENTATION, or TEST.
Use just one class. Do not include any additional text.

### Input:
//use of a stringbuffer to workaround a JDK bug

### Response:",DOCUMENTATION
// TODO: make it cross runtime safe by COW or eager copy,IMPLEMENTATION,"### Instruction: You are an AI assistant specialized in classifying code comments.
Your task is to analyze the code comments.
Classify the following code comment as DEFECT, DESIGN, DOCUMENTATION, IMPLEMENTATION, or TEST.
Use just one class. Do not include any additional text.

### Input:
// TODO: make it cross runtime safe by COW or eager copy

### Response:",DESIGN
/* TODO: THIS IS A HACK. * A much better way of doing this would be not to start * the critic in the first place. */,DESIGN,"### Instruction: You are an AI assistant specialized in classifying code comments.
Your task is to analyze the code comments.
Classify the following code comment as DEFECT, DESIGN, DOCUMENTATION, IMPLEMENTATION, or TEST.
Use just one class. Do not include any additional text.

### Input:
/* TODO: THIS IS A HACK. * A much better way of doing this would be not to start * the critic in the first place. */

### Response:",DESIGN
"//TODO: would be nice to use false, but issues with MS SQL",DEFECT,"### Instruction: You are an AI assistant specialized in classifying code comments.
Your task is to analyze the code comments.
Classify the following code comment as DEFECT, DESIGN, DOCUMENTATION, IMPLEMENTATION, or TEST.
Use just one class. Do not include any additional text.

### Input:
//TODO: would be nice to use false, but issues with MS SQL

### Response:",DESIGN
// get the right object from the list ... would it be easier to just call getEntity() ??,DESIGN,"### Instruction: You are an AI assistant specialized in classifying code comments.
Your task is to analyze the code comments.
Classify the following code comment as DEFECT, DESIGN, DOCUMENTATION, IMPLEMENTATION, or TEST.
Use just one class. Do not include any additional text.

### Input:
// get the right object from the list ... would it be easier to just call getEntity() ??

### Response:",DOCUMENTATION
"/** * Class to display graphics for a UML SynchState in a diagram. <p> * * TODO: If the font increases, the circle should grow, too. * * pepargouml */",DEFECT,"### Instruction: You are an AI assistant specialized in classifying code comments.
Your task is to analyze the code comments.
Classify the following code comment as DEFECT, DESIGN, DOCUMENTATION, IMPLEMENTATION, or TEST.
Use just one class. Do not include any additional text.

### Input:
/** * Class to display graphics for a UML SynchState in a diagram. <p> * * TODO: If the font increases, the circle should grow, too. * * pepargouml */

### Response:",DESIGN
//TODO add tests for SaveGraphics,TEST,"### Instruction: You are an AI assistant specialized in classifying code comments.
Your task is to analyze the code comments.
Classify the following code comment as DEFECT, DESIGN, DOCUMENTATION, IMPLEMENTATION, or TEST.
Use just one class. Do not include any additional text.

### Input:
//TODO add tests for SaveGraphics

### Response:",TEST
// Changed in UML 2.1 - Component with <<subsystem>> stereotype // TODO: We should deprecate this?,DESIGN,"### Instruction: You are an AI assistant specialized in classifying code comments.
Your task is to analyze the code comments.
Classify the following code comment as DEFECT, DESIGN, DOCUMENTATION, IMPLEMENTATION, or TEST.
Use just one class. Do not include any additional text.

### Input:
// Changed in UML 2.1 - Component with <<subsystem>> stereotype // TODO: We should deprecate this?

### Response:",TEST
// TODO: I18N required,IMPLEMENTATION,"### Instruction: You are an AI assistant specialized in classifying code comments.
Your task is to analyze the code comments.
Classify the following code comment as DEFECT, DESIGN, DOCUMENTATION, IMPLEMENTATION, or TEST.
Use just one class. Do not include any additional text.

### Input:
// TODO: I18N required

### Response:",DOCUMENTATION
// TODO could these be done earlier (or just once?),DESIGN,"### Instruction: You are an AI assistant specialized in classifying code comments.
Your task is to analyze the code comments.
Classify the following code comment as DEFECT, DESIGN, DOCUMENTATION, IMPLEMENTATION, or TEST.
Use just one class. Do not include any additional text.

### Input:
// TODO could these be done earlier (or just once?)

### Response:",TODO
// TODO: need to get this back into the method signature...now is too late...,DESIGN,"### Instruction: You are an AI assistant specialized in classifying code comments.
Your task is to analyze the code comments.
Classify the following code comment as DEFECT, DESIGN, DOCUMENTATION, IMPLEMENTATION, or TEST.
Use just one class. Do not include any additional text.

### Input:
// TODO: need to get this back into the method signature...now is too late...

### Response:",TODO
// TODO: don't calculate the same value 3 times,IMPLEMENTATION,"### Instruction: You are an AI assistant specialized in classifying code comments.
Your task is to analyze the code comments.
Classify the following code comment as DEFECT, DESIGN, DOCUMENTATION, IMPLEMENTATION, or TEST.
Use just one class. Do not include any additional text.

### Input:
// TODO: don't calculate the same value 3 times

### Response:",DOCUMENTATION
// This is perhaps innefficient timewise? Optimal spacewise,DESIGN,"### Instruction: You are an AI assistant specialized in classifying code comments.
Your task is to analyze the code comments.
Classify the following code comment as DEFECT, DESIGN, DOCUMENTATION, IMPLEMENTATION, or TEST.
Use just one class. Do not include any additional text.

### Input:
// This is perhaps innefficient timewise? Optimal spacewise

### Response:",DOCUMENTATION
// TODO: We shouldn't need this reflection any more once we have // convinced ourselves that everything with a getItemUID method // is implementing IItemUID,DESIGN,"### Instruction: You are an AI assistant specialized in classifying code comments.
Your task is to analyze the code comments.
Classify the following code comment as DEFECT, DESIGN, DOCUMENTATION, IMPLEMENTATION, or TEST.
Use just one class. Do not include any additional text.

### Input:
// TODO: We shouldn't need this reflection any more once we have // convinced ourselves that everything with a getItemUID method // is implementing IItemUID

### Response:",DESIGN
// TODO: Considering all delete events to be valid like below // is going to cause lots of unecessary work and some problems,DEFECT,"### Instruction: You are an AI assistant specialized in classifying code comments.
Your task is to analyze the code comments.
Classify the following code comment as DEFECT, DESIGN, DOCUMENTATION, IMPLEMENTATION, or TEST.
Use just one class. Do not include any additional text.

### Input:
// TODO: Considering all delete events to be valid like below // is going to cause lots of unecessary work and some problems

### Response:",DESIGN
// stupidity,DESIGN,"### Instruction: You are an AI assistant specialized in classifying code comments.
Your task is to analyze the code comments.
Classify the following code comment as DEFECT, DESIGN, DOCUMENTATION, IMPLEMENTATION, or TEST.
Use just one class. Do not include any additional text.

### Input:
// stupidity

### Response:",DOCUMENTATION
// TODO - not sure this is the best method,DESIGN,"### Instruction: You are an AI assistant specialized in classifying code comments.
Your task is to analyze the code comments.
Classify the following code comment as DEFECT, DESIGN, DOCUMENTATION, IMPLEMENTATION, or TEST.
Use just one class. Do not include any additional text.

### Input:
// TODO - not sure this is the best method

### Response:",DESIGN
// TODO: Something might go wrong during processing. We don't really // want to create the model element until the user releases the mouse // in the place expected.,DEFECT,"### Instruction: You are an AI assistant specialized in classifying code comments.
Your task is to analyze the code comments.
Classify the following code comment as DEFECT, DESIGN, DOCUMENTATION, IMPLEMENTATION, or TEST.
Use just one class. Do not include any additional text.

### Input:
// TODO: Something might go wrong during processing. We don't really // want to create the model element until the user releases the mouse // in the place expected.

### Response:",TODO: DESIGN
// TODO Revert to SVN revision 2469 in JFreeChart 1.0.16 // (MultipleGradientPaint's / JDK issues) // TODO THEN: change visibility of ALL darker(...) Methods EXCEPT // darker(Paint) to private!,DESIGN,"### Instruction: You are an AI assistant specialized in classifying code comments.
Your task is to analyze the code comments.
Classify the following code comment as DEFECT, DESIGN, DOCUMENTATION, IMPLEMENTATION, or TEST.
Use just one class. Do not include any additional text.

### Input:
// TODO Revert to SVN revision 2469 in JFreeChart 1.0.16 // (MultipleGradientPaint's / JDK issues) // TODO THEN: change visibility of ALL darker(...) Methods EXCEPT // darker(Paint) to private!

### Response:",TODO
// TODO: Fix this so it will work for non-POJO entity mode,DESIGN,"### Instruction: You are an AI assistant specialized in classifying code comments.
Your task is to analyze the code comments.
Classify the following code comment as DEFECT, DESIGN, DOCUMENTATION, IMPLEMENTATION, or TEST.
Use just one class. Do not include any additional text.

### Input:
// TODO: Fix this so it will work for non-POJO entity mode

### Response:",DESIGN
// TODO: Make another pass to deal with overlaps?,IMPLEMENTATION,"### Instruction: You are an AI assistant specialized in classifying code comments.
Your task is to analyze the code comments.
Classify the following code comment as DEFECT, DESIGN, DOCUMENTATION, IMPLEMENTATION, or TEST.
Use just one class. Do not include any additional text.

### Input:
// TODO: Make another pass to deal with overlaps?

### Response:",TODO
"// This feels sloppy, especially for non-U.S. locales.",DESIGN,"### Instruction: You are an AI assistant specialized in classifying code comments.
Your task is to analyze the code comments.
Classify the following code comment as DEFECT, DESIGN, DOCUMENTATION, IMPLEMENTATION, or TEST.
Use just one class. Do not include any additional text.

### Input:
// This feels sloppy, especially for non-U.S. locales.

### Response:",DOCUMENTATION
"// TODO: It would be really, really nice to use this to also model components!",DESIGN,"### Instruction: You are an AI assistant specialized in classifying code comments.
Your task is to analyze the code comments.
Classify the following code comment as DEFECT, DESIGN, DOCUMENTATION, IMPLEMENTATION, or TEST.
Use just one class. Do not include any additional text.

### Input:
// TODO: It would be really, really nice to use this to also model components!

### Response:",DESIGN
"// TODO: ActionState, CallState, and SubactivityState have been replaced // in UML 2.0 by explicitly modeled Actions",DESIGN,"### Instruction: You are an AI assistant specialized in classifying code comments.
Your task is to analyze the code comments.
Classify the following code comment as DEFECT, DESIGN, DOCUMENTATION, IMPLEMENTATION, or TEST.
Use just one class. Do not include any additional text.

### Input:
// TODO: ActionState, CallState, and SubactivityState have been replaced // in UML 2.0 by explicitly modeled Actions

### Response:",DOCUMENTATION
// TODO hubms: copied from frederiks search builder,DESIGN,"### Instruction: You are an AI assistant specialized in classifying code comments.
Your task is to analyze the code comments.
Classify the following code comment as DEFECT, DESIGN, DOCUMENTATION, IMPLEMENTATION, or TEST.
Use just one class. Do not include any additional text.

### Input:
// TODO hubms: copied from frederiks search builder

### Response:",DOCUMENTATION
"// TODO : we really need to be able to deal with component paths here also; // this is difficult because the hql-sql grammar expects all those node types // to be FromReferenceNodes. One potential fix here would be to convert the // IntoClause to just use a FromClause/FromElement combo (as a child of the // InsertStatement) and move all this logic into the InsertStatement. That's // probably the easiest approach (read: least amount of changes to the grammar // and code), but just doesn't feel right as then an insert would contain // 2 from-clauses",DESIGN,"### Instruction: You are an AI assistant specialized in classifying code comments.
Your task is to analyze the code comments.
Classify the following code comment as DEFECT, DESIGN, DOCUMENTATION, IMPLEMENTATION, or TEST.
Use just one class. Do not include any additional text.

### Input:
// TODO : we really need to be able to deal with component paths here also; // this is difficult because the hql-sql grammar expects all those node types // to be FromReferenceNodes. One potential fix here would be to convert the // IntoClause to just use a FromClause/FromElement combo (as a child of the // InsertStatement) and move all this logic into the InsertStatement. That's // probably the easiest approach (read: least amount of changes to the grammar // and code), but just doesn't feel right as then an insert would contain // 2 from-clauses

### Response:",DESIGN
// TODO is this the right thing to do?,DESIGN,"### Instruction: You are an AI assistant specialized in classifying code comments.
Your task is to analyze the code comments.
Classify the following code comment as DEFECT, DESIGN, DOCUMENTATION, IMPLEMENTATION, or TEST.
Use just one class. Do not include any additional text.

### Input:
// TODO is this the right thing to do?

### Response:",TODO
// FIXME: legal here? may want UnsupportedOperationException,DESIGN,"### Instruction: You are an AI assistant specialized in classifying code comments.
Your task is to analyze the code comments.
Classify the following code comment as DEFECT, DESIGN, DOCUMENTATION, IMPLEMENTATION, or TEST.
Use just one class. Do not include any additional text.

### Input:
// FIXME: legal here? may want UnsupportedOperationException

### Response:",DESIGN
// TODO: What are these magic numbers?,DESIGN,"### Instruction: You are an AI assistant specialized in classifying code comments.
Your task is to analyze the code comments.
Classify the following code comment as DEFECT, DESIGN, DOCUMENTATION, IMPLEMENTATION, or TEST.
Use just one class. Do not include any additional text.

### Input:
// TODO: What are these magic numbers?

### Response:",DOCUMENTATION
"// TODO: Use the SVGWriter2D implementation // cmd = new SaveSVGAction2(Translator.localize(""action.save-svg""));",IMPLEMENTATION,"### Instruction: You are an AI assistant specialized in classifying code comments.
Your task is to analyze the code comments.
Classify the following code comment as DEFECT, DESIGN, DOCUMENTATION, IMPLEMENTATION, or TEST.
Use just one class. Do not include any additional text.

### Input:
// TODO: Use the SVGWriter2D implementation // cmd = new SaveSVGAction2(Translator.localize(""action.save-svg""));

### Response:",DOCUMENTATION
// TODO: implement,IMPLEMENTATION,"### Instruction: You are an AI assistant specialized in classifying code comments.
Your task is to analyze the code comments.
Classify the following code comment as DEFECT, DESIGN, DOCUMENTATION, IMPLEMENTATION, or TEST.
Use just one class. Do not include any additional text.

### Input:
// TODO: implement

### Response:",IMPLEMENTATION
//TODO: Should this be an InitializeEntityEventListener??? (watch out for performance!),DESIGN,"### Instruction: You are an AI assistant specialized in classifying code comments.
Your task is to analyze the code comments.
Classify the following code comment as DEFECT, DESIGN, DOCUMENTATION, IMPLEMENTATION, or TEST.
Use just one class. Do not include any additional text.

### Input:
//TODO: Should this be an InitializeEntityEventListener??? (watch out for performance!)

### Response:",DESIGN
"// TODO: We'd like to test this in its new guise as PackageImport, but // we don't have a good way to do it currently",DESIGN,"### Instruction: You are an AI assistant specialized in classifying code comments.
Your task is to analyze the code comments.
Classify the following code comment as DEFECT, DESIGN, DOCUMENTATION, IMPLEMENTATION, or TEST.
Use just one class. Do not include any additional text.

### Input:
// TODO: We'd like to test this in its new guise as PackageImport, but // we don't have a good way to do it currently

### Response:",TEST
// TODO: Need UML 2.x equivalent,IMPLEMENTATION,"### Instruction: You are an AI assistant specialized in classifying code comments.
Your task is to analyze the code comments.
Classify the following code comment as DEFECT, DESIGN, DOCUMENTATION, IMPLEMENTATION, or TEST.
Use just one class. Do not include any additional text.

### Input:
// TODO: Need UML 2.x equivalent

### Response:",DOCUMENTATION
"// TODO: This exception will be thrown during autoscrolling // when the edge of the canvas is reached causing either // the width or height to be ""adjusted"" to a negative value",DEFECT,"### Instruction: You are an AI assistant specialized in classifying code comments.
Your task is to analyze the code comments.
Classify the following code comment as DEFECT, DESIGN, DOCUMENTATION, IMPLEMENTATION, or TEST.
Use just one class. Do not include any additional text.

### Input:
// TODO: This exception will be thrown during autoscrolling // when the edge of the canvas is reached causing either // the width or height to be ""adjusted"" to a negative value

### Response:",DOCUMENTATION
// Does this dialect support the ALTER TABLE syntax?,DESIGN,"### Instruction: You are an AI assistant specialized in classifying code comments.
Your task is to analyze the code comments.
Classify the following code comment as DEFECT, DESIGN, DOCUMENTATION, IMPLEMENTATION, or TEST.
Use just one class. Do not include any additional text.

### Input:
// Does this dialect support the ALTER TABLE syntax?

### Response:",DOCUMENTATION
// TODO: must override in RubyModule to pick up constants,IMPLEMENTATION,"### Instruction: You are an AI assistant specialized in classifying code comments.
Your task is to analyze the code comments.
Classify the following code comment as DEFECT, DESIGN, DOCUMENTATION, IMPLEMENTATION, or TEST.
Use just one class. Do not include any additional text.

### Input:
// TODO: must override in RubyModule to pick up constants

### Response:",DOCUMENTATION
// TODO: Hard coded -. JDBC/ODBC bridge JDK1.4 // brings back -9 for nvarchar columns in // MS SQL Server tables. // -8 is ROWID in Oracle.,DESIGN,"### Instruction: You are an AI assistant specialized in classifying code comments.
Your task is to analyze the code comments.
Classify the following code comment as DEFECT, DESIGN, DOCUMENTATION, IMPLEMENTATION, or TEST.
Use just one class. Do not include any additional text.

### Input:
// TODO: Hard coded -. JDBC/ODBC bridge JDK1.4 // brings back -9 for nvarchar columns in // MS SQL Server tables. // -8 is ROWID in Oracle.

### Response:",DESIGN
"// entry exists, proxy doesn't match. replace. // this could happen if old proxy was gc'ed // TODO: raise exception if stored proxy is non-null? (not gc'ed)",DESIGN,"### Instruction: You are an AI assistant specialized in classifying code comments.
Your task is to analyze the code comments.
Classify the following code comment as DEFECT, DESIGN, DOCUMENTATION, IMPLEMENTATION, or TEST.
Use just one class. Do not include any additional text.

### Input:
// entry exists, proxy doesn't match. replace. // this could happen if old proxy was gc'ed // TODO: raise exception if stored proxy is non-null? (not gc'ed)

### Response:",TODO
// Split the methods into constructors and regular method lists,DESIGN,"### Instruction: You are an AI assistant specialized in classifying code comments.
Your task is to analyze the code comments.
Classify the following code comment as DEFECT, DESIGN, DOCUMENTATION, IMPLEMENTATION, or TEST.
Use just one class. Do not include any additional text.

### Input:
// Split the methods into constructors and regular method lists

### Response:",DOCUMENTATION
"//DMS Why not this? //new SubProgressMonitor(progressMonitor, 1));",DESIGN,"### Instruction: You are an AI assistant specialized in classifying code comments.
Your task is to analyze the code comments.
Classify the following code comment as DEFECT, DESIGN, DOCUMENTATION, IMPLEMENTATION, or TEST.
Use just one class. Do not include any additional text.

### Input:
//DMS Why not this? //new SubProgressMonitor(progressMonitor, 1));

### Response:",DOCUMENTATION
/** * Test the constructor used for loading a profile from a Jar file. * TODO: Test FigNode! * * Exception if something goes wrong */,TEST,"### Instruction: You are an AI assistant specialized in classifying code comments.
Your task is to analyze the code comments.
Classify the following code comment as DEFECT, DESIGN, DOCUMENTATION, IMPLEMENTATION, or TEST.
Use just one class. Do not include any additional text.

### Input:
/** * Test the constructor used for loading a profile from a Jar file. * TODO: Test FigNode! * * Exception if something goes wrong */

### Response:",TEST
// TODO: Implement following WFR for GeneralizableElements // [4] The parent must be included in the Namespace of the // GeneralizableElement. // self.generalization->forAll(g | // self.namespace.allContents->includes(g.parent) ) // return ModelManagementHelperMDRImpl.getContents(ns).contains( // gen.getParent());,IMPLEMENTATION,"### Instruction: You are an AI assistant specialized in classifying code comments.
Your task is to analyze the code comments.
Classify the following code comment as DEFECT, DESIGN, DOCUMENTATION, IMPLEMENTATION, or TEST.
Use just one class. Do not include any additional text.

### Input:
// TODO: Implement following WFR for GeneralizableElements // [4] The parent must be included in the Namespace of the // GeneralizableElement. // self.generalization->forAll(g | // self.namespace.allContents->includes(g.parent) ) // return ModelManagementHelperMDRImpl.getContents(ns).contains( // gen.getParent());

### Response:",IMPLEMENTATION
//Maybe do nothing at all?,DESIGN,"### Instruction: You are an AI assistant specialized in classifying code comments.
Your task is to analyze the code comments.
Classify the following code comment as DEFECT, DESIGN, DOCUMENTATION, IMPLEMENTATION, or TEST.
Use just one class. Do not include any additional text.

### Input:
//Maybe do nothing at all?

### Response:",DOCUMENTATION
"// TODO: This is a composite association, so these will get deleted // automatically. The only thing we need to do is check for any // additional elements that need to be deleted as a result.",DESIGN,"### Instruction: You are an AI assistant specialized in classifying code comments.
Your task is to analyze the code comments.
Classify the following code comment as DEFECT, DESIGN, DOCUMENTATION, IMPLEMENTATION, or TEST.
Use just one class. Do not include any additional text.

### Input:
// TODO: This is a composite association, so these will get deleted // automatically. The only thing we need to do is check for any // additional elements that need to be deleted as a result.

### Response:",DESIGN
/** * The target model element * In UML1.x this is the element that owns the expression. * In UML2.x this is the expression itself * TODO: This makes behaviour different enough that separate subclasses * should be considered. */,DESIGN,"### Instruction: You are an AI assistant specialized in classifying code comments.
Your task is to analyze the code comments.
Classify the following code comment as DEFECT, DESIGN, DOCUMENTATION, IMPLEMENTATION, or TEST.
Use just one class. Do not include any additional text.

### Input:
/** * The target model element * In UML1.x this is the element that owns the expression. * In UML2.x this is the expression itself * TODO: This makes behaviour different enough that separate subclasses * should be considered. */

### Response:",DESIGN
// ignored - it shouldn't have been in the project in the 1st place,IMPLEMENTATION,"### Instruction: You are an AI assistant specialized in classifying code comments.
Your task is to analyze the code comments.
Classify the following code comment as DEFECT, DESIGN, DOCUMENTATION, IMPLEMENTATION, or TEST.
Use just one class. Do not include any additional text.

### Input:
// ignored - it shouldn't have been in the project in the 1st place

### Response:",DOCUMENTATION
// implement the recursion for getClassImpl(),IMPLEMENTATION,"### Instruction: You are an AI assistant specialized in classifying code comments.
Your task is to analyze the code comments.
Classify the following code comment as DEFECT, DESIGN, DOCUMENTATION, IMPLEMENTATION, or TEST.
Use just one class. Do not include any additional text.

### Input:
// implement the recursion for getClassImpl()

### Response:",IMPLEMENTATION
//TODO no methods yet for getClassname //TODO no method for newInstance using a reverse-classloader,IMPLEMENTATION,"### Instruction: You are an AI assistant specialized in classifying code comments.
Your task is to analyze the code comments.
Classify the following code comment as DEFECT, DESIGN, DOCUMENTATION, IMPLEMENTATION, or TEST.
Use just one class. Do not include any additional text.

### Input:
//TODO no methods yet for getClassname //TODO no method for newInstance using a reverse-classloader

### Response:",TODO
"//TODO: make EntityPersister *not* depend on SessionFactoryImplementor //interface, if possible",DESIGN,"### Instruction: You are an AI assistant specialized in classifying code comments.
Your task is to analyze the code comments.
Classify the following code comment as DEFECT, DESIGN, DOCUMENTATION, IMPLEMENTATION, or TEST.
Use just one class. Do not include any additional text.

### Input:
//TODO: make EntityPersister *not* depend on SessionFactoryImplementor //interface, if possible

### Response:",DESIGN
// not needed,IMPLEMENTATION,"### Instruction: You are an AI assistant specialized in classifying code comments.
Your task is to analyze the code comments.
Classify the following code comment as DEFECT, DESIGN, DOCUMENTATION, IMPLEMENTATION, or TEST.
Use just one class. Do not include any additional text.

### Input:
// not needed

### Response:",DOCUMENTATION
// TODO: This needs to be managed on a per-project or per-model/extent // basis,DESIGN,"### Instruction: You are an AI assistant specialized in classifying code comments.
Your task is to analyze the code comments.
Classify the following code comment as DEFECT, DESIGN, DOCUMENTATION, IMPLEMENTATION, or TEST.
Use just one class. Do not include any additional text.

### Input:
// TODO: This needs to be managed on a per-project or per-model/extent // basis

### Response:",DESIGN
// TODO should this throw an error?,DESIGN,"### Instruction: You are an AI assistant specialized in classifying code comments.
Your task is to analyze the code comments.
Classify the following code comment as DEFECT, DESIGN, DOCUMENTATION, IMPLEMENTATION, or TEST.
Use just one class. Do not include any additional text.

### Input:
// TODO should this throw an error?

### Response:",TODO
// TODO: It doesn't matter what these get set to because GEF can't // draw anything except 1 pixel wide lines,DESIGN,"### Instruction: You are an AI assistant specialized in classifying code comments.
Your task is to analyze the code comments.
Classify the following code comment as DEFECT, DESIGN, DOCUMENTATION, IMPLEMENTATION, or TEST.
Use just one class. Do not include any additional text.

### Input:
// TODO: It doesn't matter what these get set to because GEF can't // draw anything except 1 pixel wide lines

### Response:",DOCUMENTATION
// TODO : not sure the best way to handle this. // The non-performant way :,DESIGN,"### Instruction: You are an AI assistant specialized in classifying code comments.
Your task is to analyze the code comments.
Classify the following code comment as DEFECT, DESIGN, DOCUMENTATION, IMPLEMENTATION, or TEST.
Use just one class. Do not include any additional text.

### Input:
// TODO : not sure the best way to handle this. // The non-performant way :

### Response:",DOCUMENTATION
//TODO: shift block right by half,DESIGN,"### Instruction: You are an AI assistant specialized in classifying code comments.
Your task is to analyze the code comments.
Classify the following code comment as DEFECT, DESIGN, DOCUMENTATION, IMPLEMENTATION, or TEST.
Use just one class. Do not include any additional text.

### Input:
//TODO: shift block right by half

### Response:",TODO: DESIGN
"/** * Information about a source unit and its content, whether * it exists only in memory or it's stored in a file. * * TODO: Making this an interface instead of a class would allow * more flexibility in dealing with non-file-based resources. - tfm * * aslo */",DESIGN,"### Instruction: You are an AI assistant specialized in classifying code comments.
Your task is to analyze the code comments.
Classify the following code comment as DEFECT, DESIGN, DOCUMENTATION, IMPLEMENTATION, or TEST.
Use just one class. Do not include any additional text.

### Input:
/** * Information about a source unit and its content, whether * it exists only in memory or it's stored in a file. * * TODO: Making this an interface instead of a class would allow * more flexibility in dealing with non-file-based resources. - tfm * * aslo */

### Response:",DESIGN
"// If any subexpressions didn't terminate, they don't count // TODO check if this code ever gets hit",DESIGN,"### Instruction: You are an AI assistant specialized in classifying code comments.
Your task is to analyze the code comments.
Classify the following code comment as DEFECT, DESIGN, DOCUMENTATION, IMPLEMENTATION, or TEST.
Use just one class. Do not include any additional text.

### Input:
// If any subexpressions didn't terminate, they don't count // TODO check if this code ever gets hit

### Response:",TODO
"// TODO: This code appears to be designed to jump to the diagram // containing the contents of the package that was double clicked // but it looks like it's always searching for the name ""main"" // instead of the package name. // TODO: But in any case, it should be delegating this work to // to something that knows about the diagrams and they contents -tfm",DESIGN,"### Instruction: You are an AI assistant specialized in classifying code comments.
Your task is to analyze the code comments.
Classify the following code comment as DEFECT, DESIGN, DOCUMENTATION, IMPLEMENTATION, or TEST.
Use just one class. Do not include any additional text.

### Input:
// TODO: This code appears to be designed to jump to the diagram // containing the contents of the package that was double clicked // but it looks like it's always searching for the name ""main"" // instead of the package name. // TODO: But in any case, it should be delegating this work to // to something that knows about the diagrams and they contents -tfm

### Response:",DESIGN
// TODO: deal with varargs,IMPLEMENTATION,"### Instruction: You are an AI assistant specialized in classifying code comments.
Your task is to analyze the code comments.
Classify the following code comment as DEFECT, DESIGN, DOCUMENTATION, IMPLEMENTATION, or TEST.
Use just one class. Do not include any additional text.

### Input:
// TODO: deal with varargs

### Response:","TODO: This is a common keyword used in software development to denote tasks that have been identified but not yet completed. In this case, it is a DESIGN comment as it suggests a design decision that needs to be made or implemented."
// Workaround for JRUBY-4149,DESIGN,"### Instruction: You are an AI assistant specialized in classifying code comments.
Your task is to analyze the code comments.
Classify the following code comment as DEFECT, DESIGN, DOCUMENTATION, IMPLEMENTATION, or TEST.
Use just one class. Do not include any additional text.

### Input:
// Workaround for JRUBY-4149

### Response:",DEFECT
// XXX - we are committing CombiningChar and Extender here,DESIGN,"### Instruction: You are an AI assistant specialized in classifying code comments.
Your task is to analyze the code comments.
Classify the following code comment as DEFECT, DESIGN, DOCUMENTATION, IMPLEMENTATION, or TEST.
Use just one class. Do not include any additional text.

### Input:
// XXX - we are committing CombiningChar and Extender here

### Response:",DOCUMENTATION
// not needed,IMPLEMENTATION,"### Instruction: You are an AI assistant specialized in classifying code comments.
Your task is to analyze the code comments.
Classify the following code comment as DEFECT, DESIGN, DOCUMENTATION, IMPLEMENTATION, or TEST.
Use just one class. Do not include any additional text.

### Input:
// not needed

### Response:",DOCUMENTATION
// TODO: This is updating model on a per character basis as // well as unregistering/reregistering event listeners every // character - very wasteful - tfm,IMPLEMENTATION,"### Instruction: You are an AI assistant specialized in classifying code comments.
Your task is to analyze the code comments.
Classify the following code comment as DEFECT, DESIGN, DOCUMENTATION, IMPLEMENTATION, or TEST.
Use just one class. Do not include any additional text.

### Input:
// TODO: This is updating model on a per character basis as // well as unregistering/reregistering event listeners every // character - very wasteful - tfm

### Response:",DESIGN
// All keys in messages.properties are lowercase (historical reasons?),DESIGN,"### Instruction: You are an AI assistant specialized in classifying code comments.
Your task is to analyze the code comments.
Classify the following code comment as DEFECT, DESIGN, DOCUMENTATION, IMPLEMENTATION, or TEST.
Use just one class. Do not include any additional text.

### Input:
// All keys in messages.properties are lowercase (historical reasons?)

### Response:",DOCUMENTATION
/** * TODO: this is not done yet. Eventually this will also * feed the rational log. */,IMPLEMENTATION,"### Instruction: You are an AI assistant specialized in classifying code comments.
Your task is to analyze the code comments.
Classify the following code comment as DEFECT, DESIGN, DOCUMENTATION, IMPLEMENTATION, or TEST.
Use just one class. Do not include any additional text.

### Input:
/** * TODO: this is not done yet. Eventually this will also * feed the rational log. */

### Response:",TODO
"// TODO: Figure out why the selection of the root node in the object tree // is undone if we don't delay. It seems like some other thread racing // to set the selected node to none. When this happens, the detail pane // for the root node disappears when a session is first opened, or when // an ObjectTree frame is created. This is a really crappy and unreliable // way to fix this problem, but it hides the problem for now. A better // understanding of the architecture of session creation is required // before a proper solution can be attempted. RMM 20051217",DESIGN,"### Instruction: You are an AI assistant specialized in classifying code comments.
Your task is to analyze the code comments.
Classify the following code comment as DEFECT, DESIGN, DOCUMENTATION, IMPLEMENTATION, or TEST.
Use just one class. Do not include any additional text.

### Input:
// TODO: Figure out why the selection of the root node in the object tree // is undone if we don't delay. It seems like some other thread racing // to set the selected node to none. When this happens, the detail pane // for the root node disappears when a session is first opened, or when // an ObjectTree frame is created. This is a really crappy and unreliable // way to fix this problem, but it hides the problem for now. A better // understanding of the architecture of session creation is required // before a proper solution can be attempted. RMM 20051217

### Response:",DESIGN
//TODO: handle property-ref,IMPLEMENTATION,"### Instruction: You are an AI assistant specialized in classifying code comments.
Your task is to analyze the code comments.
Classify the following code comment as DEFECT, DESIGN, DOCUMENTATION, IMPLEMENTATION, or TEST.
Use just one class. Do not include any additional text.

### Input:
//TODO: handle property-ref

### Response:","TODO: This is a common keyword used in task management, indicating that a specific task or action is yet to be implemented. In this case, it suggests that the property-ref needs to be handled. Therefore, the classification is IMPLEMENTATION."
/* Primary interpreter set and get variable methods Note: These are squeltching errors... should they? */,DESIGN,"### Instruction: You are an AI assistant specialized in classifying code comments.
Your task is to analyze the code comments.
Classify the following code comment as DEFECT, DESIGN, DOCUMENTATION, IMPLEMENTATION, or TEST.
Use just one class. Do not include any additional text.

### Input:
/* Primary interpreter set and get variable methods Note: These are squeltching errors... should they? */

### Response:",DOCUMENTATION
// TODO: better algorithm to set precision needed,DESIGN,"### Instruction: You are an AI assistant specialized in classifying code comments.
Your task is to analyze the code comments.
Classify the following code comment as DEFECT, DESIGN, DOCUMENTATION, IMPLEMENTATION, or TEST.
Use just one class. Do not include any additional text.

### Input:
// TODO: better algorithm to set precision needed

### Response:","TODO: This is a common tag used for tasks that need to be addressed in the future, which falls under the category of DOCUMENTATION."
"// FIXME: bit of a kludge here (non-interface classes assigned to both // class and module fields). simplifies proxy extender code, will go away // when JI is overhauled (and proxy extenders are deprecated).",DESIGN,"### Instruction: You are an AI assistant specialized in classifying code comments.
Your task is to analyze the code comments.
Classify the following code comment as DEFECT, DESIGN, DOCUMENTATION, IMPLEMENTATION, or TEST.
Use just one class. Do not include any additional text.

### Input:
// FIXME: bit of a kludge here (non-interface classes assigned to both // class and module fields). simplifies proxy extender code, will go away // when JI is overhauled (and proxy extenders are deprecated).

### Response:",DESIGN
// Motif kludge: we would get something random instead of null. //,DESIGN,"### Instruction: You are an AI assistant specialized in classifying code comments.
Your task is to analyze the code comments.
Classify the following code comment as DEFECT, DESIGN, DOCUMENTATION, IMPLEMENTATION, or TEST.
Use just one class. Do not include any additional text.

### Input:
// Motif kludge: we would get something random instead of null. //

### Response:",DESIGN
"// TODO: To enable models and subsystems, change this flag // Work started by Markus I believe where does this stand? - Bob.",IMPLEMENTATION,"### Instruction: You are an AI assistant specialized in classifying code comments.
Your task is to analyze the code comments.
Classify the following code comment as DEFECT, DESIGN, DOCUMENTATION, IMPLEMENTATION, or TEST.
Use just one class. Do not include any additional text.

### Input:
// TODO: To enable models and subsystems, change this flag // Work started by Markus I believe where does this stand? - Bob.

### Response:",DOCUMENTATION
// TODO understand qualifiers,IMPLEMENTATION,"### Instruction: You are an AI assistant specialized in classifying code comments.
Your task is to analyze the code comments.
Classify the following code comment as DEFECT, DESIGN, DOCUMENTATION, IMPLEMENTATION, or TEST.
Use just one class. Do not include any additional text.

### Input:
// TODO understand qualifiers

### Response:",TODO - DESIGN
/* The next line does not work: */,DEFECT,"### Instruction: You are an AI assistant specialized in classifying code comments.
Your task is to analyze the code comments.
Classify the following code comment as DEFECT, DESIGN, DOCUMENTATION, IMPLEMENTATION, or TEST.
Use just one class. Do not include any additional text.

### Input:
/* The next line does not work: */

### Response:",TEST
// TODO : add this info to the translator and aggregate it here...,DESIGN,"### Instruction: You are an AI assistant specialized in classifying code comments.
Your task is to analyze the code comments.
Classify the following code comment as DEFECT, DESIGN, DOCUMENTATION, IMPLEMENTATION, or TEST.
Use just one class. Do not include any additional text.

### Input:
// TODO : add this info to the translator and aggregate it here...

### Response:",DOCUMENTATION
"// TODO: // MRI behavior: Call ""+"" or ""add"", depending on the call. // But this leads to exceptions when Floats are added. See: // // return callCoerced(context, op, b, true); -- this is MRI behavior. // We'll use ours for now, thus providing an ability to add Floats.",DESIGN,"### Instruction: You are an AI assistant specialized in classifying code comments.
Your task is to analyze the code comments.
Classify the following code comment as DEFECT, DESIGN, DOCUMENTATION, IMPLEMENTATION, or TEST.
Use just one class. Do not include any additional text.

### Input:
// TODO: // MRI behavior: Call ""+"" or ""add"", depending on the call. // But this leads to exceptions when Floats are added. See: // // return callCoerced(context, op, b, true); -- this is MRI behavior. // We'll use ours for now, thus providing an ability to add Floats.

### Response:",IMPLEMENTATION
"// TODO Should this be OK ? //assertEquals(contentEncoding, s.getContentEncoding()); // Check arguments // We should have one argument, with the value equal to the post body",DESIGN,"### Instruction: You are an AI assistant specialized in classifying code comments.
Your task is to analyze the code comments.
Classify the following code comment as DEFECT, DESIGN, DOCUMENTATION, IMPLEMENTATION, or TEST.
Use just one class. Do not include any additional text.

### Input:
// TODO Should this be OK ? //assertEquals(contentEncoding, s.getContentEncoding()); // Check arguments // We should have one argument, with the value equal to the post body

### Response:",TEST
"//DMS Why not this? //new SubProgressMonitor(progressMonitor, 1));",DESIGN,"### Instruction: You are an AI assistant specialized in classifying code comments.
Your task is to analyze the code comments.
Classify the following code comment as DEFECT, DESIGN, DOCUMENTATION, IMPLEMENTATION, or TEST.
Use just one class. Do not include any additional text.

### Input:
//DMS Why not this? //new SubProgressMonitor(progressMonitor, 1));

### Response:",DOCUMENTATION
/** * Models the designers goals in making this design. Provides useful * control information to the Agency so that only critics relevant to * the designers goals are ever executed. * * TODO: Really this should be part of a domain extension * and not the kernel. I have not developed this part of Argo very * much. * * Jason Robbins */,DESIGN,"### Instruction: You are an AI assistant specialized in classifying code comments.
Your task is to analyze the code comments.
Classify the following code comment as DEFECT, DESIGN, DOCUMENTATION, IMPLEMENTATION, or TEST.
Use just one class. Do not include any additional text.

### Input:
/** * Models the designers goals in making this design. Provides useful * control information to the Agency so that only critics relevant to * the designers goals are ever executed. * * TODO: Really this should be part of a domain extension * and not the kernel. I have not developed this part of Argo very * much. * * Jason Robbins */

### Response:",DESIGN
"/** * Return a list of gravity points around circle which is enclosed * in the bounding box. Convenience method for use by FigInitialState * and FigFinalState. * TODO: As this method is not required by all sub classes, * it would seem sensible to extend FigStateVertex with FigCircleVertex * and only have the relevant concrete Figs extend that and gain this * functionality. * a List of Points */",DESIGN,"### Instruction: You are an AI assistant specialized in classifying code comments.
Your task is to analyze the code comments.
Classify the following code comment as DEFECT, DESIGN, DOCUMENTATION, IMPLEMENTATION, or TEST.
Use just one class. Do not include any additional text.

### Input:
/** * Return a list of gravity points around circle which is enclosed * in the bounding box. Convenience method for use by FigInitialState * and FigFinalState. * TODO: As this method is not required by all sub classes, * it would seem sensible to extend FigStateVertex with FigCircleVertex * and only have the relevant concrete Figs extend that and gain this * functionality. * a List of Points */

### Response:",DESIGN
"/* * java.awt.event.ActionListener actionPerformed(java.awt.event.ActionEvent) * TODO: From ComboBox javadoc - ""This method is public as an * implementation side effect. do not call or override."" * We should find some other way to implement this. */",DESIGN,"### Instruction: You are an AI assistant specialized in classifying code comments.
Your task is to analyze the code comments.
Classify the following code comment as DEFECT, DESIGN, DOCUMENTATION, IMPLEMENTATION, or TEST.
Use just one class. Do not include any additional text.

### Input:
/* * java.awt.event.ActionListener actionPerformed(java.awt.event.ActionEvent) * TODO: From ComboBox javadoc - ""This method is public as an * implementation side effect. do not call or override."" * We should find some other way to implement this. */

### Response:",DESIGN
// TODO: Check this result...,DEFECT,"### Instruction: You are an AI assistant specialized in classifying code comments.
Your task is to analyze the code comments.
Classify the following code comment as DEFECT, DESIGN, DOCUMENTATION, IMPLEMENTATION, or TEST.
Use just one class. Do not include any additional text.

### Input:
// TODO: Check this result...

### Response:","TODO: This comment is a type of DOCUMENTATION, as it is a reminder for future work or actions that need to be taken."
// not needed,IMPLEMENTATION,"### Instruction: You are an AI assistant specialized in classifying code comments.
Your task is to analyze the code comments.
Classify the following code comment as DEFECT, DESIGN, DOCUMENTATION, IMPLEMENTATION, or TEST.
Use just one class. Do not include any additional text.

### Input:
// not needed

### Response:",DOCUMENTATION
// Create block for this iter node // FIXME: We shouldn't use the current scope if it's not actually from the same hierarchy of static scopes,DESIGN,"### Instruction: You are an AI assistant specialized in classifying code comments.
Your task is to analyze the code comments.
Classify the following code comment as DEFECT, DESIGN, DOCUMENTATION, IMPLEMENTATION, or TEST.
Use just one class. Do not include any additional text.

### Input:
// Create block for this iter node // FIXME: We shouldn't use the current scope if it's not actually from the same hierarchy of static scopes

### Response:",DESIGN
// TODO: no need to calculate every time.,IMPLEMENTATION,"### Instruction: You are an AI assistant specialized in classifying code comments.
Your task is to analyze the code comments.
Classify the following code comment as DEFECT, DESIGN, DOCUMENTATION, IMPLEMENTATION, or TEST.
Use just one class. Do not include any additional text.

### Input:
// TODO: no need to calculate every time.

### Response:",DOCUMENTATION
// charAt(index-n) may be unknown on a Reader/InputStream. FIXME // Match after a newline if in multiline mode,DEFECT,"### Instruction: You are an AI assistant specialized in classifying code comments.
Your task is to analyze the code comments.
Classify the following code comment as DEFECT, DESIGN, DOCUMENTATION, IMPLEMENTATION, or TEST.
Use just one class. Do not include any additional text.

### Input:
// charAt(index-n) may be unknown on a Reader/InputStream. FIXME // Match after a newline if in multiline mode

### Response:",DESIGN
// TODO ( fdietz): add error dialog,IMPLEMENTATION,"### Instruction: You are an AI assistant specialized in classifying code comments.
Your task is to analyze the code comments.
Classify the following code comment as DEFECT, DESIGN, DOCUMENTATION, IMPLEMENTATION, or TEST.
Use just one class. Do not include any additional text.

### Input:
// TODO ( fdietz): add error dialog

### Response:",DOCUMENTATION
//TODO: this requires that the collection is defined after the // referenced property in the mapping file (ok?),DEFECT,"### Instruction: You are an AI assistant specialized in classifying code comments.
Your task is to analyze the code comments.
Classify the following code comment as DEFECT, DESIGN, DOCUMENTATION, IMPLEMENTATION, or TEST.
Use just one class. Do not include any additional text.

### Input:
//TODO: this requires that the collection is defined after the // referenced property in the mapping file (ok?)

### Response:",DOCUMENTATION
/** * TODO: * comment field doesn't include all options yet */,IMPLEMENTATION,"### Instruction: You are an AI assistant specialized in classifying code comments.
Your task is to analyze the code comments.
Classify the following code comment as DEFECT, DESIGN, DOCUMENTATION, IMPLEMENTATION, or TEST.
Use just one class. Do not include any additional text.

### Input:
/** * TODO: * comment field doesn't include all options yet */

### Response:",DOCUMENTATION
// self = args[0] // SSS FIXME: Verify that this is correct,DESIGN,"### Instruction: You are an AI assistant specialized in classifying code comments.
Your task is to analyze the code comments.
Classify the following code comment as DEFECT, DESIGN, DOCUMENTATION, IMPLEMENTATION, or TEST.
Use just one class. Do not include any additional text.

### Input:
// self = args[0] // SSS FIXME: Verify that this is correct

### Response:",DEFECT
// TODO: Move to different class?,DESIGN,"### Instruction: You are an AI assistant specialized in classifying code comments.
Your task is to analyze the code comments.
Classify the following code comment as DEFECT, DESIGN, DOCUMENTATION, IMPLEMENTATION, or TEST.
Use just one class. Do not include any additional text.

### Input:
// TODO: Move to different class?

### Response:",DESIGN
"// TODO: Implement tty? and isatty. We have no real capability to // determine this from java, but if we could set tty status, then // we could invoke jruby differently to allow stdin to return true // on this. This would allow things like cgi.rb to work properly.",DESIGN,"### Instruction: You are an AI assistant specialized in classifying code comments.
Your task is to analyze the code comments.
Classify the following code comment as DEFECT, DESIGN, DOCUMENTATION, IMPLEMENTATION, or TEST.
Use just one class. Do not include any additional text.

### Input:
// TODO: Implement tty? and isatty. We have no real capability to // determine this from java, but if we could set tty status, then // we could invoke jruby differently to allow stdin to return true // on this. This would allow things like cgi.rb to work properly.

### Response:",DESIGN
"//DMS Why not this? //new SubProgressMonitor(progressMonitor, 1));",DESIGN,"### Instruction: You are an AI assistant specialized in classifying code comments.
Your task is to analyze the code comments.
Classify the following code comment as DEFECT, DESIGN, DOCUMENTATION, IMPLEMENTATION, or TEST.
Use just one class. Do not include any additional text.

### Input:
//DMS Why not this? //new SubProgressMonitor(progressMonitor, 1));

### Response:",DOCUMENTATION
// TODO: don't require pop,DEFECT,"### Instruction: You are an AI assistant specialized in classifying code comments.
Your task is to analyze the code comments.
Classify the following code comment as DEFECT, DESIGN, DOCUMENTATION, IMPLEMENTATION, or TEST.
Use just one class. Do not include any additional text.

### Input:
// TODO: don't require pop

### Response:","TODO: This is a common tag used for indicating that a specific task or feature is yet to be implemented. In this case, it suggests that the requirement to not require 'pop' is not yet implemented. Therefore, the classification is IMPLEMENTATION."
/** * Create an empty but initialized instance of a UML AssociationEnd. * * an initialized UML AssociationEnd instance. * TODO: This needs an extra parameter to specify the model/extent where * the new element should be created. */,DESIGN,"### Instruction: You are an AI assistant specialized in classifying code comments.
Your task is to analyze the code comments.
Classify the following code comment as DEFECT, DESIGN, DOCUMENTATION, IMPLEMENTATION, or TEST.
Use just one class. Do not include any additional text.

### Input:
/** * Create an empty but initialized instance of a UML AssociationEnd. * * an initialized UML AssociationEnd instance. * TODO: This needs an extra parameter to specify the model/extent where * the new element should be created. */

### Response:",TODO: This needs an extra parameter to specify the model/extent where the new element should be created. (This is a DESIGN comment as it suggests a change or improvement in the design of the code.)
// TODO: use the destination database type to derive a format // that is acceptable.,IMPLEMENTATION,"### Instruction: You are an AI assistant specialized in classifying code comments.
Your task is to analyze the code comments.
Classify the following code comment as DEFECT, DESIGN, DOCUMENTATION, IMPLEMENTATION, or TEST.
Use just one class. Do not include any additional text.

### Input:
// TODO: use the destination database type to derive a format // that is acceptable.

### Response:",DESIGN
// TODO: don't require pop,DEFECT,"### Instruction: You are an AI assistant specialized in classifying code comments.
Your task is to analyze the code comments.
Classify the following code comment as DEFECT, DESIGN, DOCUMENTATION, IMPLEMENTATION, or TEST.
Use just one class. Do not include any additional text.

### Input:
// TODO: don't require pop

### Response:","TODO: This is a common tag used for indicating that a specific task or feature is yet to be implemented. In this case, it suggests that the requirement to not require 'pop' is not yet implemented. Therefore, the classification is IMPLEMENTATION."
/** * Find the Icon for a given model element. * * The Icon or <code>null</code> if there is no Icon. * value The model element. * * TODO: This should not use string matching on classnames to do this * since this means that we have knowledge about how the model * elements are implemented outside of the Model component. */,DESIGN,"### Instruction: You are an AI assistant specialized in classifying code comments.
Your task is to analyze the code comments.
Classify the following code comment as DEFECT, DESIGN, DOCUMENTATION, IMPLEMENTATION, or TEST.
Use just one class. Do not include any additional text.

### Input:
/** * Find the Icon for a given model element. * * The Icon or <code>null</code> if there is no Icon. * value The model element. * * TODO: This should not use string matching on classnames to do this * since this means that we have knowledge about how the model * elements are implemented outside of the Model component. */

### Response:",DESIGN
// TODO: Having Critics actions here introduces an unnecessary // dependency on the Critics subsystem. Have it register its // desired actions using an extension mechanism - tfm,DESIGN,"### Instruction: You are an AI assistant specialized in classifying code comments.
Your task is to analyze the code comments.
Classify the following code comment as DEFECT, DESIGN, DOCUMENTATION, IMPLEMENTATION, or TEST.
Use just one class. Do not include any additional text.

### Input:
// TODO: Having Critics actions here introduces an unnecessary // dependency on the Critics subsystem. Have it register its // desired actions using an extension mechanism - tfm

### Response:",DESIGN
"// Don't allow connections to be created from a read only // model element to any other // TODO: This should be considered a workaround. It only works // because, by default, we place newly created relationships in // the namespace of the fromElement. The correct behavior in // the presence of read-only elements really depends on the type of // connection as well as the writeability of both ends.",DESIGN,"### Instruction: You are an AI assistant specialized in classifying code comments.
Your task is to analyze the code comments.
Classify the following code comment as DEFECT, DESIGN, DOCUMENTATION, IMPLEMENTATION, or TEST.
Use just one class. Do not include any additional text.

### Input:
// Don't allow connections to be created from a read only // model element to any other // TODO: This should be considered a workaround. It only works // because, by default, we place newly created relationships in // the namespace of the fromElement. The correct behavior in // the presence of read-only elements really depends on the type of // connection as well as the writeability of both ends.

### Response:",TODO
// TODO - how can this be null?,DEFECT,"### Instruction: You are an AI assistant specialized in classifying code comments.
Your task is to analyze the code comments.
Classify the following code comment as DEFECT, DESIGN, DOCUMENTATION, IMPLEMENTATION, or TEST.
Use just one class. Do not include any additional text.

### Input:
// TODO - how can this be null?

### Response:",DOCUMENTATION
// TODO: Move the magic number 4 to a descriptive constant,DESIGN,"### Instruction: You are an AI assistant specialized in classifying code comments.
Your task is to analyze the code comments.
Classify the following code comment as DEFECT, DESIGN, DOCUMENTATION, IMPLEMENTATION, or TEST.
Use just one class. Do not include any additional text.

### Input:
// TODO: Move the magic number 4 to a descriptive constant

### Response:",DOCUMENTATION
// TODO: Lets move this behind the model interface,DESIGN,"### Instruction: You are an AI assistant specialized in classifying code comments.
Your task is to analyze the code comments.
Classify the following code comment as DEFECT, DESIGN, DOCUMENTATION, IMPLEMENTATION, or TEST.
Use just one class. Do not include any additional text.

### Input:
// TODO: Lets move this behind the model interface

### Response:",DESIGN
"// Get available screens // O(n this is nasty, but since we aren't dealling with // many items it should be fine",DESIGN,"### Instruction: You are an AI assistant specialized in classifying code comments.
Your task is to analyze the code comments.
Classify the following code comment as DEFECT, DESIGN, DOCUMENTATION, IMPLEMENTATION, or TEST.
Use just one class. Do not include any additional text.

### Input:
// Get available screens // O(n this is nasty, but since we aren't dealling with // many items it should be fine

### Response:",DOCUMENTATION
// TODO: This method can be replaced by getClass().getSimpleName() // when Argo drops support for Java versions < 1.5,DESIGN,"### Instruction: You are an AI assistant specialized in classifying code comments.
Your task is to analyze the code comments.
Classify the following code comment as DEFECT, DESIGN, DOCUMENTATION, IMPLEMENTATION, or TEST.
Use just one class. Do not include any additional text.

### Input:
// TODO: This method can be replaced by getClass().getSimpleName() // when Argo drops support for Java versions < 1.5

### Response:",DOCUMENTATION
// TODO: Make into an assert once I get things like blockbodynodes to be implicit nil,TEST,"### Instruction: You are an AI assistant specialized in classifying code comments.
Your task is to analyze the code comments.
Classify the following code comment as DEFECT, DESIGN, DOCUMENTATION, IMPLEMENTATION, or TEST.
Use just one class. Do not include any additional text.

### Input:
// TODO: Make into an assert once I get things like blockbodynodes to be implicit nil

### Response:",TEST
// not needed,IMPLEMENTATION,"### Instruction: You are an AI assistant specialized in classifying code comments.
Your task is to analyze the code comments.
Classify the following code comment as DEFECT, DESIGN, DOCUMENTATION, IMPLEMENTATION, or TEST.
Use just one class. Do not include any additional text.

### Input:
// not needed

### Response:",DOCUMENTATION
//TODO: BUG! this currently fails for named queries for non-POJO entities,DEFECT,"### Instruction: You are an AI assistant specialized in classifying code comments.
Your task is to analyze the code comments.
Classify the following code comment as DEFECT, DESIGN, DOCUMENTATION, IMPLEMENTATION, or TEST.
Use just one class. Do not include any additional text.

### Input:
//TODO: BUG! this currently fails for named queries for non-POJO entities

### Response:",DEFECT
// TODO: this isn't handling multibyte yet,IMPLEMENTATION,"### Instruction: You are an AI assistant specialized in classifying code comments.
Your task is to analyze the code comments.
Classify the following code comment as DEFECT, DESIGN, DOCUMENTATION, IMPLEMENTATION, or TEST.
Use just one class. Do not include any additional text.

### Input:
// TODO: this isn't handling multibyte yet

### Response:",DOCUMENTATION
// TODO should this implement supportsCustomEditor() ?,DESIGN,"### Instruction: You are an AI assistant specialized in classifying code comments.
Your task is to analyze the code comments.
Classify the following code comment as DEFECT, DESIGN, DOCUMENTATION, IMPLEMENTATION, or TEST.
Use just one class. Do not include any additional text.

### Input:
// TODO should this implement supportsCustomEditor() ?

### Response:",TODO
// TODO: this doesn't belong in the implementation specific piece - tfm,DESIGN,"### Instruction: You are an AI assistant specialized in classifying code comments.
Your task is to analyze the code comments.
Classify the following code comment as DEFECT, DESIGN, DOCUMENTATION, IMPLEMENTATION, or TEST.
Use just one class. Do not include any additional text.

### Input:
// TODO: this doesn't belong in the implementation specific piece - tfm

### Response:",DOCUMENTATION
"// ignore it; the incoming property could not be found so we // cannot be sure what to do here. At the very least, the // safest is to simply not apply any dereference toggling...",DESIGN,"### Instruction: You are an AI assistant specialized in classifying code comments.
Your task is to analyze the code comments.
Classify the following code comment as DEFECT, DESIGN, DOCUMENTATION, IMPLEMENTATION, or TEST.
Use just one class. Do not include any additional text.

### Input:
// ignore it; the incoming property could not be found so we // cannot be sure what to do here. At the very least, the // safest is to simply not apply any dereference toggling...

### Response:",DOCUMENTATION
/** * Returns names of all metatypes in metamodel. * * TODO: This method rightly belongs in a separate interface dealing * with instances of MOF types as opposed to UML types like all the * rest of the methods here do. * * Collection containing Strings with names of all metatypes */,DESIGN,"### Instruction: You are an AI assistant specialized in classifying code comments.
Your task is to analyze the code comments.
Classify the following code comment as DEFECT, DESIGN, DOCUMENTATION, IMPLEMENTATION, or TEST.
Use just one class. Do not include any additional text.

### Input:
/** * Returns names of all metatypes in metamodel. * * TODO: This method rightly belongs in a separate interface dealing * with instances of MOF types as opposed to UML types like all the * rest of the methods here do. * * Collection containing Strings with names of all metatypes */

### Response:",DESIGN
// TODO: Needs to be tidied up after stable release. Graph model // should be created in constructor,DESIGN,"### Instruction: You are an AI assistant specialized in classifying code comments.
Your task is to analyze the code comments.
Classify the following code comment as DEFECT, DESIGN, DOCUMENTATION, IMPLEMENTATION, or TEST.
Use just one class. Do not include any additional text.

### Input:
// TODO: Needs to be tidied up after stable release. Graph model // should be created in constructor

### Response:",DESIGN
"// Create our bandbuffer which is just a small slice of the image // TODO: We used a fixed height buffer now, but we could be smarter and // compute a height which would fit in some memory budget, allowing us // to use taller buffers with narrower images, minimizing the overhead // of multiple rendering passes",DESIGN,"### Instruction: You are an AI assistant specialized in classifying code comments.
Your task is to analyze the code comments.
Classify the following code comment as DEFECT, DESIGN, DOCUMENTATION, IMPLEMENTATION, or TEST.
Use just one class. Do not include any additional text.

### Input:
// Create our bandbuffer which is just a small slice of the image // TODO: We used a fixed height buffer now, but we could be smarter and // compute a height which would fit in some memory budget, allowing us // to use taller buffers with narrower images, minimizing the overhead // of multiple rendering passes

### Response:",DESIGN
"// TODO do tests for infix operators (8.4.7), // even though it is not yet supported",TEST,"### Instruction: You are an AI assistant specialized in classifying code comments.
Your task is to analyze the code comments.
Classify the following code comment as DEFECT, DESIGN, DOCUMENTATION, IMPLEMENTATION, or TEST.
Use just one class. Do not include any additional text.

### Input:
// TODO do tests for infix operators (8.4.7), // even though it is not yet supported

### Response:",TEST
/* SSS FIXME: Do we need to check if l is same as whatever popped? */,DESIGN,"### Instruction: You are an AI assistant specialized in classifying code comments.
Your task is to analyze the code comments.
Classify the following code comment as DEFECT, DESIGN, DOCUMENTATION, IMPLEMENTATION, or TEST.
Use just one class. Do not include any additional text.

### Input:
/* SSS FIXME: Do we need to check if l is same as whatever popped? */

### Response:",DOCUMENTATION
// hack... sticking to first interpreter that resolves this // see comments on type instance variable,DESIGN,"### Instruction: You are an AI assistant specialized in classifying code comments.
Your task is to analyze the code comments.
Classify the following code comment as DEFECT, DESIGN, DOCUMENTATION, IMPLEMENTATION, or TEST.
Use just one class. Do not include any additional text.

### Input:
// hack... sticking to first interpreter that resolves this // see comments on type instance variable

### Response:",DESIGN
// FIXME: what should this really be? assert x instanceof RubyComplex;,DESIGN,"### Instruction: You are an AI assistant specialized in classifying code comments.
Your task is to analyze the code comments.
Classify the following code comment as DEFECT, DESIGN, DOCUMENTATION, IMPLEMENTATION, or TEST.
Use just one class. Do not include any additional text.

### Input:
// FIXME: what should this really be? assert x instanceof RubyComplex;

### Response:",TEST
//TODO: not quite sure about the full implications of this!,DESIGN,"### Instruction: You are an AI assistant specialized in classifying code comments.
Your task is to analyze the code comments.
Classify the following code comment as DEFECT, DESIGN, DOCUMENTATION, IMPLEMENTATION, or TEST.
Use just one class. Do not include any additional text.

### Input:
//TODO: not quite sure about the full implications of this!

### Response:",DESIGN
"// FIXME: if we terminate immediately, this appears to break while in method arguments // we need to push a nil for the cases where we will never enter the body",DEFECT,"### Instruction: You are an AI assistant specialized in classifying code comments.
Your task is to analyze the code comments.
Classify the following code comment as DEFECT, DESIGN, DOCUMENTATION, IMPLEMENTATION, or TEST.
Use just one class. Do not include any additional text.

### Input:
// FIXME: if we terminate immediately, this appears to break while in method arguments // we need to push a nil for the cases where we will never enter the body

### Response:",DESIGN
// here we tweak the notify flag on the plot so that only // one notification happens even though we update multiple // axes...,DESIGN,"### Instruction: You are an AI assistant specialized in classifying code comments.
Your task is to analyze the code comments.
Classify the following code comment as DEFECT, DESIGN, DOCUMENTATION, IMPLEMENTATION, or TEST.
Use just one class. Do not include any additional text.

### Input:
// here we tweak the notify flag on the plot so that only // one notification happens even though we update multiple // axes...

### Response:",DOCUMENTATION
"/** * Return the source of a relation or Link. The source of a relation is * defined as the ModelElement that propagates this relation. If * there are more then 1 sources, only the first is returned. If * there is no source, null is returned. Examples of sources * include classifiers that are types to associationends, usecases * that are bases to extend and include relations and so on. A * source is always the start from the arrow in the fig, the * destination the end.<p> * * TODO: move this method to a generic ModelHelper * * relationship is the relation * Object */",DESIGN,"### Instruction: You are an AI assistant specialized in classifying code comments.
Your task is to analyze the code comments.
Classify the following code comment as DEFECT, DESIGN, DOCUMENTATION, IMPLEMENTATION, or TEST.
Use just one class. Do not include any additional text.

### Input:
/** * Return the source of a relation or Link. The source of a relation is * defined as the ModelElement that propagates this relation. If * there are more then 1 sources, only the first is returned. If * there is no source, null is returned. Examples of sources * include classifiers that are types to associationends, usecases * that are bases to extend and include relations and so on. A * source is always the start from the arrow in the fig, the * destination the end.<p> * * TODO: move this method to a generic ModelHelper * * relationship is the relation * Object */

### Response:",DOCUMENTATION
"//TODO: inexact, what we really need to know is: are any outer joins used?",DEFECT,"### Instruction: You are an AI assistant specialized in classifying code comments.
Your task is to analyze the code comments.
Classify the following code comment as DEFECT, DESIGN, DOCUMENTATION, IMPLEMENTATION, or TEST.
Use just one class. Do not include any additional text.

### Input:
//TODO: inexact, what we really need to know is: are any outer joins used?

### Response:",TEST
// TODO: should not be using assert here but I don't want to change to // IllegalStateException at lead up to a release as I don't know how // much testing is done with assert on.,TEST,"### Instruction: You are an AI assistant specialized in classifying code comments.
Your task is to analyze the code comments.
Classify the following code comment as DEFECT, DESIGN, DOCUMENTATION, IMPLEMENTATION, or TEST.
Use just one class. Do not include any additional text.

### Input:
// TODO: should not be using assert here but I don't want to change to // IllegalStateException at lead up to a release as I don't know how // much testing is done with assert on.

### Response:",TODO
// TODO: key can't be null,DEFECT,"### Instruction: You are an AI assistant specialized in classifying code comments.
Your task is to analyze the code comments.
Classify the following code comment as DEFECT, DESIGN, DOCUMENTATION, IMPLEMENTATION, or TEST.
Use just one class. Do not include any additional text.

### Input:
// TODO: key can't be null

### Response:",DOCUMENTATION
"//??? For now, use the same renderer as everyone else. //?? //?? IN FUTURE: change this to use a new instance of renederer //?? for this data type.",DESIGN,"### Instruction: You are an AI assistant specialized in classifying code comments.
Your task is to analyze the code comments.
Classify the following code comment as DEFECT, DESIGN, DOCUMENTATION, IMPLEMENTATION, or TEST.
Use just one class. Do not include any additional text.

### Input:
//??? For now, use the same renderer as everyone else. //?? //?? IN FUTURE: change this to use a new instance of renederer //?? for this data type.

### Response:",DESIGN
"// doesn't work: Depending on the compression engine used, // compressed bytes may differ. False errors would be // reported. // assertTrue(""File content mismatch"", // FILE_UTILS.contentEquals(project.resolveFile(""expected/asf-logo-huge.tar.bz2""), // project.resolveFile(""asf-logo-huge.tar.bz2"")));",TEST,"### Instruction: You are an AI assistant specialized in classifying code comments.
Your task is to analyze the code comments.
Classify the following code comment as DEFECT, DESIGN, DOCUMENTATION, IMPLEMENTATION, or TEST.
Use just one class. Do not include any additional text.

### Input:
// doesn't work: Depending on the compression engine used, // compressed bytes may differ. False errors would be // reported. // assertTrue(""File content mismatch"", // FILE_UTILS.contentEquals(project.resolveFile(""expected/asf-logo-huge.tar.bz2""), // project.resolveFile(""asf-logo-huge.tar.bz2"")));

### Response:",TEST
"/* * TODO: MVW: This needs rethinking/rework! I have the following questions: * Why does it not search for a stereotype in the namespace using properties * and only create a new stereotype if it will actually be used? Ie, why is * there not a getStereotype(String name, String baseClass)? (edited by * d00mst) <these comments imported from NSUML implementation - tfm> * * org.argouml.model.ExtensionMechanismsFactory buildStereotype(java.lang.Object, java.lang.Object, java.lang.Object) */",DESIGN,"### Instruction: You are an AI assistant specialized in classifying code comments.
Your task is to analyze the code comments.
Classify the following code comment as DEFECT, DESIGN, DOCUMENTATION, IMPLEMENTATION, or TEST.
Use just one class. Do not include any additional text.

### Input:
/* * TODO: MVW: This needs rethinking/rework! I have the following questions: * Why does it not search for a stereotype in the namespace using properties * and only create a new stereotype if it will actually be used? Ie, why is * there not a getStereotype(String name, String baseClass)? (edited by * d00mst) <these comments imported from NSUML implementation - tfm> * * org.argouml.model.ExtensionMechanismsFactory buildStereotype(java.lang.Object, java.lang.Object, java.lang.Object) */

### Response:",DESIGN
// TODO support other name kinds,IMPLEMENTATION,"### Instruction: You are an AI assistant specialized in classifying code comments.
Your task is to analyze the code comments.
Classify the following code comment as DEFECT, DESIGN, DOCUMENTATION, IMPLEMENTATION, or TEST.
Use just one class. Do not include any additional text.

### Input:
// TODO support other name kinds

### Response:",TODO - DESIGN
"// TODO: A minimal update strategy would be better here to // minimize work and events firing, but it may be better to // deprecate the method and force calls to manage updates // themselves (since they probably usually want to just add // or remove a single element) - tfm 20061108",DESIGN,"### Instruction: You are an AI assistant specialized in classifying code comments.
Your task is to analyze the code comments.
Classify the following code comment as DEFECT, DESIGN, DOCUMENTATION, IMPLEMENTATION, or TEST.
Use just one class. Do not include any additional text.

### Input:
// TODO: A minimal update strategy would be better here to // minimize work and events firing, but it may be better to // deprecate the method and force calls to manage updates // themselves (since they probably usually want to just add // or remove a single element) - tfm 20061108

### Response:",TODO
// I don't know if this should be run this deferred // because we might have to give the editor a chance to process the viewer update events // and hence to update the views first. // //,IMPLEMENTATION,"### Instruction: You are an AI assistant specialized in classifying code comments.
Your task is to analyze the code comments.
Classify the following code comment as DEFECT, DESIGN, DOCUMENTATION, IMPLEMENTATION, or TEST.
Use just one class. Do not include any additional text.

### Input:
// I don't know if this should be run this deferred // because we might have to give the editor a chance to process the viewer update events // and hence to update the views first. // //

### Response:",DESIGN
/** * Builds a default implementation for a class. The class is not owned by * any model element by default. Users should not forget to add ownership. * * newly created Class * TODO: This needs an extra parameter to specify the model/extent where * the new element should be created. */,DESIGN,"### Instruction: You are an AI assistant specialized in classifying code comments.
Your task is to analyze the code comments.
Classify the following code comment as DEFECT, DESIGN, DOCUMENTATION, IMPLEMENTATION, or TEST.
Use just one class. Do not include any additional text.

### Input:
/** * Builds a default implementation for a class. The class is not owned by * any model element by default. Users should not forget to add ownership. * * newly created Class * TODO: This needs an extra parameter to specify the model/extent where * the new element should be created. */

### Response:",DOCUMENTATION
// TODO: More is required here to support referenceValues,DESIGN,"### Instruction: You are an AI assistant specialized in classifying code comments.
Your task is to analyze the code comments.
Classify the following code comment as DEFECT, DESIGN, DOCUMENTATION, IMPLEMENTATION, or TEST.
Use just one class. Do not include any additional text.

### Input:
// TODO: More is required here to support referenceValues

### Response:","TODO: This is a common keyword used for tasks that are not yet implemented or completed, so it falls under the category of DESIGN."
// FIXME: use other fields too,DESIGN,"### Instruction: You are an AI assistant specialized in classifying code comments.
Your task is to analyze the code comments.
Classify the following code comment as DEFECT, DESIGN, DOCUMENTATION, IMPLEMENTATION, or TEST.
Use just one class. Do not include any additional text.

### Input:
// FIXME: use other fields too

### Response:",DOCUMENTATION
// unused in parent,DESIGN,"### Instruction: You are an AI assistant specialized in classifying code comments.
Your task is to analyze the code comments.
Classify the following code comment as DEFECT, DESIGN, DOCUMENTATION, IMPLEMENTATION, or TEST.
Use just one class. Do not include any additional text.

### Input:
// unused in parent

### Response:",DOCUMENTATION
// Programming error: bail out.,DESIGN,"### Instruction: You are an AI assistant specialized in classifying code comments.
Your task is to analyze the code comments.
Classify the following code comment as DEFECT, DESIGN, DOCUMENTATION, IMPLEMENTATION, or TEST.
Use just one class. Do not include any additional text.

### Input:
// Programming error: bail out.

### Response:",DEFECT
"// this is ugly here, but needed because its a subquery",DESIGN,"### Instruction: You are an AI assistant specialized in classifying code comments.
Your task is to analyze the code comments.
Classify the following code comment as DEFECT, DESIGN, DOCUMENTATION, IMPLEMENTATION, or TEST.
Use just one class. Do not include any additional text.

### Input:
// this is ugly here, but needed because its a subquery

### Response:",DOCUMENTATION
// TODO: Rather than specifically ignore some item maybe it would be better // to specifically state what items are of interest. Otherwise we may still // be acting on other events we don't need,DESIGN,"### Instruction: You are an AI assistant specialized in classifying code comments.
Your task is to analyze the code comments.
Classify the following code comment as DEFECT, DESIGN, DOCUMENTATION, IMPLEMENTATION, or TEST.
Use just one class. Do not include any additional text.

### Input:
// TODO: Rather than specifically ignore some item maybe it would be better // to specifically state what items are of interest. Otherwise we may still // be acting on other events we don't need

### Response:",TODO
// TODO finish unmarshalling of all available properties,IMPLEMENTATION,"### Instruction: You are an AI assistant specialized in classifying code comments.
Your task is to analyze the code comments.
Classify the following code comment as DEFECT, DESIGN, DOCUMENTATION, IMPLEMENTATION, or TEST.
Use just one class. Do not include any additional text.

### Input:
// TODO finish unmarshalling of all available properties

### Response:",DOCUMENTATION
// TODO: don't require pop,DEFECT,"### Instruction: You are an AI assistant specialized in classifying code comments.
Your task is to analyze the code comments.
Classify the following code comment as DEFECT, DESIGN, DOCUMENTATION, IMPLEMENTATION, or TEST.
Use just one class. Do not include any additional text.

### Input:
// TODO: don't require pop

### Response:","TODO: This is a common tag used for indicating that a specific task or feature is yet to be implemented. In this case, it suggests that the requirement to not require 'pop' is not yet implemented. Therefore, the classification is IMPLEMENTATION."
// TODO: We have multiple string representations for multiplicities // these should be consolidated. This form is used by // org.argouml.uml.reveng,DESIGN,"### Instruction: You are an AI assistant specialized in classifying code comments.
Your task is to analyze the code comments.
Classify the following code comment as DEFECT, DESIGN, DOCUMENTATION, IMPLEMENTATION, or TEST.
Use just one class. Do not include any additional text.

### Input:
// TODO: We have multiple string representations for multiplicities // these should be consolidated. This form is used by // org.argouml.uml.reveng

### Response:",DOCUMENTATION
// TODO: don't require pop,DEFECT,"### Instruction: You are an AI assistant specialized in classifying code comments.
Your task is to analyze the code comments.
Classify the following code comment as DEFECT, DESIGN, DOCUMENTATION, IMPLEMENTATION, or TEST.
Use just one class. Do not include any additional text.

### Input:
// TODO: don't require pop

### Response:","TODO: This is a common tag used for indicating that a specific task or feature is yet to be implemented. In this case, it suggests that the requirement to not require 'pop' is not yet implemented. Therefore, the classification is IMPLEMENTATION."
/** * Builds an actor in the same namespace as the given actor. If * the object is not and actor nothing is built.<p> * * TODO: This shouldn't just silently fail if it is passed a bad * argument. This contract will change. - tfm 20070607 * * model The namespace. * actor the given actor * Actor the newly built actor */,IMPLEMENTATION,"### Instruction: You are an AI assistant specialized in classifying code comments.
Your task is to analyze the code comments.
Classify the following code comment as DEFECT, DESIGN, DOCUMENTATION, IMPLEMENTATION, or TEST.
Use just one class. Do not include any additional text.

### Input:
/** * Builds an actor in the same namespace as the given actor. If * the object is not and actor nothing is built.<p> * * TODO: This shouldn't just silently fail if it is passed a bad * argument. This contract will change. - tfm 20070607 * * model The namespace. * actor the given actor * Actor the newly built actor */

### Response:",DOCUMENTATION
"/* * TODO ( karlpeder): Guess that right thing to do is to get height as getDrawingSize().getHeight(), * since this should take top- and bottom margin of this print * object into account. But the height seems not to be set * correctly in computePositionAndSize() (*20030604, karlpeder*) */",DESIGN,"### Instruction: You are an AI assistant specialized in classifying code comments.
Your task is to analyze the code comments.
Classify the following code comment as DEFECT, DESIGN, DOCUMENTATION, IMPLEMENTATION, or TEST.
Use just one class. Do not include any additional text.

### Input:
/* * TODO ( karlpeder): Guess that right thing to do is to get height as getDrawingSize().getHeight(), * since this should take top- and bottom margin of this print * object into account. But the height seems not to be set * correctly in computePositionAndSize() (*20030604, karlpeder*) */

### Response:",DESIGN
//hum ... should we cascade anyway? throw an exception? fine like it is?,DESIGN,"### Instruction: You are an AI assistant specialized in classifying code comments.
Your task is to analyze the code comments.
Classify the following code comment as DEFECT, DESIGN, DOCUMENTATION, IMPLEMENTATION, or TEST.
Use just one class. Do not include any additional text.

### Input:
//hum ... should we cascade anyway? throw an exception? fine like it is?

### Response:",DESIGN
"// Cast to int required as Dimension::setSize(double,double) // doesn't appear to do anything in JDK1.2.2.",DEFECT,"### Instruction: You are an AI assistant specialized in classifying code comments.
Your task is to analyze the code comments.
Classify the following code comment as DEFECT, DESIGN, DOCUMENTATION, IMPLEMENTATION, or TEST.
Use just one class. Do not include any additional text.

### Input:
// Cast to int required as Dimension::setSize(double,double) // doesn't appear to do anything in JDK1.2.2.

### Response:",DOCUMENTATION
// defer argument checking...,DESIGN,"### Instruction: You are an AI assistant specialized in classifying code comments.
Your task is to analyze the code comments.
Classify the following code comment as DEFECT, DESIGN, DOCUMENTATION, IMPLEMENTATION, or TEST.
Use just one class. Do not include any additional text.

### Input:
// defer argument checking...

### Response:",DOCUMENTATION
//TODO: theoretically non-threadsafe...,IMPLEMENTATION,"### Instruction: You are an AI assistant specialized in classifying code comments.
Your task is to analyze the code comments.
Classify the following code comment as DEFECT, DESIGN, DOCUMENTATION, IMPLEMENTATION, or TEST.
Use just one class. Do not include any additional text.

### Input:
//TODO: theoretically non-threadsafe...

### Response:",DESIGN
// not needed,IMPLEMENTATION,"### Instruction: You are an AI assistant specialized in classifying code comments.
Your task is to analyze the code comments.
Classify the following code comment as DEFECT, DESIGN, DOCUMENTATION, IMPLEMENTATION, or TEST.
Use just one class. Do not include any additional text.

### Input:
// not needed

### Response:",DOCUMENTATION
// TODO: full-precision divmod is 1000x slower than MRI!,DEFECT,"### Instruction: You are an AI assistant specialized in classifying code comments.
Your task is to analyze the code comments.
Classify the following code comment as DEFECT, DESIGN, DOCUMENTATION, IMPLEMENTATION, or TEST.
Use just one class. Do not include any additional text.

### Input:
// TODO: full-precision divmod is 1000x slower than MRI!

### Response:",TEST
/* TODO: We should have all the information that is required in the * NotationSettings object */,DEFECT,"### Instruction: You are an AI assistant specialized in classifying code comments.
Your task is to analyze the code comments.
Classify the following code comment as DEFECT, DESIGN, DOCUMENTATION, IMPLEMENTATION, or TEST.
Use just one class. Do not include any additional text.

### Input:
/* TODO: We should have all the information that is required in the * NotationSettings object */

### Response:",DOCUMENTATION
"// handle mouse events for double-click creation of popup dialog. // This happens only in the JTextField, not the JTextArea, so we can // make this an inner class within this method rather than a separate // inner class as is done with the KeyTextHandler class. //",DESIGN,"### Instruction: You are an AI assistant specialized in classifying code comments.
Your task is to analyze the code comments.
Classify the following code comment as DEFECT, DESIGN, DOCUMENTATION, IMPLEMENTATION, or TEST.
Use just one class. Do not include any additional text.

### Input:
// handle mouse events for double-click creation of popup dialog. // This happens only in the JTextField, not the JTextArea, so we can // make this an inner class within this method rather than a separate // inner class as is done with the KeyTextHandler class. //

### Response:",DESIGN
//DMS should we let this exception out?,DESIGN,"### Instruction: You are an AI assistant specialized in classifying code comments.
Your task is to analyze the code comments.
Classify the following code comment as DEFECT, DESIGN, DOCUMENTATION, IMPLEMENTATION, or TEST.
Use just one class. Do not include any additional text.

### Input:
//DMS should we let this exception out?

### Response:",DOCUMENTATION
// SSS FIXME: Should this be Operand or CompoundString? // Can it happen that symbols are built out of other than compound strings? // Or can it happen during optimizations that this becomes a generic operand?,DESIGN,"### Instruction: You are an AI assistant specialized in classifying code comments.
Your task is to analyze the code comments.
Classify the following code comment as DEFECT, DESIGN, DOCUMENTATION, IMPLEMENTATION, or TEST.
Use just one class. Do not include any additional text.

### Input:
// SSS FIXME: Should this be Operand or CompoundString? // Can it happen that symbols are built out of other than compound strings? // Or can it happen during optimizations that this becomes a generic operand?

### Response:",DESIGN
// regular division with some default precision // TODO: proper algorithm to set the precision,DESIGN,"### Instruction: You are an AI assistant specialized in classifying code comments.
Your task is to analyze the code comments.
Classify the following code comment as DEFECT, DESIGN, DOCUMENTATION, IMPLEMENTATION, or TEST.
Use just one class. Do not include any additional text.

### Input:
// regular division with some default precision // TODO: proper algorithm to set the precision

### Response:",TODO: proper algorithm to set the precision (TEST)
// TODO: This method is mostly (entirely?) redundant - tfm,DESIGN,"### Instruction: You are an AI assistant specialized in classifying code comments.
Your task is to analyze the code comments.
Classify the following code comment as DEFECT, DESIGN, DOCUMENTATION, IMPLEMENTATION, or TEST.
Use just one class. Do not include any additional text.

### Input:
// TODO: This method is mostly (entirely?) redundant - tfm

### Response:",DESIGN
"// FIXME: Maybe not best place, but move it to a good home",DESIGN,"### Instruction: You are an AI assistant specialized in classifying code comments.
Your task is to analyze the code comments.
Classify the following code comment as DEFECT, DESIGN, DOCUMENTATION, IMPLEMENTATION, or TEST.
Use just one class. Do not include any additional text.

### Input:
// FIXME: Maybe not best place, but move it to a good home

### Response:",DESIGN
"// TODO: This comparison is very suspect, it should use equals // method. The code within the block is in fact never executed. // I hesitate to change this now as it will trigger code has never been // used before and am not aware of any problems that it usage may // introduce. // I do think that we need to be able to find a different way to // implement the intent here which seems to be to correct edge drawings // that should actually not be allowed - Bob",IMPLEMENTATION,"### Instruction: You are an AI assistant specialized in classifying code comments.
Your task is to analyze the code comments.
Classify the following code comment as DEFECT, DESIGN, DOCUMENTATION, IMPLEMENTATION, or TEST.
Use just one class. Do not include any additional text.

### Input:
// TODO: This comparison is very suspect, it should use equals // method. The code within the block is in fact never executed. // I hesitate to change this now as it will trigger code has never been // used before and am not aware of any problems that it usage may // introduce. // I do think that we need to be able to find a different way to // implement the intent here which seems to be to correct edge drawings // that should actually not be allowed - Bob

### Response:",DESIGN
"// TODO field always true, what for ?",DESIGN,"### Instruction: You are an AI assistant specialized in classifying code comments.
Your task is to analyze the code comments.
Classify the following code comment as DEFECT, DESIGN, DOCUMENTATION, IMPLEMENTATION, or TEST.
Use just one class. Do not include any additional text.

### Input:
// TODO field always true, what for ?

### Response:",DESIGN
// should probably error,DESIGN,"### Instruction: You are an AI assistant specialized in classifying code comments.
Your task is to analyze the code comments.
Classify the following code comment as DEFECT, DESIGN, DOCUMENTATION, IMPLEMENTATION, or TEST.
Use just one class. Do not include any additional text.

### Input:
// should probably error

### Response:",IMPLEMENTATION
//this is the temporary solution for issue 1011,DESIGN,"### Instruction: You are an AI assistant specialized in classifying code comments.
Your task is to analyze the code comments.
Classify the following code comment as DEFECT, DESIGN, DOCUMENTATION, IMPLEMENTATION, or TEST.
Use just one class. Do not include any additional text.

### Input:
//this is the temporary solution for issue 1011

### Response:",DOCUMENTATION
"/* * Algorithm * Check for any level one nullability breaks * Look at non null components to * recursively check next level of nullability breaks * Look at Collections contraining component to * recursively check next level of nullability breaks * * * In the previous implementation, not-null stuffs where checked * filtering by level one only updateable * or insertable columns. So setting a sub component as update=""false"" * has no effect on not-null check if the main component had good checkeability * In this implementation, we keep this feature. * However, I never see any documentation mentioning that, but it's for * sure a limitation. */",DEFECT,"### Instruction: You are an AI assistant specialized in classifying code comments.
Your task is to analyze the code comments.
Classify the following code comment as DEFECT, DESIGN, DOCUMENTATION, IMPLEMENTATION, or TEST.
Use just one class. Do not include any additional text.

### Input:
/* * Algorithm * Check for any level one nullability breaks * Look at non null components to * recursively check next level of nullability breaks * Look at Collections contraining component to * recursively check next level of nullability breaks * * * In the previous implementation, not-null stuffs where checked * filtering by level one only updateable * or insertable columns. So setting a sub component as update=""false"" * has no effect on not-null check if the main component had good checkeability * In this implementation, we keep this feature. * However, I never see any documentation mentioning that, but it's for * sure a limitation. */

### Response:",DOCUMENTATION
//?? Extract this out into a class like CascadeInternalFramePositioner.,DESIGN,"### Instruction: You are an AI assistant specialized in classifying code comments.
Your task is to analyze the code comments.
Classify the following code comment as DEFECT, DESIGN, DOCUMENTATION, IMPLEMENTATION, or TEST.
Use just one class. Do not include any additional text.

### Input:
//?? Extract this out into a class like CascadeInternalFramePositioner.

### Response:",DOCUMENTATION
"/* * Does the system support UNC paths? If so, may need to fix them up * later */",DESIGN,"### Instruction: You are an AI assistant specialized in classifying code comments.
Your task is to analyze the code comments.
Classify the following code comment as DEFECT, DESIGN, DOCUMENTATION, IMPLEMENTATION, or TEST.
Use just one class. Do not include any additional text.

### Input:
/* * Does the system support UNC paths? If so, may need to fix them up * later */

### Response:",DOCUMENTATION
// we could move this inside if we wanted to // tolerate collection initializations during // collection dirty checking:,IMPLEMENTATION,"### Instruction: You are an AI assistant specialized in classifying code comments.
Your task is to analyze the code comments.
Classify the following code comment as DEFECT, DESIGN, DOCUMENTATION, IMPLEMENTATION, or TEST.
Use just one class. Do not include any additional text.

### Input:
// we could move this inside if we wanted to // tolerate collection initializations during // collection dirty checking:

### Response:",DOCUMENTATION
"/** * TODO: this is a bug in the code at the moment. If table ""test"" isn't qualified then this test passes - * so we need to beef up qualified tablename handling. */",DEFECT,"### Instruction: You are an AI assistant specialized in classifying code comments.
Your task is to analyze the code comments.
Classify the following code comment as DEFECT, DESIGN, DOCUMENTATION, IMPLEMENTATION, or TEST.
Use just one class. Do not include any additional text.

### Input:
/** * TODO: this is a bug in the code at the moment. If table ""test"" isn't qualified then this test passes - * so we need to beef up qualified tablename handling. */

### Response:",DEFECT
//This is not very nice (and quite slow):,DESIGN,"### Instruction: You are an AI assistant specialized in classifying code comments.
Your task is to analyze the code comments.
Classify the following code comment as DEFECT, DESIGN, DOCUMENTATION, IMPLEMENTATION, or TEST.
Use just one class. Do not include any additional text.

### Input:
//This is not very nice (and quite slow):

### Response:",DOCUMENTATION
// TODO: don't require pop,DEFECT,"### Instruction: You are an AI assistant specialized in classifying code comments.
Your task is to analyze the code comments.
Classify the following code comment as DEFECT, DESIGN, DOCUMENTATION, IMPLEMENTATION, or TEST.
Use just one class. Do not include any additional text.

### Input:
// TODO: don't require pop

### Response:","TODO: This is a common tag used for indicating that a specific task or feature is yet to be implemented. In this case, it suggests that the requirement to not require 'pop' is not yet implemented. Therefore, the classification is IMPLEMENTATION."
// defer argument checking,DESIGN,"### Instruction: You are an AI assistant specialized in classifying code comments.
Your task is to analyze the code comments.
Classify the following code comment as DEFECT, DESIGN, DOCUMENTATION, IMPLEMENTATION, or TEST.
Use just one class. Do not include any additional text.

### Input:
// defer argument checking

### Response:",DOCUMENTATION
"// FIXME: Not sure what the semantics of transfer are //cFiber.defineFastMethod(""transfer"", cb.getFastOptMethod(""transfer""));",DESIGN,"### Instruction: You are an AI assistant specialized in classifying code comments.
Your task is to analyze the code comments.
Classify the following code comment as DEFECT, DESIGN, DOCUMENTATION, IMPLEMENTATION, or TEST.
Use just one class. Do not include any additional text.

### Input:
// FIXME: Not sure what the semantics of transfer are //cFiber.defineFastMethod(""transfer"", cb.getFastOptMethod(""transfer""));

### Response:",IMPLEMENTATION
// TODO: anything threads attached to original fd are notified of the close... // see rb_thread_fd_close,DEFECT,"### Instruction: You are an AI assistant specialized in classifying code comments.
Your task is to analyze the code comments.
Classify the following code comment as DEFECT, DESIGN, DOCUMENTATION, IMPLEMENTATION, or TEST.
Use just one class. Do not include any additional text.

### Input:
// TODO: anything threads attached to original fd are notified of the close... // see rb_thread_fd_close

### Response:",DESIGN
// TODO: All super constrcutors should take a GraphModel,DESIGN,"### Instruction: You are an AI assistant specialized in classifying code comments.
Your task is to analyze the code comments.
Classify the following code comment as DEFECT, DESIGN, DOCUMENTATION, IMPLEMENTATION, or TEST.
Use just one class. Do not include any additional text.

### Input:
// TODO: All super constrcutors should take a GraphModel

### Response:",DESIGN
//FIXME: get the PersistentClass,DESIGN,"### Instruction: You are an AI assistant specialized in classifying code comments.
Your task is to analyze the code comments.
Classify the following code comment as DEFECT, DESIGN, DOCUMENTATION, IMPLEMENTATION, or TEST.
Use just one class. Do not include any additional text.

### Input:
//FIXME: get the PersistentClass

### Response:",DEFECT
"/* TODO: If this is an ordered list, then you have to add in the right location! */",DESIGN,"### Instruction: You are an AI assistant specialized in classifying code comments.
Your task is to analyze the code comments.
Classify the following code comment as DEFECT, DESIGN, DOCUMENTATION, IMPLEMENTATION, or TEST.
Use just one class. Do not include any additional text.

### Input:
/* TODO: If this is an ordered list, then you have to add in the right location! */

### Response:",DOCUMENTATION
"// VERY IMPORTANT!!!! - This class needs to be free of any static references // to any CGLIB or Javassist classes. Otherwise, users will always need both // on their classpaths no matter which (if either) they use. // // Another option here would be to remove the Hibernate.isPropertyInitialized() // method and have the users go through the SessionFactory to get this information.",DESIGN,"### Instruction: You are an AI assistant specialized in classifying code comments.
Your task is to analyze the code comments.
Classify the following code comment as DEFECT, DESIGN, DOCUMENTATION, IMPLEMENTATION, or TEST.
Use just one class. Do not include any additional text.

### Input:
// VERY IMPORTANT!!!! - This class needs to be free of any static references // to any CGLIB or Javassist classes. Otherwise, users will always need both // on their classpaths no matter which (if either) they use. // // Another option here would be to remove the Hibernate.isPropertyInitialized() // method and have the users go through the SessionFactory to get this information.

### Response:",DESIGN
"// TODO: ActionState, CallState, and SubactivityState have been replaced // in UML 2.0 by explicitly modeled Actions",DESIGN,"### Instruction: You are an AI assistant specialized in classifying code comments.
Your task is to analyze the code comments.
Classify the following code comment as DEFECT, DESIGN, DOCUMENTATION, IMPLEMENTATION, or TEST.
Use just one class. Do not include any additional text.

### Input:
// TODO: ActionState, CallState, and SubactivityState have been replaced // in UML 2.0 by explicitly modeled Actions

### Response:",DOCUMENTATION
"/** * Add a path to the list of paths to be searched when looking for XMI files * to resolve external references with. The list is maintained in a static * structure shared by all instances. * <p> * TODO: It's desirable to have separate search paths for separate files, * but more work is required in ArgoUML so that it knows how to maintain * separate contexts for the profiles and user models. * * path * a directory path to add to the search path */",DESIGN,"### Instruction: You are an AI assistant specialized in classifying code comments.
Your task is to analyze the code comments.
Classify the following code comment as DEFECT, DESIGN, DOCUMENTATION, IMPLEMENTATION, or TEST.
Use just one class. Do not include any additional text.

### Input:
/** * Add a path to the list of paths to be searched when looking for XMI files * to resolve external references with. The list is maintained in a static * structure shared by all instances. * <p> * TODO: It's desirable to have separate search paths for separate files, * but more work is required in ArgoUML so that it knows how to maintain * separate contexts for the profiles and user models. * * path * a directory path to add to the search path */

### Response:",DOCUMENTATION
"//Don't need this, because we should never ever be selecting no columns in an insert ... select... //and because it causes a bug on DB2",DEFECT,"### Instruction: You are an AI assistant specialized in classifying code comments.
Your task is to analyze the code comments.
Classify the following code comment as DEFECT, DESIGN, DOCUMENTATION, IMPLEMENTATION, or TEST.
Use just one class. Do not include any additional text.

### Input:
//Don't need this, because we should never ever be selecting no columns in an insert ... select... //and because it causes a bug on DB2

### Response:",DEFECT
"// FIXME: We should really not be creating the dynamic scope for the root // of the AST before parsing. This makes us end up needing to readjust // this dynamic scope coming out of parse (and for local static scopes it // will always happen because of $~ and $_). // FIXME: Because we end up adjusting this after-the-fact, we can't use // any of the specific-size scopes.",DESIGN,"### Instruction: You are an AI assistant specialized in classifying code comments.
Your task is to analyze the code comments.
Classify the following code comment as DEFECT, DESIGN, DOCUMENTATION, IMPLEMENTATION, or TEST.
Use just one class. Do not include any additional text.

### Input:
// FIXME: We should really not be creating the dynamic scope for the root // of the AST before parsing. This makes us end up needing to readjust // this dynamic scope coming out of parse (and for local static scopes it // will always happen because of $~ and $_). // FIXME: Because we end up adjusting this after-the-fact, we can't use // any of the specific-size scopes.

### Response:",DESIGN
// Kludge required by GEF's use of HashMap in the API // TODO: This can be removed if they ever fix GEF to use // Maps,DESIGN,"### Instruction: You are an AI assistant specialized in classifying code comments.
Your task is to analyze the code comments.
Classify the following code comment as DEFECT, DESIGN, DOCUMENTATION, IMPLEMENTATION, or TEST.
Use just one class. Do not include any additional text.

### Input:
// Kludge required by GEF's use of HashMap in the API // TODO: This can be removed if they ever fix GEF to use // Maps

### Response:",DOCUMENTATION
// TODO: use the destination database type to derive a // format that is acceptable.,IMPLEMENTATION,"### Instruction: You are an AI assistant specialized in classifying code comments.
Your task is to analyze the code comments.
Classify the following code comment as DEFECT, DESIGN, DOCUMENTATION, IMPLEMENTATION, or TEST.
Use just one class. Do not include any additional text.

### Input:
// TODO: use the destination database type to derive a // format that is acceptable.

### Response:",TODO: DESIGN
// TODO: I18N required,IMPLEMENTATION,"### Instruction: You are an AI assistant specialized in classifying code comments.
Your task is to analyze the code comments.
Classify the following code comment as DEFECT, DESIGN, DOCUMENTATION, IMPLEMENTATION, or TEST.
Use just one class. Do not include any additional text.

### Input:
// TODO: I18N required

### Response:",DOCUMENTATION
// We always prepend an org.jruby.proxy package to the beginning // because java and javax packages are protected and signed // jars prevent us generating new classes with those package // names. See JRUBY-2439.,DESIGN,"### Instruction: You are an AI assistant specialized in classifying code comments.
Your task is to analyze the code comments.
Classify the following code comment as DEFECT, DESIGN, DOCUMENTATION, IMPLEMENTATION, or TEST.
Use just one class. Do not include any additional text.

### Input:
// We always prepend an org.jruby.proxy package to the beginning // because java and javax packages are protected and signed // jars prevent us generating new classes with those package // names. See JRUBY-2439.

### Response:",DESIGN
// TODO: This should listen for new target events // fired by WizStep.updateTabToDo so that we // can decouple it from the ProjectBrowser.,DESIGN,"### Instruction: You are an AI assistant specialized in classifying code comments.
Your task is to analyze the code comments.
Classify the following code comment as DEFECT, DESIGN, DOCUMENTATION, IMPLEMENTATION, or TEST.
Use just one class. Do not include any additional text.

### Input:
// TODO: This should listen for new target events // fired by WizStep.updateTabToDo so that we // can decouple it from the ProjectBrowser.

### Response:",DESIGN
// TODO: consider a conditional feature in the xml panel def for this:,DESIGN,"### Instruction: You are an AI assistant specialized in classifying code comments.
Your task is to analyze the code comments.
Classify the following code comment as DEFECT, DESIGN, DOCUMENTATION, IMPLEMENTATION, or TEST.
Use just one class. Do not include any additional text.

### Input:
// TODO: consider a conditional feature in the xml panel def for this:

### Response:",DOCUMENTATION
/** * Create an empty but initialized instance of a UML Component. * * an initialized UML Component instance. * TODO: This needs an extra parameter to specify the model/extent where * the new element should be created. */,DESIGN,"### Instruction: You are an AI assistant specialized in classifying code comments.
Your task is to analyze the code comments.
Classify the following code comment as DEFECT, DESIGN, DOCUMENTATION, IMPLEMENTATION, or TEST.
Use just one class. Do not include any additional text.

### Input:
/** * Create an empty but initialized instance of a UML Component. * * an initialized UML Component instance. * TODO: This needs an extra parameter to specify the model/extent where * the new element should be created. */

### Response:",TODO
// todo : we can remove this once the deprecated ctor can be made private...,DESIGN,"### Instruction: You are an AI assistant specialized in classifying code comments.
Your task is to analyze the code comments.
Classify the following code comment as DEFECT, DESIGN, DOCUMENTATION, IMPLEMENTATION, or TEST.
Use just one class. Do not include any additional text.

### Input:
// todo : we can remove this once the deprecated ctor can be made private...

### Response:",DOCUMENTATION
"// some messy, complex stuff here, since createCriteria() can take an // aliased path, or a path rooted at the creating criteria instance",DESIGN,"### Instruction: You are an AI assistant specialized in classifying code comments.
Your task is to analyze the code comments.
Classify the following code comment as DEFECT, DESIGN, DOCUMENTATION, IMPLEMENTATION, or TEST.
Use just one class. Do not include any additional text.

### Input:
// some messy, complex stuff here, since createCriteria() can take an // aliased path, or a path rooted at the creating criteria instance

### Response:",DOCUMENTATION
// Save the .argo entry // TODO: Cyclic dependency with PersistenceManager // move PersistenceManager..getProjectBaseName() someplace else,DESIGN,"### Instruction: You are an AI assistant specialized in classifying code comments.
Your task is to analyze the code comments.
Classify the following code comment as DEFECT, DESIGN, DOCUMENTATION, IMPLEMENTATION, or TEST.
Use just one class. Do not include any additional text.

### Input:
// Save the .argo entry // TODO: Cyclic dependency with PersistenceManager // move PersistenceManager..getProjectBaseName() someplace else

### Response:",TODO
//hence a less elegant workaround that works:,DESIGN,"### Instruction: You are an AI assistant specialized in classifying code comments.
Your task is to analyze the code comments.
Classify the following code comment as DEFECT, DESIGN, DOCUMENTATION, IMPLEMENTATION, or TEST.
Use just one class. Do not include any additional text.

### Input:
//hence a less elegant workaround that works:

### Response:",DOCUMENTATION
// This is perhaps innefficient timewise? Optimal spacewise,DESIGN,"### Instruction: You are an AI assistant specialized in classifying code comments.
Your task is to analyze the code comments.
Classify the following code comment as DEFECT, DESIGN, DOCUMENTATION, IMPLEMENTATION, or TEST.
Use just one class. Do not include any additional text.

### Input:
// This is perhaps innefficient timewise? Optimal spacewise

### Response:",DOCUMENTATION
// TODO: It would be nice to throw a better error for this,DESIGN,"### Instruction: You are an AI assistant specialized in classifying code comments.
Your task is to analyze the code comments.
Classify the following code comment as DEFECT, DESIGN, DOCUMENTATION, IMPLEMENTATION, or TEST.
Use just one class. Do not include any additional text.

### Input:
// TODO: It would be nice to throw a better error for this

### Response:",DOCUMENTATION
// FIXME: ConstDecl could be two seperate classes (or done differently since constNode and name // never exist at the same time.,DESIGN,"### Instruction: You are an AI assistant specialized in classifying code comments.
Your task is to analyze the code comments.
Classify the following code comment as DEFECT, DESIGN, DOCUMENTATION, IMPLEMENTATION, or TEST.
Use just one class. Do not include any additional text.

### Input:
// FIXME: ConstDecl could be two seperate classes (or done differently since constNode and name // never exist at the same time.

### Response:",DESIGN
// TODO: do we want to fire targetRemoved here or is it enough to just // stop updating the targets?,IMPLEMENTATION,"### Instruction: You are an AI assistant specialized in classifying code comments.
Your task is to analyze the code comments.
Classify the following code comment as DEFECT, DESIGN, DOCUMENTATION, IMPLEMENTATION, or TEST.
Use just one class. Do not include any additional text.

### Input:
// TODO: do we want to fire targetRemoved here or is it enough to just // stop updating the targets?

### Response:",TODO
"// Should we add the ""_"" separator?",DESIGN,"### Instruction: You are an AI assistant specialized in classifying code comments.
Your task is to analyze the code comments.
Classify the following code comment as DEFECT, DESIGN, DOCUMENTATION, IMPLEMENTATION, or TEST.
Use just one class. Do not include any additional text.

### Input:
// Should we add the ""_"" separator?

### Response:",DOCUMENTATION
// a redraw should NOT trigger another change event,DESIGN,"### Instruction: You are an AI assistant specialized in classifying code comments.
Your task is to analyze the code comments.
Classify the following code comment as DEFECT, DESIGN, DOCUMENTATION, IMPLEMENTATION, or TEST.
Use just one class. Do not include any additional text.

### Input:
// a redraw should NOT trigger another change event

### Response:",DOCUMENTATION
// 18 nov 2003: calling this on a drive letter on Windows causes // drive access,DEFECT,"### Instruction: You are an AI assistant specialized in classifying code comments.
Your task is to analyze the code comments.
Classify the following code comment as DEFECT, DESIGN, DOCUMENTATION, IMPLEMENTATION, or TEST.
Use just one class. Do not include any additional text.

### Input:
// 18 nov 2003: calling this on a drive letter on Windows causes // drive access

### Response:",DESIGN
"// TODO: In UML 2.0, ClassifierRole, AssociationRole, and // AssociationEndRole have been replaced by the internal // structure of the Collaboration",DESIGN,"### Instruction: You are an AI assistant specialized in classifying code comments.
Your task is to analyze the code comments.
Classify the following code comment as DEFECT, DESIGN, DOCUMENTATION, IMPLEMENTATION, or TEST.
Use just one class. Do not include any additional text.

### Input:
// TODO: In UML 2.0, ClassifierRole, AssociationRole, and // AssociationEndRole have been replaced by the internal // structure of the Collaboration

### Response:",DOCUMENTATION
// TODO is it possible to use more than one variable?,IMPLEMENTATION,"### Instruction: You are an AI assistant specialized in classifying code comments.
Your task is to analyze the code comments.
Classify the following code comment as DEFECT, DESIGN, DOCUMENTATION, IMPLEMENTATION, or TEST.
Use just one class. Do not include any additional text.

### Input:
// TODO is it possible to use more than one variable?

### Response:",DOCUMENTATION
// TODO: What does the magic number 6000 represent here? // Put it in an explanatory literal! - tfm - 20071205,DESIGN,"### Instruction: You are an AI assistant specialized in classifying code comments.
Your task is to analyze the code comments.
Classify the following code comment as DEFECT, DESIGN, DOCUMENTATION, IMPLEMENTATION, or TEST.
Use just one class. Do not include any additional text.

### Input:
// TODO: What does the magic number 6000 represent here? // Put it in an explanatory literal! - tfm - 20071205

### Response:",DOCUMENTATION
"/** * Returns names of all metamodel value elements including datatypes, * enumerations, and primitive types. * * TODO: This method rightly belongs in a separate interface dealing * with instances of MOF types as opposed to UML types like all the * rest of the methods here do. * * Collection containing Strings with names of all metatypes */",DESIGN,"### Instruction: You are an AI assistant specialized in classifying code comments.
Your task is to analyze the code comments.
Classify the following code comment as DEFECT, DESIGN, DOCUMENTATION, IMPLEMENTATION, or TEST.
Use just one class. Do not include any additional text.

### Input:
/** * Returns names of all metamodel value elements including datatypes, * enumerations, and primitive types. * * TODO: This method rightly belongs in a separate interface dealing * with instances of MOF types as opposed to UML types like all the * rest of the methods here do. * * Collection containing Strings with names of all metatypes */

### Response:",DESIGN
// FIXME missing full tests for leap year,TEST,"### Instruction: You are an AI assistant specialized in classifying code comments.
Your task is to analyze the code comments.
Classify the following code comment as DEFECT, DESIGN, DOCUMENTATION, IMPLEMENTATION, or TEST.
Use just one class. Do not include any additional text.

### Input:
// FIXME missing full tests for leap year

### Response:",TEST
// we basically ignore protocol. let someone report it...,DESIGN,"### Instruction: You are an AI assistant specialized in classifying code comments.
Your task is to analyze the code comments.
Classify the following code comment as DEFECT, DESIGN, DOCUMENTATION, IMPLEMENTATION, or TEST.
Use just one class. Do not include any additional text.

### Input:
// we basically ignore protocol. let someone report it...

### Response:",DOCUMENTATION
// MenuBar related methods // TODO: Do we really need to have all these menubar methods duplicated // here? Perhaps we can make the menu bar accessible through GuiPackage?,DESIGN,"### Instruction: You are an AI assistant specialized in classifying code comments.
Your task is to analyze the code comments.
Classify the following code comment as DEFECT, DESIGN, DOCUMENTATION, IMPLEMENTATION, or TEST.
Use just one class. Do not include any additional text.

### Input:
// MenuBar related methods // TODO: Do we really need to have all these menubar methods duplicated // here? Perhaps we can make the menu bar accessible through GuiPackage?

### Response:",DESIGN
// TODO: this is kinda gross,DESIGN,"### Instruction: You are an AI assistant specialized in classifying code comments.
Your task is to analyze the code comments.
Classify the following code comment as DEFECT, DESIGN, DOCUMENTATION, IMPLEMENTATION, or TEST.
Use just one class. Do not include any additional text.

### Input:
// TODO: this is kinda gross

### Response:","TODO: This comment is a DESIGN comment, indicating that the current implementation has a design issue that needs to be addressed. The ""gross"" part suggests that the code is not well-structured or organized, which is a design concern."
/* I guess translated events do not have the 'evt' field set so consuming won't work. I don't think this is a problem as nothing uses translation anyway */,DESIGN,"### Instruction: You are an AI assistant specialized in classifying code comments.
Your task is to analyze the code comments.
Classify the following code comment as DEFECT, DESIGN, DOCUMENTATION, IMPLEMENTATION, or TEST.
Use just one class. Do not include any additional text.

### Input:
/* I guess translated events do not have the 'evt' field set so consuming won't work. I don't think this is a problem as nothing uses translation anyway */

### Response:",DOCUMENTATION
/** * TODO: This functionality is in the worn place. We should be able to * call setVisible on the compartment itself and then this class should * react to that event. * Improvements will follow in later releases. * Hence this method should not be considered stable for module developers. * compartment the compartment to be changed * isVisible true if the attribute compartment is visible */,DESIGN,"### Instruction: You are an AI assistant specialized in classifying code comments.
Your task is to analyze the code comments.
Classify the following code comment as DEFECT, DESIGN, DOCUMENTATION, IMPLEMENTATION, or TEST.
Use just one class. Do not include any additional text.

### Input:
/** * TODO: This functionality is in the worn place. We should be able to * call setVisible on the compartment itself and then this class should * react to that event. * Improvements will follow in later releases. * Hence this method should not be considered stable for module developers. * compartment the compartment to be changed * isVisible true if the attribute compartment is visible */

### Response:",DESIGN
// Assume that it's an attribute for now. // It will/could become a reference if the type resolves to an EClass. //,DESIGN,"### Instruction: You are an AI assistant specialized in classifying code comments.
Your task is to analyze the code comments.
Classify the following code comment as DEFECT, DESIGN, DOCUMENTATION, IMPLEMENTATION, or TEST.
Use just one class. Do not include any additional text.

### Input:
// Assume that it's an attribute for now. // It will/could become a reference if the type resolves to an EClass. //

### Response:",DOCUMENTATION
//TODO: implement this method properly,DESIGN,"### Instruction: You are an AI assistant specialized in classifying code comments.
Your task is to analyze the code comments.
Classify the following code comment as DEFECT, DESIGN, DOCUMENTATION, IMPLEMENTATION, or TEST.
Use just one class. Do not include any additional text.

### Input:
//TODO: implement this method properly

### Response:",IMPLEMENTATION
// TODO is this a sensible number? //$NON-NLS-1$,DESIGN,"### Instruction: You are an AI assistant specialized in classifying code comments.
Your task is to analyze the code comments.
Classify the following code comment as DEFECT, DESIGN, DOCUMENTATION, IMPLEMENTATION, or TEST.
Use just one class. Do not include any additional text.

### Input:
// TODO is this a sensible number? //$NON-NLS-1$

### Response:",DOCUMENTATION
// TODO save hostname; save sample type (plain or ,IMPLEMENTATION,"### Instruction: You are an AI assistant specialized in classifying code comments.
Your task is to analyze the code comments.
Classify the following code comment as DEFECT, DESIGN, DOCUMENTATION, IMPLEMENTATION, or TEST.
Use just one class. Do not include any additional text.

### Input:
// TODO save hostname; save sample type (plain or

### Response:",TODO
// TODO: This looks backwards. Left over from issue 2034?,DEFECT,"### Instruction: You are an AI assistant specialized in classifying code comments.
Your task is to analyze the code comments.
Classify the following code comment as DEFECT, DESIGN, DOCUMENTATION, IMPLEMENTATION, or TEST.
Use just one class. Do not include any additional text.

### Input:
// TODO: This looks backwards. Left over from issue 2034?

### Response:",DOCUMENTATION
// This is a bit hard coded but if we use _scale here // some number displays go crazy.,DESIGN,"### Instruction: You are an AI assistant specialized in classifying code comments.
Your task is to analyze the code comments.
Classify the following code comment as DEFECT, DESIGN, DOCUMENTATION, IMPLEMENTATION, or TEST.
Use just one class. Do not include any additional text.

### Input:
// This is a bit hard coded but if we use _scale here // some number displays go crazy.

### Response:",DOCUMENTATION
// Check for duplicate name and rename if necessary,DESIGN,"### Instruction: You are an AI assistant specialized in classifying code comments.
Your task is to analyze the code comments.
Classify the following code comment as DEFECT, DESIGN, DOCUMENTATION, IMPLEMENTATION, or TEST.
Use just one class. Do not include any additional text.

### Input:
// Check for duplicate name and rename if necessary

### Response:",DOCUMENTATION
// SSS FIXME: Move this code to some utils area .. or probably there is already a method for this in some jruby utils class // Holy cow! Just to append two darned arrays!,DESIGN,"### Instruction: You are an AI assistant specialized in classifying code comments.
Your task is to analyze the code comments.
Classify the following code comment as DEFECT, DESIGN, DOCUMENTATION, IMPLEMENTATION, or TEST.
Use just one class. Do not include any additional text.

### Input:
// SSS FIXME: Move this code to some utils area .. or probably there is already a method for this in some jruby utils class // Holy cow! Just to append two darned arrays!

### Response:",DOCUMENTATION
// synchronized method per JRUBY-1173 (unsafe Double-Checked Locking) // FIXME: synchronization is still wrong in CP code,DEFECT,"### Instruction: You are an AI assistant specialized in classifying code comments.
Your task is to analyze the code comments.
Classify the following code comment as DEFECT, DESIGN, DOCUMENTATION, IMPLEMENTATION, or TEST.
Use just one class. Do not include any additional text.

### Input:
// synchronized method per JRUBY-1173 (unsafe Double-Checked Locking) // FIXME: synchronization is still wrong in CP code

### Response:",DESIGN
// FIXME: this should reset to what it was before,DEFECT,"### Instruction: You are an AI assistant specialized in classifying code comments.
Your task is to analyze the code comments.
Classify the following code comment as DEFECT, DESIGN, DOCUMENTATION, IMPLEMENTATION, or TEST.
Use just one class. Do not include any additional text.

### Input:
// FIXME: this should reset to what it was before

### Response:",DESIGN
//set the property values // Note: this may have already been done by another instance of // this DataType created to handle a different column.,DESIGN,"### Instruction: You are an AI assistant specialized in classifying code comments.
Your task is to analyze the code comments.
Classify the following code comment as DEFECT, DESIGN, DOCUMENTATION, IMPLEMENTATION, or TEST.
Use just one class. Do not include any additional text.

### Input:
//set the property values // Note: this may have already been done by another instance of // this DataType created to handle a different column.

### Response:",DOCUMENTATION
"/** * This is the interface for registering interest in events sent from * the model component.<p> * * Neither the registration or unregistration, nor the events themselves * contain any reference to the model implementation. Instead they * use the { java.beans.PropertyChangeListener}, * { java.beans.PropertyChangeEvent} to * deliver events.<p> * * The reference to the listener is a WeakReference so you don't need to * call removeWHATEVERListener, you can just forget about your listener * and it is eventually finalized and removed. This also means that you * will have to keep a reference to your listener while it is active. * Since the garbage collecting mechanism is not really deterministic * a forgotten about listener might still receive events. Unless it can * handle them in a harmless way, this approach should not be used. * * TODO: (Is this still true or does it refer to the NSUML * implementation? - tfm 20051109) * (This is part of the contract that is established between the Model * subsystem and its users. If that is not fulfilled by the current * implementation, then the current implementation is incorrect. * Linus 20060411).<p> * * TODO: What event names? * The event names generated are { String}s and their values and * meanings are not really well documented. In general they are the * name of an an association end or attribute in the UML metamodel.<p> * * Here are some highlights:<ul> * <li>""remove"" - event sent when the element is removed. * </ul> * * Linus Tolke */",DESIGN,"### Instruction: You are an AI assistant specialized in classifying code comments.
Your task is to analyze the code comments.
Classify the following code comment as DEFECT, DESIGN, DOCUMENTATION, IMPLEMENTATION, or TEST.
Use just one class. Do not include any additional text.

### Input:
/** * This is the interface for registering interest in events sent from * the model component.<p> * * Neither the registration or unregistration, nor the events themselves * contain any reference to the model implementation. Instead they * use the { java.beans.PropertyChangeListener}, * { java.beans.PropertyChangeEvent} to * deliver events.<p> * * The reference to the listener is a WeakReference so you don't need to * call removeWHATEVERListener, you can just forget about your listener * and it is eventually finalized and removed. This also means that you * will have to keep a reference to your listener while it is active. * Since the garbage collecting mechanism is not really deterministic * a forgotten about listener might still receive events. Unless it can * handle them in a harmless way, this approach should not be used. * * TODO: (Is this still true or does it refer to the NSUML * implementation? - tfm 20051109) * (This is part of the contract that is established between the Model * subsystem and its users. If that is not fulfilled by the current * implementation, then the current implementation is incorrect. * Linus 20060411).<p> * * TODO: What event names? * The event names generated are { String}s and their values and * meanings are not really well documented. In general they are the * name of an an association end or attribute in the UML metamodel.<p> * * Here are some highlights:<ul> * <li>""remove"" - event sent when the element is removed. * </ul> * * Linus Tolke */

### Response:",DESIGN
// TODO - use or remove,DESIGN,"### Instruction: You are an AI assistant specialized in classifying code comments.
Your task is to analyze the code comments.
Classify the following code comment as DEFECT, DESIGN, DOCUMENTATION, IMPLEMENTATION, or TEST.
Use just one class. Do not include any additional text.

### Input:
// TODO - use or remove

### Response:",DOCUMENTATION
// TODO: associationclasses fit both of the next 2 cases,DESIGN,"### Instruction: You are an AI assistant specialized in classifying code comments.
Your task is to analyze the code comments.
Classify the following code comment as DEFECT, DESIGN, DOCUMENTATION, IMPLEMENTATION, or TEST.
Use just one class. Do not include any additional text.

### Input:
// TODO: associationclasses fit both of the next 2 cases

### Response:","TODO: This comment is a DESIGN comment, as it suggests a design decision that needs to be made or revisited. The comment is about the association classes and their potential fit in the design."
"// TODO: Except this won't work because the names are different which // will cause a test in CheckUMLModelHelper to fail // remap.put(""Core:Permission"", ""Core:PackageImport"");",DEFECT,"### Instruction: You are an AI assistant specialized in classifying code comments.
Your task is to analyze the code comments.
Classify the following code comment as DEFECT, DESIGN, DOCUMENTATION, IMPLEMENTATION, or TEST.
Use just one class. Do not include any additional text.

### Input:
// TODO: Except this won't work because the names are different which // will cause a test in CheckUMLModelHelper to fail // remap.put(""Core:Permission"", ""Core:PackageImport"");

### Response:",TEST
"/* * Create a TaggedValue with a tag/type matching our source module * filename and a value of the file's last modified timestamp. * * TODO: This functionality needs to be moved someplace useful if * it's needed, otherwise it can be deleted. - tfm - 20070217 */",DESIGN,"### Instruction: You are an AI assistant specialized in classifying code comments.
Your task is to analyze the code comments.
Classify the following code comment as DEFECT, DESIGN, DOCUMENTATION, IMPLEMENTATION, or TEST.
Use just one class. Do not include any additional text.

### Input:
/* * Create a TaggedValue with a tag/type matching our source module * filename and a value of the file's last modified timestamp. * * TODO: This functionality needs to be moved someplace useful if * it's needed, otherwise it can be deleted. - tfm - 20070217 */

### Response:",TODO
// stupid: caret will automatically be incremented,DESIGN,"### Instruction: You are an AI assistant specialized in classifying code comments.
Your task is to analyze the code comments.
Classify the following code comment as DEFECT, DESIGN, DOCUMENTATION, IMPLEMENTATION, or TEST.
Use just one class. Do not include any additional text.

### Input:
// stupid: caret will automatically be incremented

### Response:",DOCUMENTATION
// TODO: These 2 should be handled with an Iterator!!!,DESIGN,"### Instruction: You are an AI assistant specialized in classifying code comments.
Your task is to analyze the code comments.
Classify the following code comment as DEFECT, DESIGN, DOCUMENTATION, IMPLEMENTATION, or TEST.
Use just one class. Do not include any additional text.

### Input:
// TODO: These 2 should be handled with an Iterator!!!

### Response:",DESIGN
// TODO: implement remaining supported types,IMPLEMENTATION,"### Instruction: You are an AI assistant specialized in classifying code comments.
Your task is to analyze the code comments.
Classify the following code comment as DEFECT, DESIGN, DOCUMENTATION, IMPLEMENTATION, or TEST.
Use just one class. Do not include any additional text.

### Input:
// TODO: implement remaining supported types

### Response:",IMPLEMENTATION
// TODO: We need to be more specific here about what to build,IMPLEMENTATION,"### Instruction: You are an AI assistant specialized in classifying code comments.
Your task is to analyze the code comments.
Classify the following code comment as DEFECT, DESIGN, DOCUMENTATION, IMPLEMENTATION, or TEST.
Use just one class. Do not include any additional text.

### Input:
// TODO: We need to be more specific here about what to build

### Response:",DESIGN
// is this an error???,DEFECT,"### Instruction: You are an AI assistant specialized in classifying code comments.
Your task is to analyze the code comments.
Classify the following code comment as DEFECT, DESIGN, DOCUMENTATION, IMPLEMENTATION, or TEST.
Use just one class. Do not include any additional text.

### Input:
// is this an error???

### Response:",DEFECT
// TODO ( karlpeder): Implementation of undo/redo missing,IMPLEMENTATION,"### Instruction: You are an AI assistant specialized in classifying code comments.
Your task is to analyze the code comments.
Classify the following code comment as DEFECT, DESIGN, DOCUMENTATION, IMPLEMENTATION, or TEST.
Use just one class. Do not include any additional text.

### Input:
// TODO ( karlpeder): Implementation of undo/redo missing

### Response:",IMPLEMENTATION
"// caching is not correct and doesn't seem to help... // enclosingNameSpace.cacheClass( name, genClass );",DEFECT,"### Instruction: You are an AI assistant specialized in classifying code comments.
Your task is to analyze the code comments.
Classify the following code comment as DEFECT, DESIGN, DOCUMENTATION, IMPLEMENTATION, or TEST.
Use just one class. Do not include any additional text.

### Input:
// caching is not correct and doesn't seem to help... // enclosingNameSpace.cacheClass( name, genClass );

### Response:",DEFECT
// FIXME: show a dialog with the error,IMPLEMENTATION,"### Instruction: You are an AI assistant specialized in classifying code comments.
Your task is to analyze the code comments.
Classify the following code comment as DEFECT, DESIGN, DOCUMENTATION, IMPLEMENTATION, or TEST.
Use just one class. Do not include any additional text.

### Input:
// FIXME: show a dialog with the error

### Response:",DOCUMENTATION
// TODO: make this do specific-arity calling,DESIGN,"### Instruction: You are an AI assistant specialized in classifying code comments.
Your task is to analyze the code comments.
Classify the following code comment as DEFECT, DESIGN, DOCUMENTATION, IMPLEMENTATION, or TEST.
Use just one class. Do not include any additional text.

### Input:
// TODO: make this do specific-arity calling

### Response:","TODO: This is a common keyword used in software development to denote tasks that need to be completed in the future. In this case, it suggests that the specific-arity calling needs to be implemented with more specific functionality. Therefore, the classification is IMPLEMENTATION."
"// TODO: the type of the model element used in a type parameter // (ie the formal) needs to match the actual parameter that it // gets replaced with later. This code is going to restrict that // to always being a Parameter which doesn't seem right, but I // don't have time to debug it right now. - tfm - 20090608",DESIGN,"### Instruction: You are an AI assistant specialized in classifying code comments.
Your task is to analyze the code comments.
Classify the following code comment as DEFECT, DESIGN, DOCUMENTATION, IMPLEMENTATION, or TEST.
Use just one class. Do not include any additional text.

### Input:
// TODO: the type of the model element used in a type parameter // (ie the formal) needs to match the actual parameter that it // gets replaced with later. This code is going to restrict that // to always being a Parameter which doesn't seem right, but I // don't have time to debug it right now. - tfm - 20090608

### Response:",DESIGN
// TODO: This is temporary. We need a new list for UML 2.x // The following UML 1.4 elements are not in UML 2.x,DESIGN,"### Instruction: You are an AI assistant specialized in classifying code comments.
Your task is to analyze the code comments.
Classify the following code comment as DEFECT, DESIGN, DOCUMENTATION, IMPLEMENTATION, or TEST.
Use just one class. Do not include any additional text.

### Input:
// TODO: This is temporary. We need a new list for UML 2.x // The following UML 1.4 elements are not in UML 2.x

### Response:",DOCUMENTATION
// TODO: Is there an option we can use to save our ArgoUML version?,DESIGN,"### Instruction: You are an AI assistant specialized in classifying code comments.
Your task is to analyze the code comments.
Classify the following code comment as DEFECT, DESIGN, DOCUMENTATION, IMPLEMENTATION, or TEST.
Use just one class. Do not include any additional text.

### Input:
// TODO: Is there an option we can use to save our ArgoUML version?

### Response:",DOCUMENTATION
/* Apparently in some environments you can't catch the security exception at all... e.g. as an applet in IE ... will probably have to work around */,DEFECT,"### Instruction: You are an AI assistant specialized in classifying code comments.
Your task is to analyze the code comments.
Classify the following code comment as DEFECT, DESIGN, DOCUMENTATION, IMPLEMENTATION, or TEST.
Use just one class. Do not include any additional text.

### Input:
/* Apparently in some environments you can't catch the security exception at all... e.g. as an applet in IE ... will probably have to work around */

### Response:",DOCUMENTATION
"/*XXX this is not thread-safe, though luck. It isn't supposed to be. */",DESIGN,"### Instruction: You are an AI assistant specialized in classifying code comments.
Your task is to analyze the code comments.
Classify the following code comment as DEFECT, DESIGN, DOCUMENTATION, IMPLEMENTATION, or TEST.
Use just one class. Do not include any additional text.

### Input:
/*XXX this is not thread-safe, though luck. It isn't supposed to be. */

### Response:",DESIGN
"// TODO: We don't really want to do the following, but I'm not sure // what depends on it - tfm - 20070725",DEFECT,"### Instruction: You are an AI assistant specialized in classifying code comments.
Your task is to analyze the code comments.
Classify the following code comment as DEFECT, DESIGN, DOCUMENTATION, IMPLEMENTATION, or TEST.
Use just one class. Do not include any additional text.

### Input:
// TODO: We don't really want to do the following, but I'm not sure // what depends on it - tfm - 20070725

### Response:",TODO
//TODO: get SQL rendering out of this package!,DESIGN,"### Instruction: You are an AI assistant specialized in classifying code comments.
Your task is to analyze the code comments.
Classify the following code comment as DEFECT, DESIGN, DOCUMENTATION, IMPLEMENTATION, or TEST.
Use just one class. Do not include any additional text.

### Input:
//TODO: get SQL rendering out of this package!

### Response:","TODO: This is a common abbreviation for ""To Do"", which is used to indicate tasks that need to be completed. In this case, the task is to get SQL rendering out of the current package. This is a DESIGN comment as it suggests a change in the architecture or design of the code."
//TODO: would it be better to do a refresh from db?,DESIGN,"### Instruction: You are an AI assistant specialized in classifying code comments.
Your task is to analyze the code comments.
Classify the following code comment as DEFECT, DESIGN, DOCUMENTATION, IMPLEMENTATION, or TEST.
Use just one class. Do not include any additional text.

### Input:
//TODO: would it be better to do a refresh from db?

### Response:",TODO: DESIGN
/* TODO: This needs work... * We also need to listen to addition/removal * of states to/from a ClassifierInState. */,DESIGN,"### Instruction: You are an AI assistant specialized in classifying code comments.
Your task is to analyze the code comments.
Classify the following code comment as DEFECT, DESIGN, DOCUMENTATION, IMPLEMENTATION, or TEST.
Use just one class. Do not include any additional text.

### Input:
/* TODO: This needs work... * We also need to listen to addition/removal * of states to/from a ClassifierInState. */

### Response:",TODO
// TODO: This is a part implementation of well-formedness rule // UML1.4.2 - 4.5.3.20 [3] Circular inheritance is not allowed. // not self.allParents->includes(self),DESIGN,"### Instruction: You are an AI assistant specialized in classifying code comments.
Your task is to analyze the code comments.
Classify the following code comment as DEFECT, DESIGN, DOCUMENTATION, IMPLEMENTATION, or TEST.
Use just one class. Do not include any additional text.

### Input:
// TODO: This is a part implementation of well-formedness rule // UML1.4.2 - 4.5.3.20 [3] Circular inheritance is not allowed. // not self.allParents->includes(self)

### Response:",IMPLEMENTATION
"// Arrays of Strings are a special case. // In XMLBeanWriter method ProcessProperty an array of // Strings is turned into a list of StringWrapper objects // in the XML (presumably so that when reading them back // we have a class that we can call setters on). Thus, // when reading back an array of Strings we actually read // an array of StringWrappers, which gives a type mis-match // in the following arrayCopy. Therefore we need to convert // the data that is currently in the StringWrapper objects // into actual Strings.",DESIGN,"### Instruction: You are an AI assistant specialized in classifying code comments.
Your task is to analyze the code comments.
Classify the following code comment as DEFECT, DESIGN, DOCUMENTATION, IMPLEMENTATION, or TEST.
Use just one class. Do not include any additional text.

### Input:
// Arrays of Strings are a special case. // In XMLBeanWriter method ProcessProperty an array of // Strings is turned into a list of StringWrapper objects // in the XML (presumably so that when reading them back // we have a class that we can call setters on). Thus, // when reading back an array of Strings we actually read // an array of StringWrappers, which gives a type mis-match // in the following arrayCopy. Therefore we need to convert // the data that is currently in the StringWrapper objects // into actual Strings.

### Response:",IMPLEMENTATION
"// looks bad with the OS X L&F, apparently...",DEFECT,"### Instruction: You are an AI assistant specialized in classifying code comments.
Your task is to analyze the code comments.
Classify the following code comment as DEFECT, DESIGN, DOCUMENTATION, IMPLEMENTATION, or TEST.
Use just one class. Do not include any additional text.

### Input:
// looks bad with the OS X L&F, apparently...

### Response:",DOCUMENTATION
// TODO can this happen?,DESIGN,"### Instruction: You are an AI assistant specialized in classifying code comments.
Your task is to analyze the code comments.
Classify the following code comment as DEFECT, DESIGN, DOCUMENTATION, IMPLEMENTATION, or TEST.
Use just one class. Do not include any additional text.

### Input:
// TODO can this happen?

### Response:",TODO
"/** * Class to manage Project related actions which need to be (or historically * have been) managed as singletons. * * TODO: It's unclear to me whether all of these actually have to be managed as * singletons, but for now I've just moved them from ProjectBrowser as is. - tfm * * Tom Morris */",DESIGN,"### Instruction: You are an AI assistant specialized in classifying code comments.
Your task is to analyze the code comments.
Classify the following code comment as DEFECT, DESIGN, DOCUMENTATION, IMPLEMENTATION, or TEST.
Use just one class. Do not include any additional text.

### Input:
/** * Class to manage Project related actions which need to be (or historically * have been) managed as singletons. * * TODO: It's unclear to me whether all of these actually have to be managed as * singletons, but for now I've just moved them from ProjectBrowser as is. - tfm * * Tom Morris */

### Response:",DOCUMENTATION
"//XXX // All this to get package according to weblogic standards // Can be written better... this is too hacky! // Careful.. similar code in scanDir , but slightly different!!",DESIGN,"### Instruction: You are an AI assistant specialized in classifying code comments.
Your task is to analyze the code comments.
Classify the following code comment as DEFECT, DESIGN, DOCUMENTATION, IMPLEMENTATION, or TEST.
Use just one class. Do not include any additional text.

### Input:
//XXX // All this to get package according to weblogic standards // Can be written better... this is too hacky! // Careful.. similar code in scanDir , but slightly different!!

### Response:",DESIGN
// TODO: not in UML 2,DEFECT,"### Instruction: You are an AI assistant specialized in classifying code comments.
Your task is to analyze the code comments.
Classify the following code comment as DEFECT, DESIGN, DOCUMENTATION, IMPLEMENTATION, or TEST.
Use just one class. Do not include any additional text.

### Input:
// TODO: not in UML 2

### Response:",DOCUMENTATION
/** * True if an instance is allowed to be * invisible. This is currently only set true by FigEdgePort. * TODO: FigEdgePort should be removed from the FigNodeModelElement * hierarchy and so the need for this removed. */,DESIGN,"### Instruction: You are an AI assistant specialized in classifying code comments.
Your task is to analyze the code comments.
Classify the following code comment as DEFECT, DESIGN, DOCUMENTATION, IMPLEMENTATION, or TEST.
Use just one class. Do not include any additional text.

### Input:
/** * True if an instance is allowed to be * invisible. This is currently only set true by FigEdgePort. * TODO: FigEdgePort should be removed from the FigNodeModelElement * hierarchy and so the need for this removed. */

### Response:",TODO
// TODO: put these nil guards into tree (bigger than I want to do right now),IMPLEMENTATION,"### Instruction: You are an AI assistant specialized in classifying code comments.
Your task is to analyze the code comments.
Classify the following code comment as DEFECT, DESIGN, DOCUMENTATION, IMPLEMENTATION, or TEST.
Use just one class. Do not include any additional text.

### Input:
// TODO: put these nil guards into tree (bigger than I want to do right now)

### Response:",TODO
"// now handle specific plot types (and yes, I know this is some // really ugly code that has to be manually updated any time a new // plot type is added - I should have written something much cooler, // but I didn't and neither did anyone else).",DESIGN,"### Instruction: You are an AI assistant specialized in classifying code comments.
Your task is to analyze the code comments.
Classify the following code comment as DEFECT, DESIGN, DOCUMENTATION, IMPLEMENTATION, or TEST.
Use just one class. Do not include any additional text.

### Input:
// now handle specific plot types (and yes, I know this is some // really ugly code that has to be manually updated any time a new // plot type is added - I should have written something much cooler, // but I didn't and neither did anyone else).

### Response:",DESIGN
//Yuck:,DESIGN,"### Instruction: You are an AI assistant specialized in classifying code comments.
Your task is to analyze the code comments.
Classify the following code comment as DEFECT, DESIGN, DOCUMENTATION, IMPLEMENTATION, or TEST.
Use just one class. Do not include any additional text.

### Input:
//Yuck:

### Response:",DOCUMENTATION
// TODO: Do we care?,DESIGN,"### Instruction: You are an AI assistant specialized in classifying code comments.
Your task is to analyze the code comments.
Classify the following code comment as DEFECT, DESIGN, DOCUMENTATION, IMPLEMENTATION, or TEST.
Use just one class. Do not include any additional text.

### Input:
// TODO: Do we care?

### Response:",DOCUMENTATION
"/** * Make use of the default visibility, which is public... * TODO: centralise this knowledge. * * org.argouml.uml.diagram.ui.AbstractActionRadioMenuItem valueOfTarget(java.lang.Object) */",DOCUMENTATION,"### Instruction: You are an AI assistant specialized in classifying code comments.
Your task is to analyze the code comments.
Classify the following code comment as DEFECT, DESIGN, DOCUMENTATION, IMPLEMENTATION, or TEST.
Use just one class. Do not include any additional text.

### Input:
/** * Make use of the default visibility, which is public... * TODO: centralise this knowledge. * * org.argouml.uml.diagram.ui.AbstractActionRadioMenuItem valueOfTarget(java.lang.Object) */

### Response:",TODO
"/* * TODO: Delete me * Copyright (C) 2002-2003 Johan Compagner * jcompagner * * This library is free software; you can redistribute it and/or * modify it under the terms of the GNU Lesser General Public * License as published by the Free Software Foundation; either * version 2.1 of the License, or (at your option) any later version. * * This library is distributed in the hope that it will be useful, * but WITHOUT ANY WARRANTY; without even the implied warranty of * MERCHANTABILITY or FITNESS FOR A PARTICULAR PURPOSE. See the GNU * Lesser General Public License for more details. * * You should have received a copy of the GNU Lesser General Public * License along with this library; if not, write to the Free Software * Foundation, Inc., 59 Temple Place, Suite 330, Boston, MA 02111-1307 USA */",DESIGN,"### Instruction: You are an AI assistant specialized in classifying code comments.
Your task is to analyze the code comments.
Classify the following code comment as DEFECT, DESIGN, DOCUMENTATION, IMPLEMENTATION, or TEST.
Use just one class. Do not include any additional text.

### Input:
/* * TODO: Delete me * Copyright (C) 2002-2003 Johan Compagner * jcompagner * * This library is free software; you can redistribute it and/or * modify it under the terms of the GNU Lesser General Public * License as published by the Free Software Foundation; either * version 2.1 of the License, or (at your option) any later version. * * This library is distributed in the hope that it will be useful, * but WITHOUT ANY WARRANTY; without even the implied warranty of * MERCHANTABILITY or FITNESS FOR A PARTICULAR PURPOSE. See the GNU * Lesser General Public License for more details. * * You should have received a copy of the GNU Lesser General Public * License along with this library; if not, write to the Free Software * Foundation, Inc., 59 Temple Place, Suite 330, Boston, MA 02111-1307 USA */

### Response:",DOCUMENTATION
// TODO: implement this - show some documentation?,IMPLEMENTATION,"### Instruction: You are an AI assistant specialized in classifying code comments.
Your task is to analyze the code comments.
Classify the following code comment as DEFECT, DESIGN, DOCUMENTATION, IMPLEMENTATION, or TEST.
Use just one class. Do not include any additional text.

### Input:
// TODO: implement this - show some documentation?

### Response:",DOCUMENTATION
// TODO: Implement this better,IMPLEMENTATION,"### Instruction: You are an AI assistant specialized in classifying code comments.
Your task is to analyze the code comments.
Classify the following code comment as DEFECT, DESIGN, DOCUMENTATION, IMPLEMENTATION, or TEST.
Use just one class. Do not include any additional text.

### Input:
// TODO: Implement this better

### Response:",IMPLEMENTATION
"// TODO : probably better to calculate these and pass them in, as it'll be more performant",DESIGN,"### Instruction: You are an AI assistant specialized in classifying code comments.
Your task is to analyze the code comments.
Classify the following code comment as DEFECT, DESIGN, DOCUMENTATION, IMPLEMENTATION, or TEST.
Use just one class. Do not include any additional text.

### Input:
// TODO : probably better to calculate these and pass them in, as it'll be more performant

### Response:",IMPLEMENTATION
"//??? For now, use the same renderer as everyone else. //?? //?? IN FUTURE: change this to use a new instance of renederer //?? for this data type.",DESIGN,"### Instruction: You are an AI assistant specialized in classifying code comments.
Your task is to analyze the code comments.
Classify the following code comment as DEFECT, DESIGN, DOCUMENTATION, IMPLEMENTATION, or TEST.
Use just one class. Do not include any additional text.

### Input:
//??? For now, use the same renderer as everyone else. //?? //?? IN FUTURE: change this to use a new instance of renederer //?? for this data type.

### Response:",DESIGN
"// todo: we should really just collect these from the various SelectExpressions, rather than regenerating here",DESIGN,"### Instruction: You are an AI assistant specialized in classifying code comments.
Your task is to analyze the code comments.
Classify the following code comment as DEFECT, DESIGN, DOCUMENTATION, IMPLEMENTATION, or TEST.
Use just one class. Do not include any additional text.

### Input:
// todo: we should really just collect these from the various SelectExpressions, rather than regenerating here

### Response:",DOCUMENTATION
"//TODO: entities CAN be compared, by PK and entity name, fix this!",DEFECT,"### Instruction: You are an AI assistant specialized in classifying code comments.
Your task is to analyze the code comments.
Classify the following code comment as DEFECT, DESIGN, DOCUMENTATION, IMPLEMENTATION, or TEST.
Use just one class. Do not include any additional text.

### Input:
//TODO: entities CAN be compared, by PK and entity name, fix this!

### Response:","TODO: This is a task or reminder for future work, which falls under the category of DESIGN. The comment suggests a design change or improvement to the current code."
// TODO: These 2 should be handled with an Iterator.,DESIGN,"### Instruction: You are an AI assistant specialized in classifying code comments.
Your task is to analyze the code comments.
Classify the following code comment as DEFECT, DESIGN, DOCUMENTATION, IMPLEMENTATION, or TEST.
Use just one class. Do not include any additional text.

### Input:
// TODO: These 2 should be handled with an Iterator.

### Response:",DESIGN
/** * TODO: These can not simply be translated... */,IMPLEMENTATION,"### Instruction: You are an AI assistant specialized in classifying code comments.
Your task is to analyze the code comments.
Classify the following code comment as DEFECT, DESIGN, DOCUMENTATION, IMPLEMENTATION, or TEST.
Use just one class. Do not include any additional text.

### Input:
/** * TODO: These can not simply be translated... */

### Response:",TODO
"//??? For now, use the same renderer as everyone else. //?? //?? IN FUTURE: change this to use a new instance of renederer //?? for this data type.",DESIGN,"### Instruction: You are an AI assistant specialized in classifying code comments.
Your task is to analyze the code comments.
Classify the following code comment as DEFECT, DESIGN, DOCUMENTATION, IMPLEMENTATION, or TEST.
Use just one class. Do not include any additional text.

### Input:
//??? For now, use the same renderer as everyone else. //?? //?? IN FUTURE: change this to use a new instance of renederer //?? for this data type.

### Response:",DESIGN
"// FIXME: This is currently only here because of some problems with IOOutputStream writing to a ""bare"" runtime without a proper scope",DESIGN,"### Instruction: You are an AI assistant specialized in classifying code comments.
Your task is to analyze the code comments.
Classify the following code comment as DEFECT, DESIGN, DOCUMENTATION, IMPLEMENTATION, or TEST.
Use just one class. Do not include any additional text.

### Input:
// FIXME: This is currently only here because of some problems with IOOutputStream writing to a ""bare"" runtime without a proper scope

### Response:",DESIGN
// TODO: When message are can have some text in red (error) // and some normal then put out errors in red.,IMPLEMENTATION,"### Instruction: You are an AI assistant specialized in classifying code comments.
Your task is to analyze the code comments.
Classify the following code comment as DEFECT, DESIGN, DOCUMENTATION, IMPLEMENTATION, or TEST.
Use just one class. Do not include any additional text.

### Input:
// TODO: When message are can have some text in red (error) // and some normal then put out errors in red.

### Response:",TODO
// TODO: improve this test // $NON-NLS-1$ $NON-NLS-2$ // Missing variable name,TEST,"### Instruction: You are an AI assistant specialized in classifying code comments.
Your task is to analyze the code comments.
Classify the following code comment as DEFECT, DESIGN, DOCUMENTATION, IMPLEMENTATION, or TEST.
Use just one class. Do not include any additional text.

### Input:
// TODO: improve this test // $NON-NLS-1$ $NON-NLS-2$ // Missing variable name

### Response:",TEST
"/** * TODO: Use the following function to have a dropdown set of tools: * ToolBarFactory.addItemsToToolBar(buttonPanel, actions, true); * Instead, this temporary solution: * * buttonPanel the toolbar * actions an array of actions representing the tool layout */",DESIGN,"### Instruction: You are an AI assistant specialized in classifying code comments.
Your task is to analyze the code comments.
Classify the following code comment as DEFECT, DESIGN, DOCUMENTATION, IMPLEMENTATION, or TEST.
Use just one class. Do not include any additional text.

### Input:
/** * TODO: Use the following function to have a dropdown set of tools: * ToolBarFactory.addItemsToToolBar(buttonPanel, actions, true); * Instead, this temporary solution: * * buttonPanel the toolbar * actions an array of actions representing the tool layout */

### Response:",DESIGN
// FIXME: This isn't quite right; it shouldn't evaluate the value if it's going to throw the error,DEFECT,"### Instruction: You are an AI assistant specialized in classifying code comments.
Your task is to analyze the code comments.
Classify the following code comment as DEFECT, DESIGN, DOCUMENTATION, IMPLEMENTATION, or TEST.
Use just one class. Do not include any additional text.

### Input:
// FIXME: This isn't quite right; it shouldn't evaluate the value if it's going to throw the error

### Response:",DEFECT
// TODO Hack that should be removed.,DESIGN,"### Instruction: You are an AI assistant specialized in classifying code comments.
Your task is to analyze the code comments.
Classify the following code comment as DEFECT, DESIGN, DOCUMENTATION, IMPLEMENTATION, or TEST.
Use just one class. Do not include any additional text.

### Input:
// TODO Hack that should be removed.

### Response:",DEFECT
"// HACK: in order to have stdout/err act like ttys and flush always, // we set anything assigned to stdout/stderr to sync",DESIGN,"### Instruction: You are an AI assistant specialized in classifying code comments.
Your task is to analyze the code comments.
Classify the following code comment as DEFECT, DESIGN, DOCUMENTATION, IMPLEMENTATION, or TEST.
Use just one class. Do not include any additional text.

### Input:
// HACK: in order to have stdout/err act like ttys and flush always, // we set anything assigned to stdout/stderr to sync

### Response:",IMPLEMENTATION
// inheritance cycle detection (paranoid check),DESIGN,"### Instruction: You are an AI assistant specialized in classifying code comments.
Your task is to analyze the code comments.
Classify the following code comment as DEFECT, DESIGN, DOCUMENTATION, IMPLEMENTATION, or TEST.
Use just one class. Do not include any additional text.

### Input:
// inheritance cycle detection (paranoid check)

### Response:",DESIGN
// TODO: Register listener for target ToDo item changes // and for new showStep() requests,IMPLEMENTATION,"### Instruction: You are an AI assistant specialized in classifying code comments.
Your task is to analyze the code comments.
Classify the following code comment as DEFECT, DESIGN, DOCUMENTATION, IMPLEMENTATION, or TEST.
Use just one class. Do not include any additional text.

### Input:
// TODO: Register listener for target ToDo item changes // and for new showStep() requests

### Response:",DESIGN
"/** * Provides query splitting methods, which were originally in QueryTranslator. * <br> * TODO: This will need to be refactored at some point. * * josh */",DESIGN,"### Instruction: You are an AI assistant specialized in classifying code comments.
Your task is to analyze the code comments.
Classify the following code comment as DEFECT, DESIGN, DOCUMENTATION, IMPLEMENTATION, or TEST.
Use just one class. Do not include any additional text.

### Input:
/** * Provides query splitting methods, which were originally in QueryTranslator. * <br> * TODO: This will need to be refactored at some point. * * josh */

### Response:",DOCUMENTATION
// XXX - should throw an exception instead?,DESIGN,"### Instruction: You are an AI assistant specialized in classifying code comments.
Your task is to analyze the code comments.
Classify the following code comment as DEFECT, DESIGN, DOCUMENTATION, IMPLEMENTATION, or TEST.
Use just one class. Do not include any additional text.

### Input:
// XXX - should throw an exception instead?

### Response:",DOCUMENTATION
// TODO: not in UML 2,DEFECT,"### Instruction: You are an AI assistant specialized in classifying code comments.
Your task is to analyze the code comments.
Classify the following code comment as DEFECT, DESIGN, DOCUMENTATION, IMPLEMENTATION, or TEST.
Use just one class. Do not include any additional text.

### Input:
// TODO: not in UML 2

### Response:",DOCUMENTATION
//is this ok?,DESIGN,"### Instruction: You are an AI assistant specialized in classifying code comments.
Your task is to analyze the code comments.
Classify the following code comment as DEFECT, DESIGN, DOCUMENTATION, IMPLEMENTATION, or TEST.
Use just one class. Do not include any additional text.

### Input:
//is this ok?

### Response:",DOCUMENTATION
// TODO: Hard coded -. JDBC/ODBC bridge JDK1.4 // brings back -9 for nvarchar columns in // MS SQL Server tables.,DESIGN,"### Instruction: You are an AI assistant specialized in classifying code comments.
Your task is to analyze the code comments.
Classify the following code comment as DEFECT, DESIGN, DOCUMENTATION, IMPLEMENTATION, or TEST.
Use just one class. Do not include any additional text.

### Input:
// TODO: Hard coded -. JDBC/ODBC bridge JDK1.4 // brings back -9 for nvarchar columns in // MS SQL Server tables.

### Response:",TODO
// $NON-NLS-1$ // TODO can this be obtained from the file somehow?,DESIGN,"### Instruction: You are an AI assistant specialized in classifying code comments.
Your task is to analyze the code comments.
Classify the following code comment as DEFECT, DESIGN, DOCUMENTATION, IMPLEMENTATION, or TEST.
Use just one class. Do not include any additional text.

### Input:
// $NON-NLS-1$ // TODO can this be obtained from the file somehow?

### Response:",TODO
// TODO: URLEncode?,DESIGN,"### Instruction: You are an AI assistant specialized in classifying code comments.
Your task is to analyze the code comments.
Classify the following code comment as DEFECT, DESIGN, DOCUMENTATION, IMPLEMENTATION, or TEST.
Use just one class. Do not include any additional text.

### Input:
// TODO: URLEncode?

### Response:",DOCUMENTATION
"// Strip off drive letters! // REVIEW Would a better check be ""(File.separator == '\')""?",DESIGN,"### Instruction: You are an AI assistant specialized in classifying code comments.
Your task is to analyze the code comments.
Classify the following code comment as DEFECT, DESIGN, DOCUMENTATION, IMPLEMENTATION, or TEST.
Use just one class. Do not include any additional text.

### Input:
// Strip off drive letters! // REVIEW Would a better check be ""(File.separator == '\')""?

### Response:",REVIEW
// TODO: encapsulate the protected instance variables!,DESIGN,"### Instruction: You are an AI assistant specialized in classifying code comments.
Your task is to analyze the code comments.
Classify the following code comment as DEFECT, DESIGN, DOCUMENTATION, IMPLEMENTATION, or TEST.
Use just one class. Do not include any additional text.

### Input:
// TODO: encapsulate the protected instance variables!

### Response:",DESIGN
// XXX - should throw an exception instead?,DESIGN,"### Instruction: You are an AI assistant specialized in classifying code comments.
Your task is to analyze the code comments.
Classify the following code comment as DEFECT, DESIGN, DOCUMENTATION, IMPLEMENTATION, or TEST.
Use just one class. Do not include any additional text.

### Input:
// XXX - should throw an exception instead?

### Response:",DOCUMENTATION
//TODO: does this really need to be here? // does the collection already have // it's own up-to-date snapshot?,DESIGN,"### Instruction: You are an AI assistant specialized in classifying code comments.
Your task is to analyze the code comments.
Classify the following code comment as DEFECT, DESIGN, DOCUMENTATION, IMPLEMENTATION, or TEST.
Use just one class. Do not include any additional text.

### Input:
//TODO: does this really need to be here? // does the collection already have // it's own up-to-date snapshot?

### Response:",DOCUMENTATION
// hack to make sure that the right height is // applied when no icon is used.,DESIGN,"### Instruction: You are an AI assistant specialized in classifying code comments.
Your task is to analyze the code comments.
Classify the following code comment as DEFECT, DESIGN, DOCUMENTATION, IMPLEMENTATION, or TEST.
Use just one class. Do not include any additional text.

### Input:
// hack to make sure that the right height is // applied when no icon is used.

### Response:",DESIGN
/* TODO: What if used elsewhere? */,DESIGN,"### Instruction: You are an AI assistant specialized in classifying code comments.
Your task is to analyze the code comments.
Classify the following code comment as DEFECT, DESIGN, DOCUMENTATION, IMPLEMENTATION, or TEST.
Use just one class. Do not include any additional text.

### Input:
/* TODO: What if used elsewhere? */

### Response:",DOCUMENTATION
"// TODO: the '\n' literal here should be a test against REToken.newline, // which unfortunately may be more than a single character.",TEST,"### Instruction: You are an AI assistant specialized in classifying code comments.
Your task is to analyze the code comments.
Classify the following code comment as DEFECT, DESIGN, DOCUMENTATION, IMPLEMENTATION, or TEST.
Use just one class. Do not include any additional text.

### Input:
// TODO: the '\n' literal here should be a test against REToken.newline, // which unfortunately may be more than a single character.

### Response:",TEST
/** * An annotation that allows an image to be placed at some location on * an { XYPlot}. * * TODO: implement serialization properly (image is not serializable). */,IMPLEMENTATION,"### Instruction: You are an AI assistant specialized in classifying code comments.
Your task is to analyze the code comments.
Classify the following code comment as DEFECT, DESIGN, DOCUMENTATION, IMPLEMENTATION, or TEST.
Use just one class. Do not include any additional text.

### Input:
/** * An annotation that allows an image to be placed at some location on * an { XYPlot}. * * TODO: implement serialization properly (image is not serializable). */

### Response:",DESIGN
// TODO: 2nd next() for single hasNext(),IMPLEMENTATION,"### Instruction: You are an AI assistant specialized in classifying code comments.
Your task is to analyze the code comments.
Classify the following code comment as DEFECT, DESIGN, DOCUMENTATION, IMPLEMENTATION, or TEST.
Use just one class. Do not include any additional text.

### Input:
// TODO: 2nd next() for single hasNext()

### Response:",TODO
"// FIXME: This is currently only here because of some problems with IOOutputStream writing to a ""bare"" runtime without a proper scope",DESIGN,"### Instruction: You are an AI assistant specialized in classifying code comments.
Your task is to analyze the code comments.
Classify the following code comment as DEFECT, DESIGN, DOCUMENTATION, IMPLEMENTATION, or TEST.
Use just one class. Do not include any additional text.

### Input:
// FIXME: This is currently only here because of some problems with IOOutputStream writing to a ""bare"" runtime without a proper scope

### Response:",DESIGN
// TODO should this set the thread names for all the subsamples? // might be more efficient than fetching the name elsewehere,DESIGN,"### Instruction: You are an AI assistant specialized in classifying code comments.
Your task is to analyze the code comments.
Classify the following code comment as DEFECT, DESIGN, DOCUMENTATION, IMPLEMENTATION, or TEST.
Use just one class. Do not include any additional text.

### Input:
// TODO should this set the thread names for all the subsamples? // might be more efficient than fetching the name elsewehere

### Response:",DOCUMENTATION
/* Thanks to Slava Pestov (of jEdit fame) for import caching enhancements. Note: This class has gotten too big. It should be broken down a bit. */,DESIGN,"### Instruction: You are an AI assistant specialized in classifying code comments.
Your task is to analyze the code comments.
Classify the following code comment as DEFECT, DESIGN, DOCUMENTATION, IMPLEMENTATION, or TEST.
Use just one class. Do not include any additional text.

### Input:
/* Thanks to Slava Pestov (of jEdit fame) for import caching enhancements. Note: This class has gotten too big. It should be broken down a bit. */

### Response:",DESIGN
// TODO: getAllPossibleSubvertices and getAllSubStates are duplicates - tfm,DESIGN,"### Instruction: You are an AI assistant specialized in classifying code comments.
Your task is to analyze the code comments.
Classify the following code comment as DEFECT, DESIGN, DOCUMENTATION, IMPLEMENTATION, or TEST.
Use just one class. Do not include any additional text.

### Input:
// TODO: getAllPossibleSubvertices and getAllSubStates are duplicates - tfm

### Response:",DESIGN
// TODO ( fdietz): fix account info panel check,DESIGN,"### Instruction: You are an AI assistant specialized in classifying code comments.
Your task is to analyze the code comments.
Classify the following code comment as DEFECT, DESIGN, DOCUMENTATION, IMPLEMENTATION, or TEST.
Use just one class. Do not include any additional text.

### Input:
// TODO ( fdietz): fix account info panel check

### Response:",TODO
"// // We have to deal with assembly!!! // The programmer can be writing little 32 byte chunks for all // we know, and we must assemble complete records for writing. // REVIEW Maybe this should be in TarBuffer? Could that help to // eliminate some of the buffer copying. //",DESIGN,"### Instruction: You are an AI assistant specialized in classifying code comments.
Your task is to analyze the code comments.
Classify the following code comment as DEFECT, DESIGN, DOCUMENTATION, IMPLEMENTATION, or TEST.
Use just one class. Do not include any additional text.

### Input:
// // We have to deal with assembly!!! // The programmer can be writing little 32 byte chunks for all // we know, and we must assemble complete records for writing. // REVIEW Maybe this should be in TarBuffer? Could that help to // eliminate some of the buffer copying. //

### Response:",DESIGN
// TODO: treat Message,IMPLEMENTATION,"### Instruction: You are an AI assistant specialized in classifying code comments.
Your task is to analyze the code comments.
Classify the following code comment as DEFECT, DESIGN, DOCUMENTATION, IMPLEMENTATION, or TEST.
Use just one class. Do not include any additional text.

### Input:
// TODO: treat Message

### Response:",DOCUMENTATION
//TO DO : delete the file if it is not a valid file.,IMPLEMENTATION,"### Instruction: You are an AI assistant specialized in classifying code comments.
Your task is to analyze the code comments.
Classify the following code comment as DEFECT, DESIGN, DOCUMENTATION, IMPLEMENTATION, or TEST.
Use just one class. Do not include any additional text.

### Input:
//TO DO : delete the file if it is not a valid file.

### Response:",DESIGN
"// hack for to do items only, should check isLeaf(node), but that // includes empty folders. Really I need alwaysLeaf(node).",DESIGN,"### Instruction: You are an AI assistant specialized in classifying code comments.
Your task is to analyze the code comments.
Classify the following code comment as DEFECT, DESIGN, DOCUMENTATION, IMPLEMENTATION, or TEST.
Use just one class. Do not include any additional text.

### Input:
// hack for to do items only, should check isLeaf(node), but that // includes empty folders. Really I need alwaysLeaf(node).

### Response:",DESIGN
"/* * JMeterTreeNode and TestBeanGUI are special GUI classes, and * aren't intended to be added to menus * * TODO: find a better way of checking this */",DESIGN,"### Instruction: You are an AI assistant specialized in classifying code comments.
Your task is to analyze the code comments.
Classify the following code comment as DEFECT, DESIGN, DOCUMENTATION, IMPLEMENTATION, or TEST.
Use just one class. Do not include any additional text.

### Input:
/* * JMeterTreeNode and TestBeanGUI are special GUI classes, and * aren't intended to be added to menus * * TODO: find a better way of checking this */

### Response:",TODO
/* TODO: What if used elsewhere? */,DESIGN,"### Instruction: You are an AI assistant specialized in classifying code comments.
Your task is to analyze the code comments.
Classify the following code comment as DEFECT, DESIGN, DOCUMENTATION, IMPLEMENTATION, or TEST.
Use just one class. Do not include any additional text.

### Input:
/* TODO: What if used elsewhere? */

### Response:",DOCUMENTATION
// TODO: There's a cyclic dependency between FigConcurrentRegion and // the actions ActionAddConcurrentRegion,DESIGN,"### Instruction: You are an AI assistant specialized in classifying code comments.
Your task is to analyze the code comments.
Classify the following code comment as DEFECT, DESIGN, DOCUMENTATION, IMPLEMENTATION, or TEST.
Use just one class. Do not include any additional text.

### Input:
// TODO: There's a cyclic dependency between FigConcurrentRegion and // the actions ActionAddConcurrentRegion

### Response:",DEFECT
// TODO: is it really neceassry to provide Configuration to CollectionPersisters ? Should it not be enough with associated class ? // or why does EntityPersister's not get access to configuration ? // // The only reason I could see that Configuration gets passed to collection persisters // is so that they can look up the dom4j node name of the entity element in case // no explicit node name was applied at the collection element level. Are you kidding me? // Trivial to fix then. Just store and expose the node name on the entity persister // (which the collection persister looks up anyway via other means...).,DESIGN,"### Instruction: You are an AI assistant specialized in classifying code comments.
Your task is to analyze the code comments.
Classify the following code comment as DEFECT, DESIGN, DOCUMENTATION, IMPLEMENTATION, or TEST.
Use just one class. Do not include any additional text.

### Input:
// TODO: is it really neceassry to provide Configuration to CollectionPersisters ? Should it not be enough with associated class ? // or why does EntityPersister's not get access to configuration ? // // The only reason I could see that Configuration gets passed to collection persisters // is so that they can look up the dom4j node name of the entity element in case // no explicit node name was applied at the collection element level. Are you kidding me? // Trivial to fix then. Just store and expose the node name on the entity persister // (which the collection persister looks up anyway via other means...).

### Response:",DESIGN
"/* this is stupid and misleading. * but 'path' is not used anywhere except * the above line, and if this is done * after the 'continue', then we will * either hang, or be forced to duplicate * it inside the buffer == null, or add * a 'finally' clause. you decide which one's * worse. */",DESIGN,"### Instruction: You are an AI assistant specialized in classifying code comments.
Your task is to analyze the code comments.
Classify the following code comment as DEFECT, DESIGN, DOCUMENTATION, IMPLEMENTATION, or TEST.
Use just one class. Do not include any additional text.

### Input:
/* this is stupid and misleading. * but 'path' is not used anywhere except * the above line, and if this is done * after the 'continue', then we will * either hang, or be forced to duplicate * it inside the buffer == null, or add * a 'finally' clause. you decide which one's * worse. */

### Response:",DEFECT
// On Win 2000 & XP mnemonics are normally hidden. To make them // visible you press the alt key. Under the Windows L&F pressing // alt may not work. This code is a workaround. See bug report // 4736093 for more information.,DESIGN,"### Instruction: You are an AI assistant specialized in classifying code comments.
Your task is to analyze the code comments.
Classify the following code comment as DEFECT, DESIGN, DOCUMENTATION, IMPLEMENTATION, or TEST.
Use just one class. Do not include any additional text.

### Input:
// On Win 2000 & XP mnemonics are normally hidden. To make them // visible you press the alt key. Under the Windows L&F pressing // alt may not work. This code is a workaround. See bug report // 4736093 for more information.

### Response:",DOCUMENTATION
// TODO: This seems like a brute force workaround (and a very // indirect one at that). It appears to be needed though until // we fix the problem properly. - tfm 20070904,DESIGN,"### Instruction: You are an AI assistant specialized in classifying code comments.
Your task is to analyze the code comments.
Classify the following code comment as DEFECT, DESIGN, DOCUMENTATION, IMPLEMENTATION, or TEST.
Use just one class. Do not include any additional text.

### Input:
// TODO: This seems like a brute force workaround (and a very // indirect one at that). It appears to be needed though until // we fix the problem properly. - tfm 20070904

### Response:",DESIGN
// defer argument checking,DESIGN,"### Instruction: You are an AI assistant specialized in classifying code comments.
Your task is to analyze the code comments.
Classify the following code comment as DEFECT, DESIGN, DOCUMENTATION, IMPLEMENTATION, or TEST.
Use just one class. Do not include any additional text.

### Input:
// defer argument checking

### Response:",DOCUMENTATION
// This should probably be in Reflect.java,DESIGN,"### Instruction: You are an AI assistant specialized in classifying code comments.
Your task is to analyze the code comments.
Classify the following code comment as DEFECT, DESIGN, DOCUMENTATION, IMPLEMENTATION, or TEST.
Use just one class. Do not include any additional text.

### Input:
// This should probably be in Reflect.java

### Response:",DOCUMENTATION
"// Don't use ""real"" type. Axion sets the column size to 12 by default, // yet it can handle more precision. So data being copied from the real // column can potentially be larger than what the column claims to support. // This will be a problem for other databases that pay attention to the // column size. // TODO: Perhaps re-introduce the REAL type, but use the new // getPrecisionDigits to max out the precision.",DESIGN,"### Instruction: You are an AI assistant specialized in classifying code comments.
Your task is to analyze the code comments.
Classify the following code comment as DEFECT, DESIGN, DOCUMENTATION, IMPLEMENTATION, or TEST.
Use just one class. Do not include any additional text.

### Input:
// Don't use ""real"" type. Axion sets the column size to 12 by default, // yet it can handle more precision. So data being copied from the real // column can potentially be larger than what the column claims to support. // This will be a problem for other databases that pay attention to the // column size. // TODO: Perhaps re-introduce the REAL type, but use the new // getPrecisionDigits to max out the precision.

### Response:",DESIGN
// not very nice but will do the job,DESIGN,"### Instruction: You are an AI assistant specialized in classifying code comments.
Your task is to analyze the code comments.
Classify the following code comment as DEFECT, DESIGN, DOCUMENTATION, IMPLEMENTATION, or TEST.
Use just one class. Do not include any additional text.

### Input:
// not very nice but will do the job

### Response:",DOCUMENTATION
/** rb_obj_id * * Return the internal id of an object. * * FIXME: Should this be renamed to match its ruby name? */,DESIGN,"### Instruction: You are an AI assistant specialized in classifying code comments.
Your task is to analyze the code comments.
Classify the following code comment as DEFECT, DESIGN, DOCUMENTATION, IMPLEMENTATION, or TEST.
Use just one class. Do not include any additional text.

### Input:
/** rb_obj_id * * Return the internal id of an object. * * FIXME: Should this be renamed to match its ruby name? */

### Response:",DOCUMENTATION
/* TODO: correctly implement next function * in the model subsystem for * issue 1942: */,IMPLEMENTATION,"### Instruction: You are an AI assistant specialized in classifying code comments.
Your task is to analyze the code comments.
Classify the following code comment as DEFECT, DESIGN, DOCUMENTATION, IMPLEMENTATION, or TEST.
Use just one class. Do not include any additional text.

### Input:
/* TODO: correctly implement next function * in the model subsystem for * issue 1942: */

### Response:",DESIGN
"// Do nothing for now, and avoid propagating the exception. // How should builders handle cancel?",DESIGN,"### Instruction: You are an AI assistant specialized in classifying code comments.
Your task is to analyze the code comments.
Classify the following code comment as DEFECT, DESIGN, DOCUMENTATION, IMPLEMENTATION, or TEST.
Use just one class. Do not include any additional text.

### Input:
// Do nothing for now, and avoid propagating the exception. // How should builders handle cancel?

### Response:",DESIGN
// TODO: wire into new exception handling mechanism,DESIGN,"### Instruction: You are an AI assistant specialized in classifying code comments.
Your task is to analyze the code comments.
Classify the following code comment as DEFECT, DESIGN, DOCUMENTATION, IMPLEMENTATION, or TEST.
Use just one class. Do not include any additional text.

### Input:
// TODO: wire into new exception handling mechanism

### Response:",TODO: DESIGN
// Object to_a is obsolete. We match Ruby's hack until to_a goes away. Then we can // remove this hack too.,DESIGN,"### Instruction: You are an AI assistant specialized in classifying code comments.
Your task is to analyze the code comments.
Classify the following code comment as DEFECT, DESIGN, DOCUMENTATION, IMPLEMENTATION, or TEST.
Use just one class. Do not include any additional text.

### Input:
// Object to_a is obsolete. We match Ruby's hack until to_a goes away. Then we can // remove this hack too.

### Response:",DOCUMENTATION
"// this covers the rare case of lower-case class names (and thus will // fail 99.999% of the time). fortunately, we'll only do this once per // package name. (and seriously, folks, look into best practices...)",DESIGN,"### Instruction: You are an AI assistant specialized in classifying code comments.
Your task is to analyze the code comments.
Classify the following code comment as DEFECT, DESIGN, DOCUMENTATION, IMPLEMENTATION, or TEST.
Use just one class. Do not include any additional text.

### Input:
// this covers the rare case of lower-case class names (and thus will // fail 99.999% of the time). fortunately, we'll only do this once per // package name. (and seriously, folks, look into best practices...)

### Response:",DOCUMENTATION
/** * Create an empty but initialized instance of a UML Parameter. * * an initialized UML Parameter instance. * TODO: This needs an extra parameter to specify the model/extent where * the new element should be created. */,DESIGN,"### Instruction: You are an AI assistant specialized in classifying code comments.
Your task is to analyze the code comments.
Classify the following code comment as DEFECT, DESIGN, DOCUMENTATION, IMPLEMENTATION, or TEST.
Use just one class. Do not include any additional text.

### Input:
/** * Create an empty but initialized instance of a UML Parameter. * * an initialized UML Parameter instance. * TODO: This needs an extra parameter to specify the model/extent where * the new element should be created. */

### Response:",TODO
// TODO : or should we return 'containsTableAlias'??,IMPLEMENTATION,"### Instruction: You are an AI assistant specialized in classifying code comments.
Your task is to analyze the code comments.
Classify the following code comment as DEFECT, DESIGN, DOCUMENTATION, IMPLEMENTATION, or TEST.
Use just one class. Do not include any additional text.

### Input:
// TODO : or should we return 'containsTableAlias'??

### Response:",TODO
/** * Get value from current scope or one of its captured scopes. * * FIXME: block variables are not getting primed to nil so we need to null check those * until we prime them properly. Also add assert back in. * * offset zero-indexed value that represents where variable lives * depth how many captured scopes down this variable should be set * the value here */,DEFECT,"### Instruction: You are an AI assistant specialized in classifying code comments.
Your task is to analyze the code comments.
Classify the following code comment as DEFECT, DESIGN, DOCUMENTATION, IMPLEMENTATION, or TEST.
Use just one class. Do not include any additional text.

### Input:
/** * Get value from current scope or one of its captured scopes. * * FIXME: block variables are not getting primed to nil so we need to null check those * until we prime them properly. Also add assert back in. * * offset zero-indexed value that represents where variable lives * depth how many captured scopes down this variable should be set * the value here */

### Response:",DEFECT
// not needed,IMPLEMENTATION,"### Instruction: You are an AI assistant specialized in classifying code comments.
Your task is to analyze the code comments.
Classify the following code comment as DEFECT, DESIGN, DOCUMENTATION, IMPLEMENTATION, or TEST.
Use just one class. Do not include any additional text.

### Input:
// not needed

### Response:",DOCUMENTATION
/*TODO create javadocs for class */,DOCUMENTATION,"### Instruction: You are an AI assistant specialized in classifying code comments.
Your task is to analyze the code comments.
Classify the following code comment as DEFECT, DESIGN, DOCUMENTATION, IMPLEMENTATION, or TEST.
Use just one class. Do not include any additional text.

### Input:
/*TODO create javadocs for class */

### Response:",DOCUMENTATION
//TODO: is this 100% correct?,DESIGN,"### Instruction: You are an AI assistant specialized in classifying code comments.
Your task is to analyze the code comments.
Classify the following code comment as DEFECT, DESIGN, DOCUMENTATION, IMPLEMENTATION, or TEST.
Use just one class. Do not include any additional text.

### Input:
//TODO: is this 100% correct?

### Response:","TODO: This comment is a DESIGN comment, as it suggests a question or concern about the design or implementation of the code. The commenter is asking if the current implementation is 100% correct, which implies that they are considering potential design changes or improvements."
// TODO implement me!,IMPLEMENTATION,"### Instruction: You are an AI assistant specialized in classifying code comments.
Your task is to analyze the code comments.
Classify the following code comment as DEFECT, DESIGN, DOCUMENTATION, IMPLEMENTATION, or TEST.
Use just one class. Do not include any additional text.

### Input:
// TODO implement me!

### Response:",IMPLEMENTATION
// TODO: this should be a configurable property,DESIGN,"### Instruction: You are an AI assistant specialized in classifying code comments.
Your task is to analyze the code comments.
Classify the following code comment as DEFECT, DESIGN, DOCUMENTATION, IMPLEMENTATION, or TEST.
Use just one class. Do not include any additional text.

### Input:
// TODO: this should be a configurable property

### Response:",DOCUMENTATION
// here we tweak the notify flag on the plot so that only // one notification happens even though we update multiple // axes...,DESIGN,"### Instruction: You are an AI assistant specialized in classifying code comments.
Your task is to analyze the code comments.
Classify the following code comment as DEFECT, DESIGN, DOCUMENTATION, IMPLEMENTATION, or TEST.
Use just one class. Do not include any additional text.

### Input:
// here we tweak the notify flag on the plot so that only // one notification happens even though we update multiple // axes...

### Response:",DOCUMENTATION
// this is called by SessionFactory irregardless; we just disregard here; // could also add a check to SessionFactory to only conditionally call start,DESIGN,"### Instruction: You are an AI assistant specialized in classifying code comments.
Your task is to analyze the code comments.
Classify the following code comment as DEFECT, DESIGN, DOCUMENTATION, IMPLEMENTATION, or TEST.
Use just one class. Do not include any additional text.

### Input:
// this is called by SessionFactory irregardless; we just disregard here; // could also add a check to SessionFactory to only conditionally call start

### Response:",DOCUMENTATION
"// TODO: A better implementation would be to batch events into // logical groups and update the tree one time for the entire // group, synchronizing access to the model repository so that // it stays consistent during the query. This would likely // require doing the updates in a different thread than the // event delivery thread to prevent deadlocks, so for right now // we protect ourselves with try/catch blocks.",IMPLEMENTATION,"### Instruction: You are an AI assistant specialized in classifying code comments.
Your task is to analyze the code comments.
Classify the following code comment as DEFECT, DESIGN, DOCUMENTATION, IMPLEMENTATION, or TEST.
Use just one class. Do not include any additional text.

### Input:
// TODO: A better implementation would be to batch events into // logical groups and update the tree one time for the entire // group, synchronizing access to the model repository so that // it stays consistent during the query. This would likely // require doing the updates in a different thread than the // event delivery thread to prevent deadlocks, so for right now // we protect ourselves with try/catch blocks.

### Response:",DESIGN
// TODO: Encountering a deleted object during // any part of this traversal will // abort the rest of the traversal. // We probably should do the whole traversal // in a single MDR transaction.,DESIGN,"### Instruction: You are an AI assistant specialized in classifying code comments.
Your task is to analyze the code comments.
Classify the following code comment as DEFECT, DESIGN, DOCUMENTATION, IMPLEMENTATION, or TEST.
Use just one class. Do not include any additional text.

### Input:
// TODO: Encountering a deleted object during // any part of this traversal will // abort the rest of the traversal. // We probably should do the whole traversal // in a single MDR transaction.

### Response:",DESIGN
// TODO: pass this in?,IMPLEMENTATION,"### Instruction: You are an AI assistant specialized in classifying code comments.
Your task is to analyze the code comments.
Classify the following code comment as DEFECT, DESIGN, DOCUMENTATION, IMPLEMENTATION, or TEST.
Use just one class. Do not include any additional text.

### Input:
// TODO: pass this in?

### Response:","TODO: This comment is a type of DOCUMENTATION, as it is a reminder for future work or actions that need to be taken."
//should this interface extend PropertyMapping?,DESIGN,"### Instruction: You are an AI assistant specialized in classifying code comments.
Your task is to analyze the code comments.
Classify the following code comment as DEFECT, DESIGN, DOCUMENTATION, IMPLEMENTATION, or TEST.
Use just one class. Do not include any additional text.

### Input:
//should this interface extend PropertyMapping?

### Response:",DOCUMENTATION
// TODO: This creates a dependency on the Critics subsystem. // We need a generic way for modules (including our internal // subsystems) to request addition of actions to the popup // menu. - tfm 20080430,DESIGN,"### Instruction: You are an AI assistant specialized in classifying code comments.
Your task is to analyze the code comments.
Classify the following code comment as DEFECT, DESIGN, DOCUMENTATION, IMPLEMENTATION, or TEST.
Use just one class. Do not include any additional text.

### Input:
// TODO: This creates a dependency on the Critics subsystem. // We need a generic way for modules (including our internal // subsystems) to request addition of actions to the popup // menu. - tfm 20080430

### Response:",DESIGN
/** * This is a template method called by the ArgoUML framework as the result * of a change to a model element. Do not call this method directly * yourself. * <p>Override this in any subclasses in order to change what model * elements the FigNode is listening to as a result of change to the model. * </p> * <p>This method is guaranteed by the framework to be running on the same * thread as the model subsystem.</p> * TODO: Lets refactor this at some time to take UmlChangeEvent argument * * event the UmlChangeEvent that caused the change */,DESIGN,"### Instruction: You are an AI assistant specialized in classifying code comments.
Your task is to analyze the code comments.
Classify the following code comment as DEFECT, DESIGN, DOCUMENTATION, IMPLEMENTATION, or TEST.
Use just one class. Do not include any additional text.

### Input:
/** * This is a template method called by the ArgoUML framework as the result * of a change to a model element. Do not call this method directly * yourself. * <p>Override this in any subclasses in order to change what model * elements the FigNode is listening to as a result of change to the model. * </p> * <p>This method is guaranteed by the framework to be running on the same * thread as the model subsystem.</p> * TODO: Lets refactor this at some time to take UmlChangeEvent argument * * event the UmlChangeEvent that caused the change */

### Response:",DESIGN
"// TODO: specifying soft refs, may want to compare memory consumption, // behavior with weak refs (specify WEAK in place of SOFT below)",DESIGN,"### Instruction: You are an AI assistant specialized in classifying code comments.
Your task is to analyze the code comments.
Classify the following code comment as DEFECT, DESIGN, DOCUMENTATION, IMPLEMENTATION, or TEST.
Use just one class. Do not include any additional text.

### Input:
// TODO: specifying soft refs, may want to compare memory consumption, // behavior with weak refs (specify WEAK in place of SOFT below)

### Response:",DOCUMENTATION
// ignore...bean doesn't get registered // TODO: Why does that bother me?,DESIGN,"### Instruction: You are an AI assistant specialized in classifying code comments.
Your task is to analyze the code comments.
Classify the following code comment as DEFECT, DESIGN, DOCUMENTATION, IMPLEMENTATION, or TEST.
Use just one class. Do not include any additional text.

### Input:
// ignore...bean doesn't get registered // TODO: Why does that bother me?

### Response:",TODO
"/* * TODO: As currently coded, this actually returns all BehavioralFeatures * which are owned by Classifiers contained in the given namespace, which * is slightly different then what's documented. It will not include any * BehavioralFeatures which are part of the Namespace, but which don't have * an owner. */",DESIGN,"### Instruction: You are an AI assistant specialized in classifying code comments.
Your task is to analyze the code comments.
Classify the following code comment as DEFECT, DESIGN, DOCUMENTATION, IMPLEMENTATION, or TEST.
Use just one class. Do not include any additional text.

### Input:
/* * TODO: As currently coded, this actually returns all BehavioralFeatures * which are owned by Classifiers contained in the given namespace, which * is slightly different then what's documented. It will not include any * BehavioralFeatures which are part of the Namespace, but which don't have * an owner. */

### Response:",DESIGN
"// XXX Wrong, but will have to do for now",DEFECT,"### Instruction: You are an AI assistant specialized in classifying code comments.
Your task is to analyze the code comments.
Classify the following code comment as DEFECT, DESIGN, DOCUMENTATION, IMPLEMENTATION, or TEST.
Use just one class. Do not include any additional text.

### Input:
// XXX Wrong, but will have to do for now

### Response:",DEFECT
"/** * Finds the operation to which a CallEvent refers, based on the given * transition. This function determines the context of the statemachine * that contains the given transition. If the context is a Classifier, then * all operations of this classifier are candidates. If the context is a * BehavioralFeature, then all operations of the owner Classifier are * candidates. The first operation of which the name matches is the result. * For Activity diagrams: If the context is a Package, then * all Operations of all Classifiers in the package are candidates. * TODO: This function works for the most normal cases, * but needs some testing for rare cases, e.g. internal transitions,... * TODO: The Parameters of the candidates are ignored. Maybe this * method should return a set of matching operations. * * MVW * trans Object of type Transition * opname the name of the operation sought * Object the operation with the given name, or null */",IMPLEMENTATION,"### Instruction: You are an AI assistant specialized in classifying code comments.
Your task is to analyze the code comments.
Classify the following code comment as DEFECT, DESIGN, DOCUMENTATION, IMPLEMENTATION, or TEST.
Use just one class. Do not include any additional text.

### Input:
/** * Finds the operation to which a CallEvent refers, based on the given * transition. This function determines the context of the statemachine * that contains the given transition. If the context is a Classifier, then * all operations of this classifier are candidates. If the context is a * BehavioralFeature, then all operations of the owner Classifier are * candidates. The first operation of which the name matches is the result. * For Activity diagrams: If the context is a Package, then * all Operations of all Classifiers in the package are candidates. * TODO: This function works for the most normal cases, * but needs some testing for rare cases, e.g. internal transitions,... * TODO: The Parameters of the candidates are ignored. Maybe this * method should return a set of matching operations. * * MVW * trans Object of type Transition * opname the name of the operation sought * Object the operation with the given name, or null */

### Response:",DOCUMENTATION
/** * Gets the current threshold. * * TODO: Should this be protected? * * The current threshold. */,DESIGN,"### Instruction: You are an AI assistant specialized in classifying code comments.
Your task is to analyze the code comments.
Classify the following code comment as DEFECT, DESIGN, DOCUMENTATION, IMPLEMENTATION, or TEST.
Use just one class. Do not include any additional text.

### Input:
/** * Gets the current threshold. * * TODO: Should this be protected? * * The current threshold. */

### Response:",DESIGN
// This inner class implements a case statement....perhaps im being a bit over-clever here,DESIGN,"### Instruction: You are an AI assistant specialized in classifying code comments.
Your task is to analyze the code comments.
Classify the following code comment as DEFECT, DESIGN, DOCUMENTATION, IMPLEMENTATION, or TEST.
Use just one class. Do not include any additional text.

### Input:
// This inner class implements a case statement....perhaps im being a bit over-clever here

### Response:",DOCUMENTATION
// TODO: handle writing into original buffer better,DESIGN,"### Instruction: You are an AI assistant specialized in classifying code comments.
Your task is to analyze the code comments.
Classify the following code comment as DEFECT, DESIGN, DOCUMENTATION, IMPLEMENTATION, or TEST.
Use just one class. Do not include any additional text.

### Input:
// TODO: handle writing into original buffer better

### Response:",DOCUMENTATION
"/** * Jakarta Commons Logging listener. * Note: do not use the SimpleLog as your logger implementation as it * causes an infinite loop since it writes to System.err, which Ant traps * and reroutes to the logger/listener layer. * * The following names are used for the log: * org.apache.tools.ant.Project.PROJECT_NAME - for project events * org.apache.tools.ant.Target.TARGET_NAME - for target events * TASK_CLASS_NAME.TARGET_NAME - for events in individual targets. * * In all target and project names we replace ""."" and "" "" with ""-"". * * TODO: we should use the advanced context logging features (and expose them * in c-l first :-) * TODO: this is _very_ inefficient. Switching the out and tracking the logs * can be optimized a lot - but may require few more changes to the core. * * Ant 1.5 */",DESIGN,"### Instruction: You are an AI assistant specialized in classifying code comments.
Your task is to analyze the code comments.
Classify the following code comment as DEFECT, DESIGN, DOCUMENTATION, IMPLEMENTATION, or TEST.
Use just one class. Do not include any additional text.

### Input:
/** * Jakarta Commons Logging listener. * Note: do not use the SimpleLog as your logger implementation as it * causes an infinite loop since it writes to System.err, which Ant traps * and reroutes to the logger/listener layer. * * The following names are used for the log: * org.apache.tools.ant.Project.PROJECT_NAME - for project events * org.apache.tools.ant.Target.TARGET_NAME - for target events * TASK_CLASS_NAME.TARGET_NAME - for events in individual targets. * * In all target and project names we replace ""."" and "" "" with ""-"". * * TODO: we should use the advanced context logging features (and expose them * in c-l first :-) * TODO: this is _very_ inefficient. Switching the out and tracking the logs * can be optimized a lot - but may require few more changes to the core. * * Ant 1.5 */

### Response:",DOCUMENTATION
"// This is (a logically not sufficent) try to cope with the problem that there are the following // contradictory rules in the JDBC API Doc: // Statement.getResultSet(): // This method should be called only once per result. // Statement.getUpdateCount(): // This method should be called only once per result. // Statement.getMoreResults(): // There are no more results when the following is true: (!getMoreResults() && (getUpdateCount() == -1) // // If getMoreResults() returns false, we don't know if we have more results, we only know that it isn't // a result set. Since we called getUpdateCount() before getMoreResults() because we would like to know // the update count of the first result, we might not be allowed to call getUpdateCount() again. // // The Intersystems Cache Driver for example always returns the same updateCount on simple // INSERT, UPDATE, DELETE statements not matter if getMoreResults() was called. So updateCount never // gets -1 and this will loop forever. When I discussed the issue with the Intersystems people they // just told me not to call getUpdateCount() twice. That simple. My hope is that this will cure // problems with DBs that just don't care for multiple result sets.",DESIGN,"### Instruction: You are an AI assistant specialized in classifying code comments.
Your task is to analyze the code comments.
Classify the following code comment as DEFECT, DESIGN, DOCUMENTATION, IMPLEMENTATION, or TEST.
Use just one class. Do not include any additional text.

### Input:
// This is (a logically not sufficent) try to cope with the problem that there are the following // contradictory rules in the JDBC API Doc: // Statement.getResultSet(): // This method should be called only once per result. // Statement.getUpdateCount(): // This method should be called only once per result. // Statement.getMoreResults(): // There are no more results when the following is true: (!getMoreResults() && (getUpdateCount() == -1) // // If getMoreResults() returns false, we don't know if we have more results, we only know that it isn't // a result set. Since we called getUpdateCount() before getMoreResults() because we would like to know // the update count of the first result, we might not be allowed to call getUpdateCount() again. // // The Intersystems Cache Driver for example always returns the same updateCount on simple // INSERT, UPDATE, DELETE statements not matter if getMoreResults() was called. So updateCount never // gets -1 and this will loop forever. When I discussed the issue with the Intersystems people they // just told me not to call getUpdateCount() twice. That simple. My hope is that this will cure // problems with DBs that just don't care for multiple result sets.

### Response:",DESIGN
//TODO: we should provide some way to get keys of collection of statistics to make it easier to retrieve from a GUI perspective,DESIGN,"### Instruction: You are an AI assistant specialized in classifying code comments.
Your task is to analyze the code comments.
Classify the following code comment as DEFECT, DESIGN, DOCUMENTATION, IMPLEMENTATION, or TEST.
Use just one class. Do not include any additional text.

### Input:
//TODO: we should provide some way to get keys of collection of statistics to make it easier to retrieve from a GUI perspective

### Response:",DOCUMENTATION
// TODO only clear the relevant entry - if possible...,DESIGN,"### Instruction: You are an AI assistant specialized in classifying code comments.
Your task is to analyze the code comments.
Classify the following code comment as DEFECT, DESIGN, DOCUMENTATION, IMPLEMENTATION, or TEST.
Use just one class. Do not include any additional text.

### Input:
// TODO only clear the relevant entry - if possible...

### Response:",DOCUMENTATION
// TODO: We really only care about events which affect things that // are visible in the current perspective (view). This could be // tailored to cut down on event traffic. - tfm 20060410,DESIGN,"### Instruction: You are an AI assistant specialized in classifying code comments.
Your task is to analyze the code comments.
Classify the following code comment as DEFECT, DESIGN, DOCUMENTATION, IMPLEMENTATION, or TEST.
Use just one class. Do not include any additional text.

### Input:
// TODO: We really only care about events which affect things that // are visible in the current perspective (view). This could be // tailored to cut down on event traffic. - tfm 20060410

### Response:",DESIGN
// TODO: Is it removed from UML2 ?,IMPLEMENTATION,"### Instruction: You are an AI assistant specialized in classifying code comments.
Your task is to analyze the code comments.
Classify the following code comment as DEFECT, DESIGN, DOCUMENTATION, IMPLEMENTATION, or TEST.
Use just one class. Do not include any additional text.

### Input:
// TODO: Is it removed from UML2 ?

### Response:",DESIGN
"// Status as of Nov. 2008 - Figs created, property panels exist, more // work required on explorer and assumptions about models not being // nested - tfm",DEFECT,"### Instruction: You are an AI assistant specialized in classifying code comments.
Your task is to analyze the code comments.
Classify the following code comment as DEFECT, DESIGN, DOCUMENTATION, IMPLEMENTATION, or TEST.
Use just one class. Do not include any additional text.

### Input:
// Status as of Nov. 2008 - Figs created, property panels exist, more // work required on explorer and assumptions about models not being // nested - tfm

### Response:",DOCUMENTATION
// Empty implementation.,IMPLEMENTATION,"### Instruction: You are an AI assistant specialized in classifying code comments.
Your task is to analyze the code comments.
Classify the following code comment as DEFECT, DESIGN, DOCUMENTATION, IMPLEMENTATION, or TEST.
Use just one class. Do not include any additional text.

### Input:
// Empty implementation.

### Response:",DOCUMENTATION
/** * TODO: Move this to IOUtilities Extracts the specified zip file to the specified output directory. * * zipFile * outputDirectory * IOException */,DESIGN,"### Instruction: You are an AI assistant specialized in classifying code comments.
Your task is to analyze the code comments.
Classify the following code comment as DEFECT, DESIGN, DOCUMENTATION, IMPLEMENTATION, or TEST.
Use just one class. Do not include any additional text.

### Input:
/** * TODO: Move this to IOUtilities Extracts the specified zip file to the specified output directory. * * zipFile * outputDirectory * IOException */

### Response:",DOCUMENTATION
// TODO should we just collect these like with the collections above?,DESIGN,"### Instruction: You are an AI assistant specialized in classifying code comments.
Your task is to analyze the code comments.
Classify the following code comment as DEFECT, DESIGN, DOCUMENTATION, IMPLEMENTATION, or TEST.
Use just one class. Do not include any additional text.

### Input:
// TODO should we just collect these like with the collections above?

### Response:",TODO
"// TODO: why are we duplicating the constants here, and then in // File::Constants below? File::Constants is included in IO.",DESIGN,"### Instruction: You are an AI assistant specialized in classifying code comments.
Your task is to analyze the code comments.
Classify the following code comment as DEFECT, DESIGN, DOCUMENTATION, IMPLEMENTATION, or TEST.
Use just one class. Do not include any additional text.

### Input:
// TODO: why are we duplicating the constants here, and then in // File::Constants below? File::Constants is included in IO.

### Response:",DESIGN
// Look for a default invoke() handler method in the namespace // Note: this code duplicates that in This.java... should it? // Call on 'This' can never be a command,DESIGN,"### Instruction: You are an AI assistant specialized in classifying code comments.
Your task is to analyze the code comments.
Classify the following code comment as DEFECT, DESIGN, DOCUMENTATION, IMPLEMENTATION, or TEST.
Use just one class. Do not include any additional text.

### Input:
// Look for a default invoke() handler method in the namespace // Note: this code duplicates that in This.java... should it? // Call on 'This' can never be a command

### Response:",DOCUMENTATION
// FIXME Hacky workaround to JBCACHE-1202,DESIGN,"### Instruction: You are an AI assistant specialized in classifying code comments.
Your task is to analyze the code comments.
Classify the following code comment as DEFECT, DESIGN, DOCUMENTATION, IMPLEMENTATION, or TEST.
Use just one class. Do not include any additional text.

### Input:
// FIXME Hacky workaround to JBCACHE-1202

### Response:",DEFECT
/** * Creates a new OCL critic * * oclConstraint ocl expression * headline headline * description description * moreInfoURL the info url * knowledgeTypes the knowledge types * supportedDecisions the decisions * priority the priority * InvalidOclException if the ocl is not valid * * TODO: Do these need to be Lists or can they be simple Collections? */,DESIGN,"### Instruction: You are an AI assistant specialized in classifying code comments.
Your task is to analyze the code comments.
Classify the following code comment as DEFECT, DESIGN, DOCUMENTATION, IMPLEMENTATION, or TEST.
Use just one class. Do not include any additional text.

### Input:
/** * Creates a new OCL critic * * oclConstraint ocl expression * headline headline * description description * moreInfoURL the info url * knowledgeTypes the knowledge types * supportedDecisions the decisions * priority the priority * InvalidOclException if the ocl is not valid * * TODO: Do these need to be Lists or can they be simple Collections? */

### Response:",DOCUMENTATION
"/** * SQLFilterAction.java * * Created on March 22, 2003, 10:55 AM * * Adapted from SessionPropertiesAction.java by Colin Bell. * * TODO: CHange name to ContentsTabFilterAction */",DESIGN,"### Instruction: You are an AI assistant specialized in classifying code comments.
Your task is to analyze the code comments.
Classify the following code comment as DEFECT, DESIGN, DOCUMENTATION, IMPLEMENTATION, or TEST.
Use just one class. Do not include any additional text.

### Input:
/** * SQLFilterAction.java * * Created on March 22, 2003, 10:55 AM * * Adapted from SessionPropertiesAction.java by Colin Bell. * * TODO: CHange name to ContentsTabFilterAction */

### Response:",DOCUMENTATION
// TODO: Move to GEF,DESIGN,"### Instruction: You are an AI assistant specialized in classifying code comments.
Your task is to analyze the code comments.
Classify the following code comment as DEFECT, DESIGN, DOCUMENTATION, IMPLEMENTATION, or TEST.
Use just one class. Do not include any additional text.

### Input:
// TODO: Move to GEF

### Response:",DESIGN
// Yuck: TIFFImageEncoder uses Error to report runtime problems,DESIGN,"### Instruction: You are an AI assistant specialized in classifying code comments.
Your task is to analyze the code comments.
Classify the following code comment as DEFECT, DESIGN, DOCUMENTATION, IMPLEMENTATION, or TEST.
Use just one class. Do not include any additional text.

### Input:
// Yuck: TIFFImageEncoder uses Error to report runtime problems

### Response:",DOCUMENTATION
"// This is turned off temporarily. There appears to be a bug // in SelectorUtils.matchPattern() where it is recursive on // Windows even if no ** is in pattern. //assertEquals(""FFFTFFFFFFFF"", results); // Unix // vs //assertEquals(""FFFTFFFFTFFF"", results); // Windows",DEFECT,"### Instruction: You are an AI assistant specialized in classifying code comments.
Your task is to analyze the code comments.
Classify the following code comment as DEFECT, DESIGN, DOCUMENTATION, IMPLEMENTATION, or TEST.
Use just one class. Do not include any additional text.

### Input:
// This is turned off temporarily. There appears to be a bug // in SelectorUtils.matchPattern() where it is recursive on // Windows even if no ** is in pattern. //assertEquals(""FFFTFFFFFFFF"", results); // Unix // vs //assertEquals(""FFFTFFFFTFFF"", results); // Windows

### Response:",TEST
// defer argument checking...,DESIGN,"### Instruction: You are an AI assistant specialized in classifying code comments.
Your task is to analyze the code comments.
Classify the following code comment as DEFECT, DESIGN, DOCUMENTATION, IMPLEMENTATION, or TEST.
Use just one class. Do not include any additional text.

### Input:
// defer argument checking...

### Response:",DOCUMENTATION
//TODO: should fire its own event and ProjectBrowser //should register a listener,DESIGN,"### Instruction: You are an AI assistant specialized in classifying code comments.
Your task is to analyze the code comments.
Classify the following code comment as DEFECT, DESIGN, DOCUMENTATION, IMPLEMENTATION, or TEST.
Use just one class. Do not include any additional text.

### Input:
//TODO: should fire its own event and ProjectBrowser //should register a listener

### Response:",TODO
"// If it's a single-arg when but contains an array, we know it's a real literal array // FIXME: This is a gross way to figure it out; parser help similar to yield argument passing (expandArguments) would be better",DESIGN,"### Instruction: You are an AI assistant specialized in classifying code comments.
Your task is to analyze the code comments.
Classify the following code comment as DEFECT, DESIGN, DOCUMENTATION, IMPLEMENTATION, or TEST.
Use just one class. Do not include any additional text.

### Input:
// If it's a single-arg when but contains an array, we know it's a real literal array // FIXME: This is a gross way to figure it out; parser help similar to yield argument passing (expandArguments) would be better

### Response:",TEST
/* * TODO: This should not be public. Check all usages of it * and put appropriate methods in an API object. */,DESIGN,"### Instruction: You are an AI assistant specialized in classifying code comments.
Your task is to analyze the code comments.
Classify the following code comment as DEFECT, DESIGN, DOCUMENTATION, IMPLEMENTATION, or TEST.
Use just one class. Do not include any additional text.

### Input:
/* * TODO: This should not be public. Check all usages of it * and put appropriate methods in an API object. */

### Response:",DESIGN
"// TODO"" What is the purpose of this? Why do we hide buttons here? // Presumably if so we should not assume SelectionClass",DESIGN,"### Instruction: You are an AI assistant specialized in classifying code comments.
Your task is to analyze the code comments.
Classify the following code comment as DEFECT, DESIGN, DOCUMENTATION, IMPLEMENTATION, or TEST.
Use just one class. Do not include any additional text.

### Input:
// TODO"" What is the purpose of this? Why do we hide buttons here? // Presumably if so we should not assume SelectionClass

### Response:",DESIGN
"// FIXME: Add at_exit and finalizers to exit, then make exit_bang not call those.",DEFECT,"### Instruction: You are an AI assistant specialized in classifying code comments.
Your task is to analyze the code comments.
Classify the following code comment as DEFECT, DESIGN, DOCUMENTATION, IMPLEMENTATION, or TEST.
Use just one class. Do not include any additional text.

### Input:
// FIXME: Add at_exit and finalizers to exit, then make exit_bang not call those.

### Response:",DESIGN
"// If is a classifier role, it must return the sent messages. // In other cases, returns an empty list. // TODO: Must be the incoming messages or the sent ones?",DESIGN,"### Instruction: You are an AI assistant specialized in classifying code comments.
Your task is to analyze the code comments.
Classify the following code comment as DEFECT, DESIGN, DOCUMENTATION, IMPLEMENTATION, or TEST.
Use just one class. Do not include any additional text.

### Input:
// If is a classifier role, it must return the sent messages. // In other cases, returns an empty list. // TODO: Must be the incoming messages or the sent ones?

### Response:",DOCUMENTATION
"// -------------------- Access to property tables -------------------- // This is used to support ant call and similar tasks. It should be // deprecated, it is possible to use a better (more efficient) // mechanism to preserve the context.",DESIGN,"### Instruction: You are an AI assistant specialized in classifying code comments.
Your task is to analyze the code comments.
Classify the following code comment as DEFECT, DESIGN, DOCUMENTATION, IMPLEMENTATION, or TEST.
Use just one class. Do not include any additional text.

### Input:
// -------------------- Access to property tables -------------------- // This is used to support ant call and similar tasks. It should be // deprecated, it is possible to use a better (more efficient) // mechanism to preserve the context.

### Response:",DESIGN
// TODO: This version differs from ioctl by checking whether fcntl exists // and raising notimplemented if it doesn't; perhaps no difference for us?,DESIGN,"### Instruction: You are an AI assistant specialized in classifying code comments.
Your task is to analyze the code comments.
Classify the following code comment as DEFECT, DESIGN, DOCUMENTATION, IMPLEMENTATION, or TEST.
Use just one class. Do not include any additional text.

### Input:
// TODO: This version differs from ioctl by checking whether fcntl exists // and raising notimplemented if it doesn't; perhaps no difference for us?

### Response:",DOCUMENTATION
// clear name resolvers... don't know if this is necessary.,DESIGN,"### Instruction: You are an AI assistant specialized in classifying code comments.
Your task is to analyze the code comments.
Classify the following code comment as DEFECT, DESIGN, DOCUMENTATION, IMPLEMENTATION, or TEST.
Use just one class. Do not include any additional text.

### Input:
// clear name resolvers... don't know if this is necessary.

### Response:",DOCUMENTATION
//real hacky... // used to count the nesting of parentheses,DESIGN,"### Instruction: You are an AI assistant specialized in classifying code comments.
Your task is to analyze the code comments.
Classify the following code comment as DEFECT, DESIGN, DOCUMENTATION, IMPLEMENTATION, or TEST.
Use just one class. Do not include any additional text.

### Input:
//real hacky... // used to count the nesting of parentheses

### Response:",IMPLEMENTATION
//TODO: the i==entitySpan-1 bit depends upon subclass implementation (very bad),DESIGN,"### Instruction: You are an AI assistant specialized in classifying code comments.
Your task is to analyze the code comments.
Classify the following code comment as DEFECT, DESIGN, DOCUMENTATION, IMPLEMENTATION, or TEST.
Use just one class. Do not include any additional text.

### Input:
//TODO: the i==entitySpan-1 bit depends upon subclass implementation (very bad)

### Response:",IMPLEMENTATION
/** * Copy a file from source to destination. * * TODO: Perhaps belongs in a utilities class of some sort. * * source the source file to be copied * dest the destination file * success status flag */,DESIGN,"### Instruction: You are an AI assistant specialized in classifying code comments.
Your task is to analyze the code comments.
Classify the following code comment as DEFECT, DESIGN, DOCUMENTATION, IMPLEMENTATION, or TEST.
Use just one class. Do not include any additional text.

### Input:
/** * Copy a file from source to destination. * * TODO: Perhaps belongs in a utilities class of some sort. * * source the source file to be copied * dest the destination file * success status flag */

### Response:",DESIGN
// defer argument checking...,DESIGN,"### Instruction: You are an AI assistant specialized in classifying code comments.
Your task is to analyze the code comments.
Classify the following code comment as DEFECT, DESIGN, DOCUMENTATION, IMPLEMENTATION, or TEST.
Use just one class. Do not include any additional text.

### Input:
// defer argument checking...

### Response:",DOCUMENTATION
// I'm too tired to think of a better way // to handle this right now.,DESIGN,"### Instruction: You are an AI assistant specialized in classifying code comments.
Your task is to analyze the code comments.
Classify the following code comment as DEFECT, DESIGN, DOCUMENTATION, IMPLEMENTATION, or TEST.
Use just one class. Do not include any additional text.

### Input:
// I'm too tired to think of a better way // to handle this right now.

### Response:",DOCUMENTATION
// note that this timestamp is not correct if the connection provider // returns an older JDBC connection that was associated with a // transaction that was already begun before openSession() was called // (don't know any possible solution to this!),DEFECT,"### Instruction: You are an AI assistant specialized in classifying code comments.
Your task is to analyze the code comments.
Classify the following code comment as DEFECT, DESIGN, DOCUMENTATION, IMPLEMENTATION, or TEST.
Use just one class. Do not include any additional text.

### Input:
// note that this timestamp is not correct if the connection provider // returns an older JDBC connection that was associated with a // transaction that was already begun before openSession() was called // (don't know any possible solution to this!)

### Response:",DOCUMENTATION
// CON FIXME: I don't know how to make case be an expression...does that // logic need to go here?,DESIGN,"### Instruction: You are an AI assistant specialized in classifying code comments.
Your task is to analyze the code comments.
Classify the following code comment as DEFECT, DESIGN, DOCUMENTATION, IMPLEMENTATION, or TEST.
Use just one class. Do not include any additional text.

### Input:
// CON FIXME: I don't know how to make case be an expression...does that // logic need to go here?

### Response:",DESIGN
"/** * Loads the project file and opens all kinds of error message windows * if it doesn't work for some reason. In those cases it preserves * the old project. * * file the file to open. * showUI true if an error message may be shown to the user, * false if run in commandline mode * pmw the ProgressMonitor to be updated; * if not needed, use null * true if the file was successfully opened * * TODO: Separate this into a Swing specific class - tfm */",DESIGN,"### Instruction: You are an AI assistant specialized in classifying code comments.
Your task is to analyze the code comments.
Classify the following code comment as DEFECT, DESIGN, DOCUMENTATION, IMPLEMENTATION, or TEST.
Use just one class. Do not include any additional text.

### Input:
/** * Loads the project file and opens all kinds of error message windows * if it doesn't work for some reason. In those cases it preserves * the old project. * * file the file to open. * showUI true if an error message may be shown to the user, * false if run in commandline mode * pmw the ProgressMonitor to be updated; * if not needed, use null * true if the file was successfully opened * * TODO: Separate this into a Swing specific class - tfm */

### Response:",DOCUMENTATION
// defer argument checking,DESIGN,"### Instruction: You are an AI assistant specialized in classifying code comments.
Your task is to analyze the code comments.
Classify the following code comment as DEFECT, DESIGN, DOCUMENTATION, IMPLEMENTATION, or TEST.
Use just one class. Do not include any additional text.

### Input:
// defer argument checking

### Response:",DOCUMENTATION
"// invoke callMethodMissing method directly // TODO: this could be further optimized, since some DSLs hit method_missing pretty hard...",DESIGN,"### Instruction: You are an AI assistant specialized in classifying code comments.
Your task is to analyze the code comments.
Classify the following code comment as DEFECT, DESIGN, DOCUMENTATION, IMPLEMENTATION, or TEST.
Use just one class. Do not include any additional text.

### Input:
// invoke callMethodMissing method directly // TODO: this could be further optimized, since some DSLs hit method_missing pretty hard...

### Response:",DOCUMENTATION
/** * We are getting events we don't want. Filter them out. * TODO: Can we instruct the model event pump not to send these in the * first place? See defect 5095. * event the event */,DESIGN,"### Instruction: You are an AI assistant specialized in classifying code comments.
Your task is to analyze the code comments.
Classify the following code comment as DEFECT, DESIGN, DOCUMENTATION, IMPLEMENTATION, or TEST.
Use just one class. Do not include any additional text.

### Input:
/** * We are getting events we don't want. Filter them out. * TODO: Can we instruct the model event pump not to send these in the * first place? See defect 5095. * event the event */

### Response:",TODO
"//TODO: eventually put this back in, once we think all is fixed //Object otherAlias = columnsUnique.put(qualifiedColumn, columnAlias);",IMPLEMENTATION,"### Instruction: You are an AI assistant specialized in classifying code comments.
Your task is to analyze the code comments.
Classify the following code comment as DEFECT, DESIGN, DOCUMENTATION, IMPLEMENTATION, or TEST.
Use just one class. Do not include any additional text.

### Input:
//TODO: eventually put this back in, once we think all is fixed //Object otherAlias = columnsUnique.put(qualifiedColumn, columnAlias);

### Response:",TEST
"// todo : hack!!! // NOTE : here we cleanup the load context when we have no more local // LCE entries. This ""works"" for the time being because really // only the collection load contexts are implemented. Long term, // this cleanup should become part of the ""close result set"" // processing from the (sandbox/jdbc) jdbc-container code.",DESIGN,"### Instruction: You are an AI assistant specialized in classifying code comments.
Your task is to analyze the code comments.
Classify the following code comment as DEFECT, DESIGN, DOCUMENTATION, IMPLEMENTATION, or TEST.
Use just one class. Do not include any additional text.

### Input:
// todo : hack!!! // NOTE : here we cleanup the load context when we have no more local // LCE entries. This ""works"" for the time being because really // only the collection load contexts are implemented. Long term, // this cleanup should become part of the ""close result set"" // processing from the (sandbox/jdbc) jdbc-container code.

### Response:",DESIGN
// switch eats a multi-level break here? // not empty statement,DESIGN,"### Instruction: You are an AI assistant specialized in classifying code comments.
Your task is to analyze the code comments.
Classify the following code comment as DEFECT, DESIGN, DOCUMENTATION, IMPLEMENTATION, or TEST.
Use just one class. Do not include any additional text.

### Input:
// switch eats a multi-level break here? // not empty statement

### Response:",DOCUMENTATION
// FIXME: missing arity check,IMPLEMENTATION,"### Instruction: You are an AI assistant specialized in classifying code comments.
Your task is to analyze the code comments.
Classify the following code comment as DEFECT, DESIGN, DOCUMENTATION, IMPLEMENTATION, or TEST.
Use just one class. Do not include any additional text.

### Input:
// FIXME: missing arity check

### Response:",DEFECT
/** * In contrast to {  getZipName()} returns the member's * name without the prepended name of the project * (but with the extension). <p> * * TODO: This is not used anywhere - shall we remove it? * * Steffen Zschaler * * the member's name without any prefix or suffix */,DESIGN,"### Instruction: You are an AI assistant specialized in classifying code comments.
Your task is to analyze the code comments.
Classify the following code comment as DEFECT, DESIGN, DOCUMENTATION, IMPLEMENTATION, or TEST.
Use just one class. Do not include any additional text.

### Input:
/** * In contrast to {  getZipName()} returns the member's * name without the prepended name of the project * (but with the extension). <p> * * TODO: This is not used anywhere - shall we remove it? * * Steffen Zschaler * * the member's name without any prefix or suffix */

### Response:",DOCUMENTATION
// not needed,IMPLEMENTATION,"### Instruction: You are an AI assistant specialized in classifying code comments.
Your task is to analyze the code comments.
Classify the following code comment as DEFECT, DESIGN, DOCUMENTATION, IMPLEMENTATION, or TEST.
Use just one class. Do not include any additional text.

### Input:
// not needed

### Response:",DOCUMENTATION
//TODO: algorithm is n in number of nodes,DEFECT,"### Instruction: You are an AI assistant specialized in classifying code comments.
Your task is to analyze the code comments.
Classify the following code comment as DEFECT, DESIGN, DOCUMENTATION, IMPLEMENTATION, or TEST.
Use just one class. Do not include any additional text.

### Input:
//TODO: algorithm is n in number of nodes

### Response:",DESIGN
// TODO: Numeric.new works in Ruby and it does here too. However trying to use // that instance in a numeric operation should generate an ArgumentError. Doing // this seems so pathological I do not see the need to fix this now.,DEFECT,"### Instruction: You are an AI assistant specialized in classifying code comments.
Your task is to analyze the code comments.
Classify the following code comment as DEFECT, DESIGN, DOCUMENTATION, IMPLEMENTATION, or TEST.
Use just one class. Do not include any additional text.

### Input:
// TODO: Numeric.new works in Ruby and it does here too. However trying to use // that instance in a numeric operation should generate an ArgumentError. Doing // this seems so pathological I do not see the need to fix this now.

### Response:",TEST
"//TODO: should this be Session.instantiate(Persister, ...)?",DESIGN,"### Instruction: You are an AI assistant specialized in classifying code comments.
Your task is to analyze the code comments.
Classify the following code comment as DEFECT, DESIGN, DOCUMENTATION, IMPLEMENTATION, or TEST.
Use just one class. Do not include any additional text.

### Input:
//TODO: should this be Session.instantiate(Persister, ...)?

### Response:",DESIGN
// TODO: don't require pop,DEFECT,"### Instruction: You are an AI assistant specialized in classifying code comments.
Your task is to analyze the code comments.
Classify the following code comment as DEFECT, DESIGN, DOCUMENTATION, IMPLEMENTATION, or TEST.
Use just one class. Do not include any additional text.

### Input:
// TODO: don't require pop

### Response:","TODO: This is a common tag used for indicating that a specific task or feature is yet to be implemented. In this case, it suggests that the requirement to not require 'pop' is not yet implemented. Therefore, the classification is IMPLEMENTATION."
"/** * TODO: The code implementing this method is from 2003 (see issue 2171) - * mechanically integrated by tfmorris in May 2007. Needs to be * reviewed/updated. * * Decki,Endi,Yayan, Politechnic of Bandung. Computer Departement * method for changing text of Message * newOwner model element which should now be listened to */",DEFECT,"### Instruction: You are an AI assistant specialized in classifying code comments.
Your task is to analyze the code comments.
Classify the following code comment as DEFECT, DESIGN, DOCUMENTATION, IMPLEMENTATION, or TEST.
Use just one class. Do not include any additional text.

### Input:
/** * TODO: The code implementing this method is from 2003 (see issue 2171) - * mechanically integrated by tfmorris in May 2007. Needs to be * reviewed/updated. * * Decki,Endi,Yayan, Politechnic of Bandung. Computer Departement * method for changing text of Message * newOwner model element which should now be listened to */

### Response:",DESIGN
// not needed,IMPLEMENTATION,"### Instruction: You are an AI assistant specialized in classifying code comments.
Your task is to analyze the code comments.
Classify the following code comment as DEFECT, DESIGN, DOCUMENTATION, IMPLEMENTATION, or TEST.
Use just one class. Do not include any additional text.

### Input:
// not needed

### Response:",DOCUMENTATION
//TODO: Return content type according to the mime part in the mail,DESIGN,"### Instruction: You are an AI assistant specialized in classifying code comments.
Your task is to analyze the code comments.
Classify the following code comment as DEFECT, DESIGN, DOCUMENTATION, IMPLEMENTATION, or TEST.
Use just one class. Do not include any additional text.

### Input:
//TODO: Return content type according to the mime part in the mail

### Response:",TASK: DOCUMENTATION
"/** * Create and register diagrams for activity and statemachines in the * model(s) of the project. If no other diagrams are created, a default * Class Diagram will be created. ArgoUML currently requires at least one * diagram for proper operation. * * TODO: Move to XmiFilePersister (protected) * * project * The project */",DESIGN,"### Instruction: You are an AI assistant specialized in classifying code comments.
Your task is to analyze the code comments.
Classify the following code comment as DEFECT, DESIGN, DOCUMENTATION, IMPLEMENTATION, or TEST.
Use just one class. Do not include any additional text.

### Input:
/** * Create and register diagrams for activity and statemachines in the * model(s) of the project. If no other diagrams are created, a default * Class Diagram will be created. ArgoUML currently requires at least one * diagram for proper operation. * * TODO: Move to XmiFilePersister (protected) * * project * The project */

### Response:",DOCUMENTATION
/* * Not clear what can cause this ? conflicting versions perhaps */,DESIGN,"### Instruction: You are an AI assistant specialized in classifying code comments.
Your task is to analyze the code comments.
Classify the following code comment as DEFECT, DESIGN, DOCUMENTATION, IMPLEMENTATION, or TEST.
Use just one class. Do not include any additional text.

### Input:
/* * Not clear what can cause this ? conflicting versions perhaps */

### Response:",DOCUMENTATION
// TODO only clear the relevant entry - if possible...,DESIGN,"### Instruction: You are an AI assistant specialized in classifying code comments.
Your task is to analyze the code comments.
Classify the following code comment as DEFECT, DESIGN, DOCUMENTATION, IMPLEMENTATION, or TEST.
Use just one class. Do not include any additional text.

### Input:
// TODO only clear the relevant entry - if possible...

### Response:",DOCUMENTATION
"// TODO: No one should be sending the deprecated event // from outside ArgoUML, but keep responding to it for now // just in case",DESIGN,"### Instruction: You are an AI assistant specialized in classifying code comments.
Your task is to analyze the code comments.
Classify the following code comment as DEFECT, DESIGN, DOCUMENTATION, IMPLEMENTATION, or TEST.
Use just one class. Do not include any additional text.

### Input:
// TODO: No one should be sending the deprecated event // from outside ArgoUML, but keep responding to it for now // just in case

### Response:",TODO
// TODO: Not implemented by eUML,DEFECT,"### Instruction: You are an AI assistant specialized in classifying code comments.
Your task is to analyze the code comments.
Classify the following code comment as DEFECT, DESIGN, DOCUMENTATION, IMPLEMENTATION, or TEST.
Use just one class. Do not include any additional text.

### Input:
// TODO: Not implemented by eUML

### Response:",DESIGN
"// If no Fig was created by the code above then we must go // look for the old style constructor that should have fallen // into disuse by now. // Fig(Object, Rectangle, DiagramSettings) // All of these constructors should have been deprecated // at least and replaced with the new signature. This is // here for paranoia only until all Figs have been reviewed.",DESIGN,"### Instruction: You are an AI assistant specialized in classifying code comments.
Your task is to analyze the code comments.
Classify the following code comment as DEFECT, DESIGN, DOCUMENTATION, IMPLEMENTATION, or TEST.
Use just one class. Do not include any additional text.

### Input:
// If no Fig was created by the code above then we must go // look for the old style constructor that should have fallen // into disuse by now. // Fig(Object, Rectangle, DiagramSettings) // All of these constructors should have been deprecated // at least and replaced with the new signature. This is // here for paranoia only until all Figs have been reviewed.

### Response:",DESIGN
// TODO: All super constrcutors should take a GraphModel,DESIGN,"### Instruction: You are an AI assistant specialized in classifying code comments.
Your task is to analyze the code comments.
Classify the following code comment as DEFECT, DESIGN, DOCUMENTATION, IMPLEMENTATION, or TEST.
Use just one class. Do not include any additional text.

### Input:
// TODO: All super constrcutors should take a GraphModel

### Response:",DESIGN
// TODO: ruby locks the string here,IMPLEMENTATION,"### Instruction: You are an AI assistant specialized in classifying code comments.
Your task is to analyze the code comments.
Classify the following code comment as DEFECT, DESIGN, DOCUMENTATION, IMPLEMENTATION, or TEST.
Use just one class. Do not include any additional text.

### Input:
// TODO: ruby locks the string here

### Response:",DOCUMENTATION
/** * Create an empty but initialized instance of a UML ElementResidence. * * an initialized UML ElementResidence instance. * TODO: This needs an extra parameter to specify the model/extent where * the new element should be created. */,DESIGN,"### Instruction: You are an AI assistant specialized in classifying code comments.
Your task is to analyze the code comments.
Classify the following code comment as DEFECT, DESIGN, DOCUMENTATION, IMPLEMENTATION, or TEST.
Use just one class. Do not include any additional text.

### Input:
/** * Create an empty but initialized instance of a UML ElementResidence. * * an initialized UML ElementResidence instance. * TODO: This needs an extra parameter to specify the model/extent where * the new element should be created. */

### Response:",TODO
"// FIXME: This worries me a bit, since it could allocate a lot with a large newLength",DESIGN,"### Instruction: You are an AI assistant specialized in classifying code comments.
Your task is to analyze the code comments.
Classify the following code comment as DEFECT, DESIGN, DOCUMENTATION, IMPLEMENTATION, or TEST.
Use just one class. Do not include any additional text.

### Input:
// FIXME: This worries me a bit, since it could allocate a lot with a large newLength

### Response:",DESIGN
// TODO: This is well-formedness rule from UML1.4.2 // 4.5.3.20 [2] No GeneralizableElement can have a parent // Generalization to an element that is a leaf. // self.parent->forAll(s | not s.isLeaf),DESIGN,"### Instruction: You are an AI assistant specialized in classifying code comments.
Your task is to analyze the code comments.
Classify the following code comment as DEFECT, DESIGN, DOCUMENTATION, IMPLEMENTATION, or TEST.
Use just one class. Do not include any additional text.

### Input:
// TODO: This is well-formedness rule from UML1.4.2 // 4.5.3.20 [2] No GeneralizableElement can have a parent // Generalization to an element that is a leaf. // self.parent->forAll(s | not s.isLeaf)

### Response:",DESIGN
"// TODO should this be deprecated ? (to be efficient, internals should deal with RubyHash directly)",DESIGN,"### Instruction: You are an AI assistant specialized in classifying code comments.
Your task is to analyze the code comments.
Classify the following code comment as DEFECT, DESIGN, DOCUMENTATION, IMPLEMENTATION, or TEST.
Use just one class. Do not include any additional text.

### Input:
// TODO should this be deprecated ? (to be efficient, internals should deal with RubyHash directly)

### Response:",DESIGN
// TODO: What progressMgr is to be used here? Where does // it come from?,DESIGN,"### Instruction: You are an AI assistant specialized in classifying code comments.
Your task is to analyze the code comments.
Classify the following code comment as DEFECT, DESIGN, DOCUMENTATION, IMPLEMENTATION, or TEST.
Use just one class. Do not include any additional text.

### Input:
// TODO: What progressMgr is to be used here? Where does // it come from?

### Response:",DOCUMENTATION
// TODO : this is broke for subqueries in statements other than selects...,DEFECT,"### Instruction: You are an AI assistant specialized in classifying code comments.
Your task is to analyze the code comments.
Classify the following code comment as DEFECT, DESIGN, DOCUMENTATION, IMPLEMENTATION, or TEST.
Use just one class. Do not include any additional text.

### Input:
// TODO : this is broke for subqueries in statements other than selects...

### Response:",TODO
/** * The UML 1.4 model elements to test. * * TODO: This needs to be updated with a version for UML 2.x. */,IMPLEMENTATION,"### Instruction: You are an AI assistant specialized in classifying code comments.
Your task is to analyze the code comments.
Classify the following code comment as DEFECT, DESIGN, DOCUMENTATION, IMPLEMENTATION, or TEST.
Use just one class. Do not include any additional text.

### Input:
/** * The UML 1.4 model elements to test. * * TODO: This needs to be updated with a version for UML 2.x. */

### Response:",DOCUMENTATION
// not used,DESIGN,"### Instruction: You are an AI assistant specialized in classifying code comments.
Your task is to analyze the code comments.
Classify the following code comment as DEFECT, DESIGN, DOCUMENTATION, IMPLEMENTATION, or TEST.
Use just one class. Do not include any additional text.

### Input:
// not used

### Response:",DOCUMENTATION
// TODO: factor this chunk as in MRI/YARV GETASTER,DESIGN,"### Instruction: You are an AI assistant specialized in classifying code comments.
Your task is to analyze the code comments.
Classify the following code comment as DEFECT, DESIGN, DOCUMENTATION, IMPLEMENTATION, or TEST.
Use just one class. Do not include any additional text.

### Input:
// TODO: factor this chunk as in MRI/YARV GETASTER

### Response:","TODO: This comment is a DESIGN comment, indicating that a specific design decision has not yet been implemented. The comment suggests that the code should be refactored in a certain way, which is a design concern."
"// FIXME: if we terminate immediately, this appears to break while in method arguments // we need to push a nil for the cases where we will never enter the body",DEFECT,"### Instruction: You are an AI assistant specialized in classifying code comments.
Your task is to analyze the code comments.
Classify the following code comment as DEFECT, DESIGN, DOCUMENTATION, IMPLEMENTATION, or TEST.
Use just one class. Do not include any additional text.

### Input:
// FIXME: if we terminate immediately, this appears to break while in method arguments // we need to push a nil for the cases where we will never enter the body

### Response:",DESIGN
// this call is side-effecty,DEFECT,"### Instruction: You are an AI assistant specialized in classifying code comments.
Your task is to analyze the code comments.
Classify the following code comment as DEFECT, DESIGN, DOCUMENTATION, IMPLEMENTATION, or TEST.
Use just one class. Do not include any additional text.

### Input:
// this call is side-effecty

### Response:",IMPLEMENTATION
"// a check, just in case:",DESIGN,"### Instruction: You are an AI assistant specialized in classifying code comments.
Your task is to analyze the code comments.
Classify the following code comment as DEFECT, DESIGN, DOCUMENTATION, IMPLEMENTATION, or TEST.
Use just one class. Do not include any additional text.

### Input:
// a check, just in case:

### Response:",DOCUMENTATION
// TODO is this ever used?,DESIGN,"### Instruction: You are an AI assistant specialized in classifying code comments.
Your task is to analyze the code comments.
Classify the following code comment as DEFECT, DESIGN, DOCUMENTATION, IMPLEMENTATION, or TEST.
Use just one class. Do not include any additional text.

### Input:
// TODO is this ever used?

### Response:",DOCUMENTATION
//TODO: reenable if we also fix the above todo,DESIGN,"### Instruction: You are an AI assistant specialized in classifying code comments.
Your task is to analyze the code comments.
Classify the following code comment as DEFECT, DESIGN, DOCUMENTATION, IMPLEMENTATION, or TEST.
Use just one class. Do not include any additional text.

### Input:
//TODO: reenable if we also fix the above todo

### Response:",TODO
// TODO: This can be a mess... There are any better solution? ,DESIGN,"### Instruction: You are an AI assistant specialized in classifying code comments.
Your task is to analyze the code comments.
Classify the following code comment as DEFECT, DESIGN, DOCUMENTATION, IMPLEMENTATION, or TEST.
Use just one class. Do not include any additional text.

### Input:
// TODO: This can be a mess... There are any better solution?

### Response:",TODO: This can be a mess... There are any better solution? - DESIGN
// TODO : not so sure this is needed...,DESIGN,"### Instruction: You are an AI assistant specialized in classifying code comments.
Your task is to analyze the code comments.
Classify the following code comment as DEFECT, DESIGN, DOCUMENTATION, IMPLEMENTATION, or TEST.
Use just one class. Do not include any additional text.

### Input:
// TODO : not so sure this is needed...

### Response:",DOCUMENTATION
// TODO: just noticed that MySQL 5.0 supports a multi-bit BIT // column by using the getObject/setObject methods with a byte[]. // So it would be valuable at some point to make this code a bit // more dbms-specific,DESIGN,"### Instruction: You are an AI assistant specialized in classifying code comments.
Your task is to analyze the code comments.
Classify the following code comment as DEFECT, DESIGN, DOCUMENTATION, IMPLEMENTATION, or TEST.
Use just one class. Do not include any additional text.

### Input:
// TODO: just noticed that MySQL 5.0 supports a multi-bit BIT // column by using the getObject/setObject methods with a byte[]. // So it would be valuable at some point to make this code a bit // more dbms-specific

### Response:",DESIGN
// should the samples be aggregated on thread name or thread group (default) ?,DESIGN,"### Instruction: You are an AI assistant specialized in classifying code comments.
Your task is to analyze the code comments.
Classify the following code comment as DEFECT, DESIGN, DOCUMENTATION, IMPLEMENTATION, or TEST.
Use just one class. Do not include any additional text.

### Input:
// should the samples be aggregated on thread name or thread group (default) ?

### Response:",DOCUMENTATION
"// TODO: should ""record"" how many properties we have reffered to - and if we // don't get'em'all we throw an exception! Way better than trial and error ;)",DESIGN,"### Instruction: You are an AI assistant specialized in classifying code comments.
Your task is to analyze the code comments.
Classify the following code comment as DEFECT, DESIGN, DOCUMENTATION, IMPLEMENTATION, or TEST.
Use just one class. Do not include any additional text.

### Input:
// TODO: should ""record"" how many properties we have reffered to - and if we // don't get'em'all we throw an exception! Way better than trial and error ;)

### Response:",TODO
"/** * Check if a string is a valid JMeter 'expression'. * <p> * The current implementation is very basic: it just accepts any string * containing ""${"" as a valid expression. TODO: improve, but keep returning * true for ""${}"". */",DESIGN,"### Instruction: You are an AI assistant specialized in classifying code comments.
Your task is to analyze the code comments.
Classify the following code comment as DEFECT, DESIGN, DOCUMENTATION, IMPLEMENTATION, or TEST.
Use just one class. Do not include any additional text.

### Input:
/** * Check if a string is a valid JMeter 'expression'. * <p> * The current implementation is very basic: it just accepts any string * containing ""${"" as a valid expression. TODO: improve, but keep returning * true for ""${}"". */

### Response:",DOCUMENTATION
"// TODO: bindpropertyresults(alias, returnElem)",IMPLEMENTATION,"### Instruction: You are an AI assistant specialized in classifying code comments.
Your task is to analyze the code comments.
Classify the following code comment as DEFECT, DESIGN, DOCUMENTATION, IMPLEMENTATION, or TEST.
Use just one class. Do not include any additional text.

### Input:
// TODO: bindpropertyresults(alias, returnElem)

### Response:",DOCUMENTATION
"// Put a placeholder in entries, so we don't recurse back and try to save() the // same object again. QUESTION: should this be done before onSave() is called? // likewise, should it be done before onUpdate()?",DESIGN,"### Instruction: You are an AI assistant specialized in classifying code comments.
Your task is to analyze the code comments.
Classify the following code comment as DEFECT, DESIGN, DOCUMENTATION, IMPLEMENTATION, or TEST.
Use just one class. Do not include any additional text.

### Input:
// Put a placeholder in entries, so we don't recurse back and try to save() the // same object again. QUESTION: should this be done before onSave() is called? // likewise, should it be done before onUpdate()?

### Response:",DESIGN
// TODO: Won't our use of PathComparator take care of uniqueness?,DESIGN,"### Instruction: You are an AI assistant specialized in classifying code comments.
Your task is to analyze the code comments.
Classify the following code comment as DEFECT, DESIGN, DOCUMENTATION, IMPLEMENTATION, or TEST.
Use just one class. Do not include any additional text.

### Input:
// TODO: Won't our use of PathComparator take care of uniqueness?

### Response:",DOCUMENTATION
/** * The constructor. * TODO: Why does this method not handle all settings * (KEY_DEFAULT_SHADOW_WIDTH is missing)? */,DESIGN,"### Instruction: You are an AI assistant specialized in classifying code comments.
Your task is to analyze the code comments.
Classify the following code comment as DEFECT, DESIGN, DOCUMENTATION, IMPLEMENTATION, or TEST.
Use just one class. Do not include any additional text.

### Input:
/** * The constructor. * TODO: Why does this method not handle all settings * (KEY_DEFAULT_SHADOW_WIDTH is missing)? */

### Response:",TODO
// TODO: This should only be building list up to 'index',DEFECT,"### Instruction: You are an AI assistant specialized in classifying code comments.
Your task is to analyze the code comments.
Classify the following code comment as DEFECT, DESIGN, DOCUMENTATION, IMPLEMENTATION, or TEST.
Use just one class. Do not include any additional text.

### Input:
// TODO: This should only be building list up to 'index'

### Response:",DESIGN
"// Note: Registry based authority is being removed from a // new spec for URI which would obsolete RFC 2396. If the // spec is added to XML errata, processing of reg_name // needs to be removed. - mrglavas.",DESIGN,"### Instruction: You are an AI assistant specialized in classifying code comments.
Your task is to analyze the code comments.
Classify the following code comment as DEFECT, DESIGN, DOCUMENTATION, IMPLEMENTATION, or TEST.
Use just one class. Do not include any additional text.

### Input:
// Note: Registry based authority is being removed from a // new spec for URI which would obsolete RFC 2396. If the // spec is added to XML errata, processing of reg_name // needs to be removed. - mrglavas.

### Response:",DESIGN
// TODO: this doesn't belong in the implementation specific piece - tfm,DESIGN,"### Instruction: You are an AI assistant specialized in classifying code comments.
Your task is to analyze the code comments.
Classify the following code comment as DEFECT, DESIGN, DOCUMENTATION, IMPLEMENTATION, or TEST.
Use just one class. Do not include any additional text.

### Input:
// TODO: this doesn't belong in the implementation specific piece - tfm

### Response:",DOCUMENTATION
"/* * fallback in case we have trouble loading the class or * don't know how to handle it (there is no easy way to * know what IDL mode would generate. * * This is supposed to make Ant always recompile the * class, as a file of that name should not exist. */",DESIGN,"### Instruction: You are an AI assistant specialized in classifying code comments.
Your task is to analyze the code comments.
Classify the following code comment as DEFECT, DESIGN, DOCUMENTATION, IMPLEMENTATION, or TEST.
Use just one class. Do not include any additional text.

### Input:
/* * fallback in case we have trouble loading the class or * don't know how to handle it (there is no easy way to * know what IDL mode would generate. * * This is supposed to make Ant always recompile the * class, as a file of that name should not exist. */

### Response:",DOCUMENTATION
// A cloned method now belongs to a new class. Set it. // TODO: Make DynamicMethod immutable,DESIGN,"### Instruction: You are an AI assistant specialized in classifying code comments.
Your task is to analyze the code comments.
Classify the following code comment as DEFECT, DESIGN, DOCUMENTATION, IMPLEMENTATION, or TEST.
Use just one class. Do not include any additional text.

### Input:
// A cloned method now belongs to a new class. Set it. // TODO: Make DynamicMethod immutable

### Response:",TODO: Make DynamicMethod immutable - TEST
// TODO: Use reflection against the test case to ensure that it // does not import non-ArgoUML classes,IMPLEMENTATION,"### Instruction: You are an AI assistant specialized in classifying code comments.
Your task is to analyze the code comments.
Classify the following code comment as DEFECT, DESIGN, DOCUMENTATION, IMPLEMENTATION, or TEST.
Use just one class. Do not include any additional text.

### Input:
// TODO: Use reflection against the test case to ensure that it // does not import non-ArgoUML classes

### Response:",DOCUMENTATION
"// TODO do tests for collections of collections (8.5.13), // even though it is not yet supported // question: should this happen with all collections or only // the constructed ones?",TEST,"### Instruction: You are an AI assistant specialized in classifying code comments.
Your task is to analyze the code comments.
Classify the following code comment as DEFECT, DESIGN, DOCUMENTATION, IMPLEMENTATION, or TEST.
Use just one class. Do not include any additional text.

### Input:
// TODO do tests for collections of collections (8.5.13), // even though it is not yet supported // question: should this happen with all collections or only // the constructed ones?

### Response:",TEST
// Some LAFs don't work under Java 6 or later.,DEFECT,"### Instruction: You are an AI assistant specialized in classifying code comments.
Your task is to analyze the code comments.
Classify the following code comment as DEFECT, DESIGN, DOCUMENTATION, IMPLEMENTATION, or TEST.
Use just one class. Do not include any additional text.

### Input:
// Some LAFs don't work under Java 6 or later.

### Response:",DOCUMENTATION
//use of trim() here is ugly?,DESIGN,"### Instruction: You are an AI assistant specialized in classifying code comments.
Your task is to analyze the code comments.
Classify the following code comment as DEFECT, DESIGN, DOCUMENTATION, IMPLEMENTATION, or TEST.
Use just one class. Do not include any additional text.

### Input:
//use of trim() here is ugly?

### Response:",DOCUMENTATION
// end of workaround,DESIGN,"### Instruction: You are an AI assistant specialized in classifying code comments.
Your task is to analyze the code comments.
Classify the following code comment as DEFECT, DESIGN, DOCUMENTATION, IMPLEMENTATION, or TEST.
Use just one class. Do not include any additional text.

### Input:
// end of workaround

### Response:",DOCUMENTATION
// XXX is the following really necessary? it is in the same thread group...,DESIGN,"### Instruction: You are an AI assistant specialized in classifying code comments.
Your task is to analyze the code comments.
Classify the following code comment as DEFECT, DESIGN, DOCUMENTATION, IMPLEMENTATION, or TEST.
Use just one class. Do not include any additional text.

### Input:
// XXX is the following really necessary? it is in the same thread group...

### Response:",DOCUMENTATION
// TODO: Do we have anything to add here?,IMPLEMENTATION,"### Instruction: You are an AI assistant specialized in classifying code comments.
Your task is to analyze the code comments.
Classify the following code comment as DEFECT, DESIGN, DOCUMENTATION, IMPLEMENTATION, or TEST.
Use just one class. Do not include any additional text.

### Input:
// TODO: Do we have anything to add here?

### Response:",DOCUMENTATION
"// TODO: for now, we use a faithful // reimplementation of MRI's algorithm, // but should use UTF8Encoding facilities // from Joni, once it starts prefroming // UTF-8 content validation. ",DESIGN,"### Instruction: You are an AI assistant specialized in classifying code comments.
Your task is to analyze the code comments.
Classify the following code comment as DEFECT, DESIGN, DOCUMENTATION, IMPLEMENTATION, or TEST.
Use just one class. Do not include any additional text.

### Input:
// TODO: for now, we use a faithful // reimplementation of MRI's algorithm, // but should use UTF8Encoding facilities // from Joni, once it starts prefroming // UTF-8 content validation.

### Response:",DESIGN
"// TODO: We can choose between something which matches UML 1.4 in name // or something that matches in functionality. We've chosen // functionality for now, but this will create a name conflict during // the migration process. - tfm",DESIGN,"### Instruction: You are an AI assistant specialized in classifying code comments.
Your task is to analyze the code comments.
Classify the following code comment as DEFECT, DESIGN, DOCUMENTATION, IMPLEMENTATION, or TEST.
Use just one class. Do not include any additional text.

### Input:
// TODO: We can choose between something which matches UML 1.4 in name // or something that matches in functionality. We've chosen // functionality for now, but this will create a name conflict during // the migration process. - tfm

### Response:",DESIGN
// TODO: this should call the single namespace form // getStereotype(it2.next(); stereo);,DESIGN,"### Instruction: You are an AI assistant specialized in classifying code comments.
Your task is to analyze the code comments.
Classify the following code comment as DEFECT, DESIGN, DOCUMENTATION, IMPLEMENTATION, or TEST.
Use just one class. Do not include any additional text.

### Input:
// TODO: this should call the single namespace form // getStereotype(it2.next(); stereo);

### Response:",TASK
/* * Ensure that the sample variables are correctly initialised for each run. * TODO is this the best way to do this? should it be done elsewhere ? */,DESIGN,"### Instruction: You are an AI assistant specialized in classifying code comments.
Your task is to analyze the code comments.
Classify the following code comment as DEFECT, DESIGN, DOCUMENTATION, IMPLEMENTATION, or TEST.
Use just one class. Do not include any additional text.

### Input:
/* * Ensure that the sample variables are correctly initialised for each run. * TODO is this the best way to do this? should it be done elsewhere ? */

### Response:",TODO
// TODO do we need to add a charset for the file contents? // $NON-NLS-1$,DESIGN,"### Instruction: You are an AI assistant specialized in classifying code comments.
Your task is to analyze the code comments.
Classify the following code comment as DEFECT, DESIGN, DOCUMENTATION, IMPLEMENTATION, or TEST.
Use just one class. Do not include any additional text.

### Input:
// TODO do we need to add a charset for the file contents? // $NON-NLS-1$

### Response:",DOCUMENTATION
/* Note: this method incorrectly caches the method structure. It needs to be cleared when the classloader changes. */,DEFECT,"### Instruction: You are an AI assistant specialized in classifying code comments.
Your task is to analyze the code comments.
Classify the following code comment as DEFECT, DESIGN, DOCUMENTATION, IMPLEMENTATION, or TEST.
Use just one class. Do not include any additional text.

### Input:
/* Note: this method incorrectly caches the method structure. It needs to be cleared when the classloader changes. */

### Response:",DEFECT
// todo : remove,DESIGN,"### Instruction: You are an AI assistant specialized in classifying code comments.
Your task is to analyze the code comments.
Classify the following code comment as DEFECT, DESIGN, DOCUMENTATION, IMPLEMENTATION, or TEST.
Use just one class. Do not include any additional text.

### Input:
// todo : remove

### Response:",DOCUMENTATION
"/* * Find all beans out there and check their resource property files: - Check * that non-default property files don't have any extra keys. - Check all * necessary properties are defined at least in the default property file, * except for beans whose name contains ""Experimental"" or ""Alpha"". * * TODO: - Check property files don't have duplicate keys (is this important) * */",DESIGN,"### Instruction: You are an AI assistant specialized in classifying code comments.
Your task is to analyze the code comments.
Classify the following code comment as DEFECT, DESIGN, DOCUMENTATION, IMPLEMENTATION, or TEST.
Use just one class. Do not include any additional text.

### Input:
/* * Find all beans out there and check their resource property files: - Check * that non-default property files don't have any extra keys. - Check all * necessary properties are defined at least in the default property file, * except for beans whose name contains ""Experimental"" or ""Alpha"". * * TODO: - Check property files don't have duplicate keys (is this important) * */

### Response:",DESIGN
// TODO: This is a temporary crutch to use until all Figs are updated // to use the constructor that accepts a DiagramSettings object,DESIGN,"### Instruction: You are an AI assistant specialized in classifying code comments.
Your task is to analyze the code comments.
Classify the following code comment as DEFECT, DESIGN, DOCUMENTATION, IMPLEMENTATION, or TEST.
Use just one class. Do not include any additional text.

### Input:
// TODO: This is a temporary crutch to use until all Figs are updated // to use the constructor that accepts a DiagramSettings object

### Response:",DOCUMENTATION
// the generated classes must not be added in the generic JAR! // is that buggy on old JOnAS (2.4) ??,DEFECT,"### Instruction: You are an AI assistant specialized in classifying code comments.
Your task is to analyze the code comments.
Classify the following code comment as DEFECT, DESIGN, DOCUMENTATION, IMPLEMENTATION, or TEST.
Use just one class. Do not include any additional text.

### Input:
// the generated classes must not be added in the generic JAR! // is that buggy on old JOnAS (2.4) ??

### Response:",DOCUMENTATION
// TODO: Count/report unresolved references,IMPLEMENTATION,"### Instruction: You are an AI assistant specialized in classifying code comments.
Your task is to analyze the code comments.
Classify the following code comment as DEFECT, DESIGN, DOCUMENTATION, IMPLEMENTATION, or TEST.
Use just one class. Do not include any additional text.

### Input:
// TODO: Count/report unresolved references

### Response:",DOCUMENTATION
// Windows bug workaround in case a YES/NO confirm // was shown,DESIGN,"### Instruction: You are an AI assistant specialized in classifying code comments.
Your task is to analyze the code comments.
Classify the following code comment as DEFECT, DESIGN, DOCUMENTATION, IMPLEMENTATION, or TEST.
Use just one class. Do not include any additional text.

### Input:
// Windows bug workaround in case a YES/NO confirm // was shown

### Response:",DOCUMENTATION
// TODO: This should be handled with an Iterator!!!,DESIGN,"### Instruction: You are an AI assistant specialized in classifying code comments.
Your task is to analyze the code comments.
Classify the following code comment as DEFECT, DESIGN, DOCUMENTATION, IMPLEMENTATION, or TEST.
Use just one class. Do not include any additional text.

### Input:
// TODO: This should be handled with an Iterator!!!

### Response:",DESIGN
"// This is a kludge to deal with enumerators, which crash the doSwitch. //",DESIGN,"### Instruction: You are an AI assistant specialized in classifying code comments.
Your task is to analyze the code comments.
Classify the following code comment as DEFECT, DESIGN, DOCUMENTATION, IMPLEMENTATION, or TEST.
Use just one class. Do not include any additional text.

### Input:
// This is a kludge to deal with enumerators, which crash the doSwitch. //

### Response:",DEFECT
"/** * A specialist Selection class for FigPartitions. * This ensures that all swimlanes are the same length (ie height). * TODO: Make sure that all swimlanes appear side by side (UML spec * states ""separated from neighboring swimlanes by vertical solid * lines on both sides"". * TODO: Allow drag of the west and east edge to resize both the selected * Fig and the fig connected to that side. * TODO: Show NorthWest and SouthWest handle only on leftmost swimlane. * TODO: Show NorthEast and SouthEast handle only on rightmost swimlane. * Bob */",IMPLEMENTATION,"### Instruction: You are an AI assistant specialized in classifying code comments.
Your task is to analyze the code comments.
Classify the following code comment as DEFECT, DESIGN, DOCUMENTATION, IMPLEMENTATION, or TEST.
Use just one class. Do not include any additional text.

### Input:
/** * A specialist Selection class for FigPartitions. * This ensures that all swimlanes are the same length (ie height). * TODO: Make sure that all swimlanes appear side by side (UML spec * states ""separated from neighboring swimlanes by vertical solid * lines on both sides"". * TODO: Allow drag of the west and east edge to resize both the selected * Fig and the fig connected to that side. * TODO: Show NorthWest and SouthWest handle only on leftmost swimlane. * TODO: Show NorthEast and SouthEast handle only on rightmost swimlane. * Bob */

### Response:",DESIGN
// TODO: This can't depend on ProjectBrowser. It needs to get // the current drawing area from the Diagram subsystem or GEF,DESIGN,"### Instruction: You are an AI assistant specialized in classifying code comments.
Your task is to analyze the code comments.
Classify the following code comment as DEFECT, DESIGN, DOCUMENTATION, IMPLEMENTATION, or TEST.
Use just one class. Do not include any additional text.

### Input:
// TODO: This can't depend on ProjectBrowser. It needs to get // the current drawing area from the Diagram subsystem or GEF

### Response:",DESIGN
"//DMS Why not this? //new SubProgressMonitor(progressMonitor, 1));",DESIGN,"### Instruction: You are an AI assistant specialized in classifying code comments.
Your task is to analyze the code comments.
Classify the following code comment as DEFECT, DESIGN, DOCUMENTATION, IMPLEMENTATION, or TEST.
Use just one class. Do not include any additional text.

### Input:
//DMS Why not this? //new SubProgressMonitor(progressMonitor, 1));

### Response:",DOCUMENTATION
"//TODO: this is too conservative; if all preceding joins were // also inner joins, we could use an inner join here",DESIGN,"### Instruction: You are an AI assistant specialized in classifying code comments.
Your task is to analyze the code comments.
Classify the following code comment as DEFECT, DESIGN, DOCUMENTATION, IMPLEMENTATION, or TEST.
Use just one class. Do not include any additional text.

### Input:
//TODO: this is too conservative; if all preceding joins were // also inner joins, we could use an inner join here

### Response:",DESIGN
// TODO is this correct?,DESIGN,"### Instruction: You are an AI assistant specialized in classifying code comments.
Your task is to analyze the code comments.
Classify the following code comment as DEFECT, DESIGN, DOCUMENTATION, IMPLEMENTATION, or TEST.
Use just one class. Do not include any additional text.

### Input:
// TODO is this correct?

### Response:",TODO
// TODO: i18n,IMPLEMENTATION,"### Instruction: You are an AI assistant specialized in classifying code comments.
Your task is to analyze the code comments.
Classify the following code comment as DEFECT, DESIGN, DOCUMENTATION, IMPLEMENTATION, or TEST.
Use just one class. Do not include any additional text.

### Input:
// TODO: i18n

### Response:",DOCUMENTATION
// is it necessary to register %exact since it can only appear in a where clause?,DESIGN,"### Instruction: You are an AI assistant specialized in classifying code comments.
Your task is to analyze the code comments.
Classify the following code comment as DEFECT, DESIGN, DOCUMENTATION, IMPLEMENTATION, or TEST.
Use just one class. Do not include any additional text.

### Input:
// is it necessary to register %exact since it can only appear in a where clause?

### Response:",DOCUMENTATION
// TODO: process warnings? Set Code and Message to success?,DESIGN,"### Instruction: You are an AI assistant specialized in classifying code comments.
Your task is to analyze the code comments.
Classify the following code comment as DEFECT, DESIGN, DOCUMENTATION, IMPLEMENTATION, or TEST.
Use just one class. Do not include any additional text.

### Input:
// TODO: process warnings? Set Code and Message to success?

### Response:",TODO
// TODO display warning dialog as this can take some time,DEFECT,"### Instruction: You are an AI assistant specialized in classifying code comments.
Your task is to analyze the code comments.
Classify the following code comment as DEFECT, DESIGN, DOCUMENTATION, IMPLEMENTATION, or TEST.
Use just one class. Do not include any additional text.

### Input:
// TODO display warning dialog as this can take some time

### Response:",DOCUMENTATION
"// TBD should this be varbinary($1)? // registerColumnType(Types.VARBINARY, ""binary($1)"");",DESIGN,"### Instruction: You are an AI assistant specialized in classifying code comments.
Your task is to analyze the code comments.
Classify the following code comment as DEFECT, DESIGN, DOCUMENTATION, IMPLEMENTATION, or TEST.
Use just one class. Do not include any additional text.

### Input:
// TBD should this be varbinary($1)? // registerColumnType(Types.VARBINARY, ""binary($1)"");

### Response:",DOCUMENTATION
"/** * <p>Determines if the FigEdge is currently connected to the correct * FigNodes, if not the edges is the correct FigNodes set and the edge * rerouted. * <p>Typically this is used when a user has amended from the property * panel a relationship from one model element to another and the graph * needs to react to that change. * <p>e.g. if the participant of an association end is changed. * <p>Calls a helper method (layoutThisToSelf) to avoid this edge * disappearing if the new source and dest are the same node. * * TODO: This method is called far too frequently. It should only be called * when a specific event is received. It seems to be currently called whenever * any event is received from the owner. * * boolean whether or not the update was sucessful */",DESIGN,"### Instruction: You are an AI assistant specialized in classifying code comments.
Your task is to analyze the code comments.
Classify the following code comment as DEFECT, DESIGN, DOCUMENTATION, IMPLEMENTATION, or TEST.
Use just one class. Do not include any additional text.

### Input:
/** * <p>Determines if the FigEdge is currently connected to the correct * FigNodes, if not the edges is the correct FigNodes set and the edge * rerouted. * <p>Typically this is used when a user has amended from the property * panel a relationship from one model element to another and the graph * needs to react to that change. * <p>e.g. if the participant of an association end is changed. * <p>Calls a helper method (layoutThisToSelf) to avoid this edge * disappearing if the new source and dest are the same node. * * TODO: This method is called far too frequently. It should only be called * when a specific event is received. It seems to be currently called whenever * any event is received from the owner. * * boolean whether or not the update was sucessful */

### Response:",DOCUMENTATION
/* Note: this method and resolveExpectedJavaField should be rewritten to invert this logic so that no exceptions need to be caught unecessarily. This is just a temporary impl. the field or null if not found */,DESIGN,"### Instruction: You are an AI assistant specialized in classifying code comments.
Your task is to analyze the code comments.
Classify the following code comment as DEFECT, DESIGN, DOCUMENTATION, IMPLEMENTATION, or TEST.
Use just one class. Do not include any additional text.

### Input:
/* Note: this method and resolveExpectedJavaField should be rewritten to invert this logic so that no exceptions need to be caught unecessarily. This is just a temporary impl. the field or null if not found */

### Response:",DOCUMENTATION
"// TODO do tests for type conformance (8.4.4), // even though it is not yet supported",TEST,"### Instruction: You are an AI assistant specialized in classifying code comments.
Your task is to analyze the code comments.
Classify the following code comment as DEFECT, DESIGN, DOCUMENTATION, IMPLEMENTATION, or TEST.
Use just one class. Do not include any additional text.

### Input:
// TODO do tests for type conformance (8.4.4), // even though it is not yet supported

### Response:",TEST
// TODO: don't require pop,DEFECT,"### Instruction: You are an AI assistant specialized in classifying code comments.
Your task is to analyze the code comments.
Classify the following code comment as DEFECT, DESIGN, DOCUMENTATION, IMPLEMENTATION, or TEST.
Use just one class. Do not include any additional text.

### Input:
// TODO: don't require pop

### Response:","TODO: This is a common tag used for indicating that a specific task or feature is yet to be implemented. In this case, it suggests that the requirement to not require 'pop' is not yet implemented. Therefore, the classification is IMPLEMENTATION."
/** * Create an empty but initialized instance of a UML Class. * * an initialized UML Class instance. * TODO: This needs an extra parameter to specify the model/extent where * the new element should be created. */,DESIGN,"### Instruction: You are an AI assistant specialized in classifying code comments.
Your task is to analyze the code comments.
Classify the following code comment as DEFECT, DESIGN, DOCUMENTATION, IMPLEMENTATION, or TEST.
Use just one class. Do not include any additional text.

### Input:
/** * Create an empty but initialized instance of a UML Class. * * an initialized UML Class instance. * TODO: This needs an extra parameter to specify the model/extent where * the new element should be created. */

### Response:",TODO
// TODO: decompose getJavaPackageModule so we don't parse fullName,DESIGN,"### Instruction: You are an AI assistant specialized in classifying code comments.
Your task is to analyze the code comments.
Classify the following code comment as DEFECT, DESIGN, DOCUMENTATION, IMPLEMENTATION, or TEST.
Use just one class. Do not include any additional text.

### Input:
// TODO: decompose getJavaPackageModule so we don't parse fullName

### Response:",TODO: DESIGN
//TODO possibly relax that,DESIGN,"### Instruction: You are an AI assistant specialized in classifying code comments.
Your task is to analyze the code comments.
Classify the following code comment as DEFECT, DESIGN, DOCUMENTATION, IMPLEMENTATION, or TEST.
Use just one class. Do not include any additional text.

### Input:
//TODO possibly relax that

### Response:","TODO - This is a common tag used for tasks that need to be addressed in the future. It can be related to any part of the software development lifecycle, but in this case, it seems to be related to the design or implementation of the code. However, without more context, it's hard to definitively classify it as either design or implementation. So, I'll classify it as TODO."
//A hack to make user-defined variables in the testplan element more dynamic,DESIGN,"### Instruction: You are an AI assistant specialized in classifying code comments.
Your task is to analyze the code comments.
Classify the following code comment as DEFECT, DESIGN, DOCUMENTATION, IMPLEMENTATION, or TEST.
Use just one class. Do not include any additional text.

### Input:
//A hack to make user-defined variables in the testplan element more dynamic

### Response:",DOCUMENTATION
"/* * TODO: When 1.4 is the earliest version supported, add the following line: * setSurrendersFocusOnKeystroke(true); * This should help handle some problems with navigation using tab & return * to move through cells. */",DESIGN,"### Instruction: You are an AI assistant specialized in classifying code comments.
Your task is to analyze the code comments.
Classify the following code comment as DEFECT, DESIGN, DOCUMENTATION, IMPLEMENTATION, or TEST.
Use just one class. Do not include any additional text.

### Input:
/* * TODO: When 1.4 is the earliest version supported, add the following line: * setSurrendersFocusOnKeystroke(true); * This should help handle some problems with navigation using tab & return * to move through cells. */

### Response:",DOCUMENTATION
"/* Silly bug workaround  8694. If you look at the above code, * note that we restore the saved caret position first, then * scroll to the saved location. However, the caret changing * can itself result in scrolling to a different location than * what was saved; and since moveCaretPosition() calls * updateBracketHighlight(), the bracket highlight's out of * bounds calculation will rely on a different set of physical * first/last lines than what we will end up with eventually. * Instead of confusing the user with status messages that * appear at random when switching buffers, we simply hide the * message altogether. */",DESIGN,"### Instruction: You are an AI assistant specialized in classifying code comments.
Your task is to analyze the code comments.
Classify the following code comment as DEFECT, DESIGN, DOCUMENTATION, IMPLEMENTATION, or TEST.
Use just one class. Do not include any additional text.

### Input:
/* Silly bug workaround  8694. If you look at the above code, * note that we restore the saved caret position first, then * scroll to the saved location. However, the caret changing * can itself result in scrolling to a different location than * what was saved; and since moveCaretPosition() calls * updateBracketHighlight(), the bracket highlight's out of * bounds calculation will rely on a different set of physical * first/last lines than what we will end up with eventually. * Instead of confusing the user with status messages that * appear at random when switching buffers, we simply hide the * message altogether. */

### Response:",DOCUMENTATION
// TODO: This is probably an undesirable side effect unless the user // confirms it. Placing an element on a second diagram is going to // potentially change its namespace. - tfm 20061208,DEFECT,"### Instruction: You are an AI assistant specialized in classifying code comments.
Your task is to analyze the code comments.
Classify the following code comment as DEFECT, DESIGN, DOCUMENTATION, IMPLEMENTATION, or TEST.
Use just one class. Do not include any additional text.

### Input:
// TODO: This is probably an undesirable side effect unless the user // confirms it. Placing an element on a second diagram is going to // potentially change its namespace. - tfm 20061208

### Response:",DESIGN
/** * Manages a ProgressMonitor dialog. * * NOTE: Users of this class should use the type of the interface * { org.argouml.taskmgmt.ProgressMonitor} wherever possible to * maintain GUI independence. * * andrea_nironi * * TODO: Bob says: I don't like the naming of this class. Its confusing that * its called ...Window and yet it is not a window. Lets rename once we have * it hidden. */,DESIGN,"### Instruction: You are an AI assistant specialized in classifying code comments.
Your task is to analyze the code comments.
Classify the following code comment as DEFECT, DESIGN, DOCUMENTATION, IMPLEMENTATION, or TEST.
Use just one class. Do not include any additional text.

### Input:
/** * Manages a ProgressMonitor dialog. * * NOTE: Users of this class should use the type of the interface * { org.argouml.taskmgmt.ProgressMonitor} wherever possible to * maintain GUI independence. * * andrea_nironi * * TODO: Bob says: I don't like the naming of this class. Its confusing that * its called ...Window and yet it is not a window. Lets rename once we have * it hidden. */

### Response:",DESIGN
// TODO: Also check REG_ANCHORINDEX vs. anchor,IMPLEMENTATION,"### Instruction: You are an AI assistant specialized in classifying code comments.
Your task is to analyze the code comments.
Classify the following code comment as DEFECT, DESIGN, DOCUMENTATION, IMPLEMENTATION, or TEST.
Use just one class. Do not include any additional text.

### Input:
// TODO: Also check REG_ANCHORINDEX vs. anchor

### Response:",TODO
// TODO : Redo it (curBody should be as long as curLanguage+button),DESIGN,"### Instruction: You are an AI assistant specialized in classifying code comments.
Your task is to analyze the code comments.
Classify the following code comment as DEFECT, DESIGN, DOCUMENTATION, IMPLEMENTATION, or TEST.
Use just one class. Do not include any additional text.

### Input:
// TODO : Redo it (curBody should be as long as curLanguage+button)

### Response:",TODO (Task): DESIGN
"/** * Test creation of Collaboration diagrams. * TODO: Test creating on an operation. * * jaap.branderhorst * Jan 9, 2003 */",TEST,"### Instruction: You are an AI assistant specialized in classifying code comments.
Your task is to analyze the code comments.
Classify the following code comment as DEFECT, DESIGN, DOCUMENTATION, IMPLEMENTATION, or TEST.
Use just one class. Do not include any additional text.

### Input:
/** * Test creation of Collaboration diagrams. * TODO: Test creating on an operation. * * jaap.branderhorst * Jan 9, 2003 */

### Response:",TEST
"// TODO: setText in GEF should call setBounds instead of directly // changing x, y, w, h - then we will have an event generated // correctly in GEF",DESIGN,"### Instruction: You are an AI assistant specialized in classifying code comments.
Your task is to analyze the code comments.
Classify the following code comment as DEFECT, DESIGN, DOCUMENTATION, IMPLEMENTATION, or TEST.
Use just one class. Do not include any additional text.

### Input:
// TODO: setText in GEF should call setBounds instead of directly // changing x, y, w, h - then we will have an event generated // correctly in GEF

### Response:",DESIGN
"//TODO: when this is the entry point, we should use an INNER_JOIN for fetching the many-to-many elements!",DEFECT,"### Instruction: You are an AI assistant specialized in classifying code comments.
Your task is to analyze the code comments.
Classify the following code comment as DEFECT, DESIGN, DOCUMENTATION, IMPLEMENTATION, or TEST.
Use just one class. Do not include any additional text.

### Input:
//TODO: when this is the entry point, we should use an INNER_JOIN for fetching the many-to-many elements!

### Response:",DESIGN
// Optimization - If classOfStaticMethod is set then we have already // been here and determined that this is a static method invocation. // Note: maybe factor this out with path below... clean up.,DESIGN,"### Instruction: You are an AI assistant specialized in classifying code comments.
Your task is to analyze the code comments.
Classify the following code comment as DEFECT, DESIGN, DOCUMENTATION, IMPLEMENTATION, or TEST.
Use just one class. Do not include any additional text.

### Input:
// Optimization - If classOfStaticMethod is set then we have already // been here and determined that this is a static method invocation. // Note: maybe factor this out with path below... clean up.

### Response:",DOCUMENTATION
"// TODO: Temporary until we sort out a better way to do guido's fix // assertEquals(SECOND_STMT_SEP, qt2.getSQLStatementSeparator());",DESIGN,"### Instruction: You are an AI assistant specialized in classifying code comments.
Your task is to analyze the code comments.
Classify the following code comment as DEFECT, DESIGN, DOCUMENTATION, IMPLEMENTATION, or TEST.
Use just one class. Do not include any additional text.

### Input:
// TODO: Temporary until we sort out a better way to do guido's fix // assertEquals(SECOND_STMT_SEP, qt2.getSQLStatementSeparator());

### Response:",TEST
"// work around that crazy issue where the tree contains // ""empty"" FromElements (no text); afaict, this is caused // by FromElementFactory.createCollectionJoin()",DESIGN,"### Instruction: You are an AI assistant specialized in classifying code comments.
Your task is to analyze the code comments.
Classify the following code comment as DEFECT, DESIGN, DOCUMENTATION, IMPLEMENTATION, or TEST.
Use just one class. Do not include any additional text.

### Input:
// work around that crazy issue where the tree contains // ""empty"" FromElements (no text); afaict, this is caused // by FromElementFactory.createCollectionJoin()

### Response:",DESIGN
// TODO: Put in all the property accessors,DESIGN,"### Instruction: You are an AI assistant specialized in classifying code comments.
Your task is to analyze the code comments.
Classify the following code comment as DEFECT, DESIGN, DOCUMENTATION, IMPLEMENTATION, or TEST.
Use just one class. Do not include any additional text.

### Input:
// TODO: Put in all the property accessors

### Response:",DOCUMENTATION
// TODO: catch exception if constant is already set by other // thread,DESIGN,"### Instruction: You are an AI assistant specialized in classifying code comments.
Your task is to analyze the code comments.
Classify the following code comment as DEFECT, DESIGN, DOCUMENTATION, IMPLEMENTATION, or TEST.
Use just one class. Do not include any additional text.

### Input:
// TODO: catch exception if constant is already set by other // thread

### Response:",TEST
// FIXME: How much more obtuse can this be? // Heredoc already parsed this and saved string...Do not parse..just return,DESIGN,"### Instruction: You are an AI assistant specialized in classifying code comments.
Your task is to analyze the code comments.
Classify the following code comment as DEFECT, DESIGN, DOCUMENTATION, IMPLEMENTATION, or TEST.
Use just one class. Do not include any additional text.

### Input:
// FIXME: How much more obtuse can this be? // Heredoc already parsed this and saved string...Do not parse..just return

### Response:",DOCUMENTATION
/* * TODO this assumes that the redirected response will always immediately follow the original response. * This may not always be true. * Is there a better way to do this? */,DESIGN,"### Instruction: You are an AI assistant specialized in classifying code comments.
Your task is to analyze the code comments.
Classify the following code comment as DEFECT, DESIGN, DOCUMENTATION, IMPLEMENTATION, or TEST.
Use just one class. Do not include any additional text.

### Input:
/* * TODO this assumes that the redirected response will always immediately follow the original response. * This may not always be true. * Is there a better way to do this? */

### Response:",DESIGN
// not needed,IMPLEMENTATION,"### Instruction: You are an AI assistant specialized in classifying code comments.
Your task is to analyze the code comments.
Classify the following code comment as DEFECT, DESIGN, DOCUMENTATION, IMPLEMENTATION, or TEST.
Use just one class. Do not include any additional text.

### Input:
// not needed

### Response:",DOCUMENTATION
//TODO: ary_sort_check should be done here,DESIGN,"### Instruction: You are an AI assistant specialized in classifying code comments.
Your task is to analyze the code comments.
Classify the following code comment as DEFECT, DESIGN, DOCUMENTATION, IMPLEMENTATION, or TEST.
Use just one class. Do not include any additional text.

### Input:
//TODO: ary_sort_check should be done here

### Response:","TODO: This comment is a reminder for a task that needs to be done in the future, which falls under the category of DESIGN."
// TODO: Fix this so that new sequence diagrams are tested,TEST,"### Instruction: You are an AI assistant specialized in classifying code comments.
Your task is to analyze the code comments.
Classify the following code comment as DEFECT, DESIGN, DOCUMENTATION, IMPLEMENTATION, or TEST.
Use just one class. Do not include any additional text.

### Input:
// TODO: Fix this so that new sequence diagrams are tested

### Response:",TEST
"/** * An array of valid connections, the combination of connecting class and * node classes must exist as a row in this list to be considered valid. * <ul> * <li>The 1st column is the connecting element. * <li>The 2nd column is the ""from"" element type. * <li>The 3rd column is the ""to"" element type. * <li>The 3rd column is optional, if not given then it is assumed to be * the same as the ""to"" element. * <li>The existence of a 4th column indicates that the connection is valid * in one direction only. * </ul> * TODO: This encodes not only what is legal in UML, but also what ArgoUML * knows how to create, so not all legal connections are included. Probably * should be split into two pieces: 1) legal UML (here) and 2) supported (in * ArgoUML application someplace) - tfm - 20060325<p> * * Most of these are subtypes of Relationship which includes Association, * Dependency, Flow, Generalization, Extend, and Include. Dependency * includes Binding, Abstraction, Usage, and Permission. AssociationRole and * AssociationClass are Associations. The remaining items (Link, Transition, * AssociationEnd, Message) are non-Relationship types which ArgoUML treats * as connections/edges. */",DESIGN,"### Instruction: You are an AI assistant specialized in classifying code comments.
Your task is to analyze the code comments.
Classify the following code comment as DEFECT, DESIGN, DOCUMENTATION, IMPLEMENTATION, or TEST.
Use just one class. Do not include any additional text.

### Input:
/** * An array of valid connections, the combination of connecting class and * node classes must exist as a row in this list to be considered valid. * <ul> * <li>The 1st column is the connecting element. * <li>The 2nd column is the ""from"" element type. * <li>The 3rd column is the ""to"" element type. * <li>The 3rd column is optional, if not given then it is assumed to be * the same as the ""to"" element. * <li>The existence of a 4th column indicates that the connection is valid * in one direction only. * </ul> * TODO: This encodes not only what is legal in UML, but also what ArgoUML * knows how to create, so not all legal connections are included. Probably * should be split into two pieces: 1) legal UML (here) and 2) supported (in * ArgoUML application someplace) - tfm - 20060325<p> * * Most of these are subtypes of Relationship which includes Association, * Dependency, Flow, Generalization, Extend, and Include. Dependency * includes Binding, Abstraction, Usage, and Permission. AssociationRole and * AssociationClass are Associations. The remaining items (Link, Transition, * AssociationEnd, Message) are non-Relationship types which ArgoUML treats * as connections/edges. */

### Response:",DOCUMENTATION
/* * two reasons are mentioned in the API docs for File.list * (1) dir is not a directory. This is impossible as * we wouldn't get here in this case. * (2) an IO error occurred (why doesn't it throw an exception * then???) */,DESIGN,"### Instruction: You are an AI assistant specialized in classifying code comments.
Your task is to analyze the code comments.
Classify the following code comment as DEFECT, DESIGN, DOCUMENTATION, IMPLEMENTATION, or TEST.
Use just one class. Do not include any additional text.

### Input:
/* * two reasons are mentioned in the API docs for File.list * (1) dir is not a directory. This is impossible as * we wouldn't get here in this case. * (2) an IO error occurred (why doesn't it throw an exception * then???) */

### Response:",DOCUMENTATION
//TODO ( fdietz): i18n,DESIGN,"### Instruction: You are an AI assistant specialized in classifying code comments.
Your task is to analyze the code comments.
Classify the following code comment as DEFECT, DESIGN, DOCUMENTATION, IMPLEMENTATION, or TEST.
Use just one class. Do not include any additional text.

### Input:
//TODO ( fdietz): i18n

### Response:",DOCUMENTATION
"/** * The Fig for a permission, which is a form of dependency. * <p> * TODO: In UML 2.x, the import and access Permissions have become * PackageImports with public visibility and non-public visibility respectively. * (ArgoUML only supports the <<import>> Permission currently). The friend * Permission has been dropped. Also the type hierarchy has been reorganized so * that PackageImport is not a subtype of Dependency. * * Markus Klink */",DESIGN,"### Instruction: You are an AI assistant specialized in classifying code comments.
Your task is to analyze the code comments.
Classify the following code comment as DEFECT, DESIGN, DOCUMENTATION, IMPLEMENTATION, or TEST.
Use just one class. Do not include any additional text.

### Input:
/** * The Fig for a permission, which is a form of dependency. * <p> * TODO: In UML 2.x, the import and access Permissions have become * PackageImports with public visibility and non-public visibility respectively. * (ArgoUML only supports the <<import>> Permission currently). The friend * Permission has been dropped. Also the type hierarchy has been reorganized so * that PackageImport is not a subtype of Dependency. * * Markus Klink */

### Response:",DESIGN
// pattern now holds ** while string is not exhausted // this will generate false positives but we can live with that.,DEFECT,"### Instruction: You are an AI assistant specialized in classifying code comments.
Your task is to analyze the code comments.
Classify the following code comment as DEFECT, DESIGN, DOCUMENTATION, IMPLEMENTATION, or TEST.
Use just one class. Do not include any additional text.

### Input:
// pattern now holds ** while string is not exhausted // this will generate false positives but we can live with that.

### Response:",DOCUMENTATION
// need to reexamine this,DESIGN,"### Instruction: You are an AI assistant specialized in classifying code comments.
Your task is to analyze the code comments.
Classify the following code comment as DEFECT, DESIGN, DOCUMENTATION, IMPLEMENTATION, or TEST.
Use just one class. Do not include any additional text.

### Input:
// need to reexamine this

### Response:",DOCUMENTATION
// SSS FIXME: // // There are also differences in variable scoping between 1.8 and 1.9 // Ruby 1.8 is the buggy semantics if I understand correctly. // // The semantics of how this shadows other variables outside the block needs // to be figured out during live var analysis.,DEFECT,"### Instruction: You are an AI assistant specialized in classifying code comments.
Your task is to analyze the code comments.
Classify the following code comment as DEFECT, DESIGN, DOCUMENTATION, IMPLEMENTATION, or TEST.
Use just one class. Do not include any additional text.

### Input:
// SSS FIXME: // // There are also differences in variable scoping between 1.8 and 1.9 // Ruby 1.8 is the buggy semantics if I understand correctly. // // The semantics of how this shadows other variables outside the block needs // to be figured out during live var analysis.

### Response:",DESIGN
"// TODO: I think we need to make sure the keys are actually cloned, // whereas the stroke instances are always immutable so they're OK",IMPLEMENTATION,"### Instruction: You are an AI assistant specialized in classifying code comments.
Your task is to analyze the code comments.
Classify the following code comment as DEFECT, DESIGN, DOCUMENTATION, IMPLEMENTATION, or TEST.
Use just one class. Do not include any additional text.

### Input:
// TODO: I think we need to make sure the keys are actually cloned, // whereas the stroke instances are always immutable so they're OK

### Response:",DESIGN
// Create temporary file for output // TODO: we should be able to chain this directly to XMI reader,DESIGN,"### Instruction: You are an AI assistant specialized in classifying code comments.
Your task is to analyze the code comments.
Classify the following code comment as DEFECT, DESIGN, DOCUMENTATION, IMPLEMENTATION, or TEST.
Use just one class. Do not include any additional text.

### Input:
// Create temporary file for output // TODO: we should be able to chain this directly to XMI reader

### Response:",DOCUMENTATION
// defer argument checking...,DESIGN,"### Instruction: You are an AI assistant specialized in classifying code comments.
Your task is to analyze the code comments.
Classify the following code comment as DEFECT, DESIGN, DOCUMENTATION, IMPLEMENTATION, or TEST.
Use just one class. Do not include any additional text.

### Input:
// defer argument checking...

### Response:",DOCUMENTATION
// FIXME: move out of this class!,DESIGN,"### Instruction: You are an AI assistant specialized in classifying code comments.
Your task is to analyze the code comments.
Classify the following code comment as DEFECT, DESIGN, DOCUMENTATION, IMPLEMENTATION, or TEST.
Use just one class. Do not include any additional text.

### Input:
// FIXME: move out of this class!

### Response:",DESIGN
"// the sooner ppl move to the new api, the less we'll need // crap like this",DESIGN,"### Instruction: You are an AI assistant specialized in classifying code comments.
Your task is to analyze the code comments.
Classify the following code comment as DEFECT, DESIGN, DOCUMENTATION, IMPLEMENTATION, or TEST.
Use just one class. Do not include any additional text.

### Input:
// the sooner ppl move to the new api, the less we'll need // crap like this

### Response:",DOCUMENTATION
// TODO: this assumes ranges are sorted. Is this true? - tfm,DESIGN,"### Instruction: You are an AI assistant specialized in classifying code comments.
Your task is to analyze the code comments.
Classify the following code comment as DEFECT, DESIGN, DOCUMENTATION, IMPLEMENTATION, or TEST.
Use just one class. Do not include any additional text.

### Input:
// TODO: this assumes ranges are sorted. Is this true? - tfm

### Response:",DESIGN
// TODO: check if key contains the owner ID,IMPLEMENTATION,"### Instruction: You are an AI assistant specialized in classifying code comments.
Your task is to analyze the code comments.
Classify the following code comment as DEFECT, DESIGN, DOCUMENTATION, IMPLEMENTATION, or TEST.
Use just one class. Do not include any additional text.

### Input:
// TODO: check if key contains the owner ID

### Response:","TODO: This is a DESIGN comment, suggesting a future action or improvement in the design of the code."
// TODO: This version differs from ioctl by checking whether fcntl exists // and raising notimplemented if it doesn't; perhaps no difference for us?,DESIGN,"### Instruction: You are an AI assistant specialized in classifying code comments.
Your task is to analyze the code comments.
Classify the following code comment as DEFECT, DESIGN, DOCUMENTATION, IMPLEMENTATION, or TEST.
Use just one class. Do not include any additional text.

### Input:
// TODO: This version differs from ioctl by checking whether fcntl exists // and raising notimplemented if it doesn't; perhaps no difference for us?

### Response:",DOCUMENTATION
// TODO: Once the default constructor is deleted we only set dirty flag,IMPLEMENTATION,"### Instruction: You are an AI assistant specialized in classifying code comments.
Your task is to analyze the code comments.
Classify the following code comment as DEFECT, DESIGN, DOCUMENTATION, IMPLEMENTATION, or TEST.
Use just one class. Do not include any additional text.

### Input:
// TODO: Once the default constructor is deleted we only set dirty flag

### Response:",DOCUMENTATION
// ignore...bean doesn't get registered // TODO: Why does that bother me?,DESIGN,"### Instruction: You are an AI assistant specialized in classifying code comments.
Your task is to analyze the code comments.
Classify the following code comment as DEFECT, DESIGN, DOCUMENTATION, IMPLEMENTATION, or TEST.
Use just one class. Do not include any additional text.

### Input:
// ignore...bean doesn't get registered // TODO: Why does that bother me?

### Response:",TODO
// REVISIT: Remove this code.,DESIGN,"### Instruction: You are an AI assistant specialized in classifying code comments.
Your task is to analyze the code comments.
Classify the following code comment as DEFECT, DESIGN, DOCUMENTATION, IMPLEMENTATION, or TEST.
Use just one class. Do not include any additional text.

### Input:
// REVISIT: Remove this code.

### Response:",DESIGN
"// This is effectively the same as saver.toXML(Object, Writer) except we get to provide the DataHolder // Don't know why there is no method for this in the XStream class",DESIGN,"### Instruction: You are an AI assistant specialized in classifying code comments.
Your task is to analyze the code comments.
Classify the following code comment as DEFECT, DESIGN, DOCUMENTATION, IMPLEMENTATION, or TEST.
Use just one class. Do not include any additional text.

### Input:
// This is effectively the same as saver.toXML(Object, Writer) except we get to provide the DataHolder // Don't know why there is no method for this in the XStream class

### Response:",DOCUMENTATION
"// FIXME: we should also support orgs that use capitalized package // names (including, embarrassingly, the one I work for), but this // should be enabled by a system property, as the expected default // behavior for an upper-case value should be (and is) to treat it // as a class name, and raise an exception if it's not found ",DESIGN,"### Instruction: You are an AI assistant specialized in classifying code comments.
Your task is to analyze the code comments.
Classify the following code comment as DEFECT, DESIGN, DOCUMENTATION, IMPLEMENTATION, or TEST.
Use just one class. Do not include any additional text.

### Input:
// FIXME: we should also support orgs that use capitalized package // names (including, embarrassingly, the one I work for), but this // should be enabled by a system property, as the expected default // behavior for an upper-case value should be (and is) to treat it // as a class name, and raise an exception if it's not found

### Response:",DESIGN
// SSS FIXME: 1. Is the ordering correct? (poll before next),DESIGN,"### Instruction: You are an AI assistant specialized in classifying code comments.
Your task is to analyze the code comments.
Classify the following code comment as DEFECT, DESIGN, DOCUMENTATION, IMPLEMENTATION, or TEST.
Use just one class. Do not include any additional text.

### Input:
// SSS FIXME: 1. Is the ordering correct? (poll before next)

### Response:",DESIGN
"// TODO: Add ""unnamed"" or ""new"" or something? (Localized, of course)",IMPLEMENTATION,"### Instruction: You are an AI assistant specialized in classifying code comments.
Your task is to analyze the code comments.
Classify the following code comment as DEFECT, DESIGN, DOCUMENTATION, IMPLEMENTATION, or TEST.
Use just one class. Do not include any additional text.

### Input:
// TODO: Add ""unnamed"" or ""new"" or something? (Localized, of course)

### Response:",DOCUMENTATION
"// TODO: This works for 90 degree angles, but is suboptimal // for other angles. It should reflect the angle, rather // than just using a negative offset along the same vector",DEFECT,"### Instruction: You are an AI assistant specialized in classifying code comments.
Your task is to analyze the code comments.
Classify the following code comment as DEFECT, DESIGN, DOCUMENTATION, IMPLEMENTATION, or TEST.
Use just one class. Do not include any additional text.

### Input:
// TODO: This works for 90 degree angles, but is suboptimal // for other angles. It should reflect the angle, rather // than just using a negative offset along the same vector

### Response:",DESIGN
//note there is a wierd implementation in the client side,DESIGN,"### Instruction: You are an AI assistant specialized in classifying code comments.
Your task is to analyze the code comments.
Classify the following code comment as DEFECT, DESIGN, DOCUMENTATION, IMPLEMENTATION, or TEST.
Use just one class. Do not include any additional text.

### Input:
//note there is a wierd implementation in the client side

### Response:",IMPLEMENTATION
// TODO: rescan code range ?,IMPLEMENTATION,"### Instruction: You are an AI assistant specialized in classifying code comments.
Your task is to analyze the code comments.
Classify the following code comment as DEFECT, DESIGN, DOCUMENTATION, IMPLEMENTATION, or TEST.
Use just one class. Do not include any additional text.

### Input:
// TODO: rescan code range ?

### Response:","TODO: This is a common keyword used for tasks that have not been completed yet, so this comment falls under the category of DOCUMENTATION."
// can happen because of the multiple ways Cache.remove() // can be invoked :(,DESIGN,"### Instruction: You are an AI assistant specialized in classifying code comments.
Your task is to analyze the code comments.
Classify the following code comment as DEFECT, DESIGN, DOCUMENTATION, IMPLEMENTATION, or TEST.
Use just one class. Do not include any additional text.

### Input:
// can happen because of the multiple ways Cache.remove() // can be invoked :(

### Response:",DOCUMENTATION
//avoid error in ant task tests (good way?),DESIGN,"### Instruction: You are an AI assistant specialized in classifying code comments.
Your task is to analyze the code comments.
Classify the following code comment as DEFECT, DESIGN, DOCUMENTATION, IMPLEMENTATION, or TEST.
Use just one class. Do not include any additional text.

### Input:
//avoid error in ant task tests (good way?)

### Response:",DOCUMENTATION
// report error if something weird happens...this is diagnostic.,DESIGN,"### Instruction: You are an AI assistant specialized in classifying code comments.
Your task is to analyze the code comments.
Classify the following code comment as DEFECT, DESIGN, DOCUMENTATION, IMPLEMENTATION, or TEST.
Use just one class. Do not include any additional text.

### Input:
// report error if something weird happens...this is diagnostic.

### Response:",DIAGNOSTIC
// SSS FIXME: What happens to the add class in this case??,DESIGN,"### Instruction: You are an AI assistant specialized in classifying code comments.
Your task is to analyze the code comments.
Classify the following code comment as DEFECT, DESIGN, DOCUMENTATION, IMPLEMENTATION, or TEST.
Use just one class. Do not include any additional text.

### Input:
// SSS FIXME: What happens to the add class in this case??

### Response:",DEFECT
// Does not appear to be used,DESIGN,"### Instruction: You are an AI assistant specialized in classifying code comments.
Your task is to analyze the code comments.
Classify the following code comment as DEFECT, DESIGN, DOCUMENTATION, IMPLEMENTATION, or TEST.
Use just one class. Do not include any additional text.

### Input:
// Does not appear to be used

### Response:",DOCUMENTATION
"// Facade methods for IMessageHandler. We don't want to allow code to // directly access an internal IMessageHandler, now that the IMessageHandler // interface requires an ExceptionFormatter to be injected for methods that // accept Exceptions.",DESIGN,"### Instruction: You are an AI assistant specialized in classifying code comments.
Your task is to analyze the code comments.
Classify the following code comment as DEFECT, DESIGN, DOCUMENTATION, IMPLEMENTATION, or TEST.
Use just one class. Do not include any additional text.

### Input:
// Facade methods for IMessageHandler. We don't want to allow code to // directly access an internal IMessageHandler, now that the IMessageHandler // interface requires an ExceptionFormatter to be injected for methods that // accept Exceptions.

### Response:",DOCUMENTATION
// TODO ( fdietz): i18n,DESIGN,"### Instruction: You are an AI assistant specialized in classifying code comments.
Your task is to analyze the code comments.
Classify the following code comment as DEFECT, DESIGN, DOCUMENTATION, IMPLEMENTATION, or TEST.
Use just one class. Do not include any additional text.

### Input:
// TODO ( fdietz): i18n

### Response:",DOCUMENTATION
//TODO: get SQL rendering out of this package!,DESIGN,"### Instruction: You are an AI assistant specialized in classifying code comments.
Your task is to analyze the code comments.
Classify the following code comment as DEFECT, DESIGN, DOCUMENTATION, IMPLEMENTATION, or TEST.
Use just one class. Do not include any additional text.

### Input:
//TODO: get SQL rendering out of this package!

### Response:","TODO: This is a common abbreviation for ""To Do"", which is used to indicate tasks that need to be completed. In this case, the task is to get SQL rendering out of the current package. This is a DESIGN comment as it suggests a change in the architecture or design of the code."
// TODO: Can we get this from the metamodel? //$NON-NLS-1$,DESIGN,"### Instruction: You are an AI assistant specialized in classifying code comments.
Your task is to analyze the code comments.
Classify the following code comment as DEFECT, DESIGN, DOCUMENTATION, IMPLEMENTATION, or TEST.
Use just one class. Do not include any additional text.

### Input:
// TODO: Can we get this from the metamodel? //$NON-NLS-1$

### Response:",DOCUMENTATION
/** * Create an empty but initialized instance of an Artifact * * UML 1.4 * an initialized Artifact instance. * TODO: This needs an extra parameter to specify the model/extent where * the new element should be created. */,DESIGN,"### Instruction: You are an AI assistant specialized in classifying code comments.
Your task is to analyze the code comments.
Classify the following code comment as DEFECT, DESIGN, DOCUMENTATION, IMPLEMENTATION, or TEST.
Use just one class. Do not include any additional text.

### Input:
/** * Create an empty but initialized instance of an Artifact * * UML 1.4 * an initialized Artifact instance. * TODO: This needs an extra parameter to specify the model/extent where * the new element should be created. */

### Response:",TODO
// I don't know if we should be run this deferred // because we might have to give the editor a chance to process the viewer update events // and hence to update the views first. // //,DESIGN,"### Instruction: You are an AI assistant specialized in classifying code comments.
Your task is to analyze the code comments.
Classify the following code comment as DEFECT, DESIGN, DOCUMENTATION, IMPLEMENTATION, or TEST.
Use just one class. Do not include any additional text.

### Input:
// I don't know if we should be run this deferred // because we might have to give the editor a chance to process the viewer update events // and hence to update the views first. // //

### Response:",DESIGN
// defer argument checking...,DESIGN,"### Instruction: You are an AI assistant specialized in classifying code comments.
Your task is to analyze the code comments.
Classify the following code comment as DEFECT, DESIGN, DOCUMENTATION, IMPLEMENTATION, or TEST.
Use just one class. Do not include any additional text.

### Input:
// defer argument checking...

### Response:",DOCUMENTATION
// TODO: Cyclic dependency between PersistanceManager and here,DESIGN,"### Instruction: You are an AI assistant specialized in classifying code comments.
Your task is to analyze the code comments.
Classify the following code comment as DEFECT, DESIGN, DOCUMENTATION, IMPLEMENTATION, or TEST.
Use just one class. Do not include any additional text.

### Input:
// TODO: Cyclic dependency between PersistanceManager and here

### Response:",DEFECT
// TODO: People extending GzipWriter/reader will break. Find better way here.,DESIGN,"### Instruction: You are an AI assistant specialized in classifying code comments.
Your task is to analyze the code comments.
Classify the following code comment as DEFECT, DESIGN, DOCUMENTATION, IMPLEMENTATION, or TEST.
Use just one class. Do not include any additional text.

### Input:
// TODO: People extending GzipWriter/reader will break. Find better way here.

### Response:",DESIGN
"//aliasRefNode.resolve( false, false, aliasRefNode.getText() ); //TODO: is it kosher to do it here? //TODO: is it kosher to do it here?",DESIGN,"### Instruction: You are an AI assistant specialized in classifying code comments.
Your task is to analyze the code comments.
Classify the following code comment as DEFECT, DESIGN, DOCUMENTATION, IMPLEMENTATION, or TEST.
Use just one class. Do not include any additional text.

### Input:
//aliasRefNode.resolve( false, false, aliasRefNode.getText() ); //TODO: is it kosher to do it here? //TODO: is it kosher to do it here?

### Response:",TODO
// HACK,DESIGN,"### Instruction: You are an AI assistant specialized in classifying code comments.
Your task is to analyze the code comments.
Classify the following code comment as DEFECT, DESIGN, DOCUMENTATION, IMPLEMENTATION, or TEST.
Use just one class. Do not include any additional text.

### Input:
// HACK

### Response:",DEFECT
// not needed,IMPLEMENTATION,"### Instruction: You are an AI assistant specialized in classifying code comments.
Your task is to analyze the code comments.
Classify the following code comment as DEFECT, DESIGN, DOCUMENTATION, IMPLEMENTATION, or TEST.
Use just one class. Do not include any additional text.

### Input:
// not needed

### Response:",DOCUMENTATION
/** * Handle firing a diagram appearance event. * <p> * TODO: This needs to be managed on a per-diagram or per-project basis. * * event The event to be fired. * listener The listener. */,DESIGN,"### Instruction: You are an AI assistant specialized in classifying code comments.
Your task is to analyze the code comments.
Classify the following code comment as DEFECT, DESIGN, DOCUMENTATION, IMPLEMENTATION, or TEST.
Use just one class. Do not include any additional text.

### Input:
/** * Handle firing a diagram appearance event. * <p> * TODO: This needs to be managed on a per-diagram or per-project basis. * * event The event to be fired. * listener The listener. */

### Response:",DOCUMENTATION
"// TODO: The following handling of multiselection is just a local // solution for the fill color, better find a more general solution: // (I don't know if it's undoable this way - thn)",DESIGN,"### Instruction: You are an AI assistant specialized in classifying code comments.
Your task is to analyze the code comments.
Classify the following code comment as DEFECT, DESIGN, DOCUMENTATION, IMPLEMENTATION, or TEST.
Use just one class. Do not include any additional text.

### Input:
// TODO: The following handling of multiselection is just a local // solution for the fill color, better find a more general solution: // (I don't know if it's undoable this way - thn)

### Response:",TODO
"// from the collection of associations, locate OJA for the // ManyToOne corresponding to this persister to fully // define the many-to-many; we need that OJA so that we can // use its alias here // TODO : is there a better way here?",DESIGN,"### Instruction: You are an AI assistant specialized in classifying code comments.
Your task is to analyze the code comments.
Classify the following code comment as DEFECT, DESIGN, DOCUMENTATION, IMPLEMENTATION, or TEST.
Use just one class. Do not include any additional text.

### Input:
// from the collection of associations, locate OJA for the // ManyToOne corresponding to this persister to fully // define the many-to-many; we need that OJA so that we can // use its alias here // TODO : is there a better way here?

### Response:",TODO
// FIXME: don't use RubyIO for this,IMPLEMENTATION,"### Instruction: You are an AI assistant specialized in classifying code comments.
Your task is to analyze the code comments.
Classify the following code comment as DEFECT, DESIGN, DOCUMENTATION, IMPLEMENTATION, or TEST.
Use just one class. Do not include any additional text.

### Input:
// FIXME: don't use RubyIO for this

### Response:",DESIGN
// TODO REMOVE THIS BOGUS EMPTY LINE,DESIGN,"### Instruction: You are an AI assistant specialized in classifying code comments.
Your task is to analyze the code comments.
Classify the following code comment as DEFECT, DESIGN, DOCUMENTATION, IMPLEMENTATION, or TEST.
Use just one class. Do not include any additional text.

### Input:
// TODO REMOVE THIS BOGUS EMPTY LINE

### Response:",DOCUMENTATION
// should the samples be aggregated on thread name or thread group (default) ?,DESIGN,"### Instruction: You are an AI assistant specialized in classifying code comments.
Your task is to analyze the code comments.
Classify the following code comment as DEFECT, DESIGN, DOCUMENTATION, IMPLEMENTATION, or TEST.
Use just one class. Do not include any additional text.

### Input:
// should the samples be aggregated on thread name or thread group (default) ?

### Response:",DOCUMENTATION
//yuck!,DESIGN,"### Instruction: You are an AI assistant specialized in classifying code comments.
Your task is to analyze the code comments.
Classify the following code comment as DEFECT, DESIGN, DOCUMENTATION, IMPLEMENTATION, or TEST.
Use just one class. Do not include any additional text.

### Input:
//yuck!

### Response:",DOCUMENTATION
/** * This keeps track of the editing domain that is used to track all changes * to the model. * <p> * TODO: This probably needs to be a set of EditingDomain so that we can * manage an EditingDomain per project. */,DESIGN,"### Instruction: You are an AI assistant specialized in classifying code comments.
Your task is to analyze the code comments.
Classify the following code comment as DEFECT, DESIGN, DOCUMENTATION, IMPLEMENTATION, or TEST.
Use just one class. Do not include any additional text.

### Input:
/** * This keeps track of the editing domain that is used to track all changes * to the model. * <p> * TODO: This probably needs to be a set of EditingDomain so that we can * manage an EditingDomain per project. */

### Response:",DESIGN
// TODO: we should be given an Undo manager to use rather than looking // for a global one,DESIGN,"### Instruction: You are an AI assistant specialized in classifying code comments.
Your task is to analyze the code comments.
Classify the following code comment as DEFECT, DESIGN, DOCUMENTATION, IMPLEMENTATION, or TEST.
Use just one class. Do not include any additional text.

### Input:
// TODO: we should be given an Undo manager to use rather than looking // for a global one

### Response:",DESIGN
/** * TODO: Document! What does this do? Interacts with event pump in some manner * * objects new objeccts */,DOCUMENTATION,"### Instruction: You are an AI assistant specialized in classifying code comments.
Your task is to analyze the code comments.
Classify the following code comment as DEFECT, DESIGN, DOCUMENTATION, IMPLEMENTATION, or TEST.
Use just one class. Do not include any additional text.

### Input:
/** * TODO: Document! What does this do? Interacts with event pump in some manner * * objects new objeccts */

### Response:",DOCUMENTATION
// Object to_a is obsolete. We match Ruby's hack until to_a goes away. Then we can // remove this hack too.,DESIGN,"### Instruction: You are an AI assistant specialized in classifying code comments.
Your task is to analyze the code comments.
Classify the following code comment as DEFECT, DESIGN, DOCUMENTATION, IMPLEMENTATION, or TEST.
Use just one class. Do not include any additional text.

### Input:
// Object to_a is obsolete. We match Ruby's hack until to_a goes away. Then we can // remove this hack too.

### Response:",DOCUMENTATION
"/* Note: We will ll move this behavior out to a subclass of NameSpace, but we'll start here. */",DESIGN,"### Instruction: You are an AI assistant specialized in classifying code comments.
Your task is to analyze the code comments.
Classify the following code comment as DEFECT, DESIGN, DOCUMENTATION, IMPLEMENTATION, or TEST.
Use just one class. Do not include any additional text.

### Input:
/* Note: We will ll move this behavior out to a subclass of NameSpace, but we'll start here. */

### Response:",DOCUMENTATION
// TODO: Check whether this is really needed. I think it's // left over from an incomplete understanding of the MagicDraw // composition error problem - tfm,DESIGN,"### Instruction: You are an AI assistant specialized in classifying code comments.
Your task is to analyze the code comments.
Classify the following code comment as DEFECT, DESIGN, DOCUMENTATION, IMPLEMENTATION, or TEST.
Use just one class. Do not include any additional text.

### Input:
// TODO: Check whether this is really needed. I think it's // left over from an incomplete understanding of the MagicDraw // composition error problem - tfm

### Response:",TODO
// TODO: Do we need this one. */,DESIGN,"### Instruction: You are an AI assistant specialized in classifying code comments.
Your task is to analyze the code comments.
Classify the following code comment as DEFECT, DESIGN, DOCUMENTATION, IMPLEMENTATION, or TEST.
Use just one class. Do not include any additional text.

### Input:
// TODO: Do we need this one. */

### Response:",TODO
// TODO: is this the correct default?,DESIGN,"### Instruction: You are an AI assistant specialized in classifying code comments.
Your task is to analyze the code comments.
Classify the following code comment as DEFECT, DESIGN, DOCUMENTATION, IMPLEMENTATION, or TEST.
Use just one class. Do not include any additional text.

### Input:
// TODO: is this the correct default?

### Response:",DOCUMENTATION
/* TODO: joinKeyColumnName & foreignKeyColumnName should be called either here or at a * slightly higer level in the stack (to get all the information we need) * Right now HbmBinder does not support the */,DESIGN,"### Instruction: You are an AI assistant specialized in classifying code comments.
Your task is to analyze the code comments.
Classify the following code comment as DEFECT, DESIGN, DOCUMENTATION, IMPLEMENTATION, or TEST.
Use just one class. Do not include any additional text.

### Input:
/* TODO: joinKeyColumnName & foreignKeyColumnName should be called either here or at a * slightly higer level in the stack (to get all the information we need) * Right now HbmBinder does not support the */

### Response:",DESIGN
"// Walk up the scope tree right now as much as possible, to avoid run-time walking // SSS FIXME: Any reason why this might break in the presence of ruby's dynamic resolution? What might break?",DEFECT,"### Instruction: You are an AI assistant specialized in classifying code comments.
Your task is to analyze the code comments.
Classify the following code comment as DEFECT, DESIGN, DOCUMENTATION, IMPLEMENTATION, or TEST.
Use just one class. Do not include any additional text.

### Input:
// Walk up the scope tree right now as much as possible, to avoid run-time walking // SSS FIXME: Any reason why this might break in the presence of ruby's dynamic resolution? What might break?

### Response:",DEFECT
/** * TODO: Copied from UmlDiagramRenderer. * * Get the FigNode from the given layer that represents the given * model element. * The FigNode portion of an association class is returned in preference * to the FigEdge portion. * If no FigNode is found then a FIgEdge is searched for and the FigNode * that acts as its edge port is returned. * lay the layer containing the Fig * modelElement the model element to find presentation for * the FigNode presentation of the model element */,DESIGN,"### Instruction: You are an AI assistant specialized in classifying code comments.
Your task is to analyze the code comments.
Classify the following code comment as DEFECT, DESIGN, DOCUMENTATION, IMPLEMENTATION, or TEST.
Use just one class. Do not include any additional text.

### Input:
/** * TODO: Copied from UmlDiagramRenderer. * * Get the FigNode from the given layer that represents the given * model element. * The FigNode portion of an association class is returned in preference * to the FigEdge portion. * If no FigNode is found then a FIgEdge is searched for and the FigNode * that acts as its edge port is returned. * lay the layer containing the Fig * modelElement the model element to find presentation for * the FigNode presentation of the model element */

### Response:",DOCUMENTATION
// TODO ( fdietz): move this to AbstractMessageFolder constructor // create filterlist datastructure,DESIGN,"### Instruction: You are an AI assistant specialized in classifying code comments.
Your task is to analyze the code comments.
Classify the following code comment as DEFECT, DESIGN, DOCUMENTATION, IMPLEMENTATION, or TEST.
Use just one class. Do not include any additional text.

### Input:
// TODO ( fdietz): move this to AbstractMessageFolder constructor // create filterlist datastructure

### Response:",DESIGN
// TODO: All super constructors should take a GraphModel,IMPLEMENTATION,"### Instruction: You are an AI assistant specialized in classifying code comments.
Your task is to analyze the code comments.
Classify the following code comment as DEFECT, DESIGN, DOCUMENTATION, IMPLEMENTATION, or TEST.
Use just one class. Do not include any additional text.

### Input:
// TODO: All super constructors should take a GraphModel

### Response:",TODO
"// if we get here, we found a matching method, use it // TODO: choose narrowest method by continuing to search",DESIGN,"### Instruction: You are an AI assistant specialized in classifying code comments.
Your task is to analyze the code comments.
Classify the following code comment as DEFECT, DESIGN, DOCUMENTATION, IMPLEMENTATION, or TEST.
Use just one class. Do not include any additional text.

### Input:
// if we get here, we found a matching method, use it // TODO: choose narrowest method by continuing to search

### Response:",TODO
"// XXX: This check previously used callMethod(""=="") to check for equality between classes // when scanning the hierarchy. However the == check may be safe; we should only ever have // one instance bound to a given type/constant. If it's found to be unsafe, examine ways // to avoid the == call.",DESIGN,"### Instruction: You are an AI assistant specialized in classifying code comments.
Your task is to analyze the code comments.
Classify the following code comment as DEFECT, DESIGN, DOCUMENTATION, IMPLEMENTATION, or TEST.
Use just one class. Do not include any additional text.

### Input:
// XXX: This check previously used callMethod(""=="") to check for equality between classes // when scanning the hierarchy. However the == check may be safe; we should only ever have // one instance bound to a given type/constant. If it's found to be unsafe, examine ways // to avoid the == call.

### Response:",DESIGN
"//?? Best guess: read object? //?? This is probably the wrong thing to do here, but //?? I don't know what else to try.",DESIGN,"### Instruction: You are an AI assistant specialized in classifying code comments.
Your task is to analyze the code comments.
Classify the following code comment as DEFECT, DESIGN, DOCUMENTATION, IMPLEMENTATION, or TEST.
Use just one class. Do not include any additional text.

### Input:
//?? Best guess: read object? //?? This is probably the wrong thing to do here, but //?? I don't know what else to try.

### Response:",DEFECT
// TODO ( karlpeder): Implementation of undo/redo missing,IMPLEMENTATION,"### Instruction: You are an AI assistant specialized in classifying code comments.
Your task is to analyze the code comments.
Classify the following code comment as DEFECT, DESIGN, DOCUMENTATION, IMPLEMENTATION, or TEST.
Use just one class. Do not include any additional text.

### Input:
// TODO ( karlpeder): Implementation of undo/redo missing

### Response:",IMPLEMENTATION
// Some dbs (like McKoi) make -1 the default for scale. Apply the // same hack as above.,DESIGN,"### Instruction: You are an AI assistant specialized in classifying code comments.
Your task is to analyze the code comments.
Classify the following code comment as DEFECT, DESIGN, DOCUMENTATION, IMPLEMENTATION, or TEST.
Use just one class. Do not include any additional text.

### Input:
// Some dbs (like McKoi) make -1 the default for scale. Apply the // same hack as above.

### Response:",DOCUMENTATION
/** * StylePanel class which provides additional parameters for changing Text * elements provided by GEF. * TODO: i18n */,IMPLEMENTATION,"### Instruction: You are an AI assistant specialized in classifying code comments.
Your task is to analyze the code comments.
Classify the following code comment as DEFECT, DESIGN, DOCUMENTATION, IMPLEMENTATION, or TEST.
Use just one class. Do not include any additional text.

### Input:
/** * StylePanel class which provides additional parameters for changing Text * elements provided by GEF. * TODO: i18n */

### Response:",DOCUMENTATION
// TODO: No test coverage for this or createPropPanel? - tfm,TEST,"### Instruction: You are an AI assistant specialized in classifying code comments.
Your task is to analyze the code comments.
Classify the following code comment as DEFECT, DESIGN, DOCUMENTATION, IMPLEMENTATION, or TEST.
Use just one class. Do not include any additional text.

### Input:
// TODO: No test coverage for this or createPropPanel? - tfm

### Response:",TEST
/* TODO: This is using internal knowledge of GEF. It should * handle this itself. - tfm * MVW: Move into something like Main.initGEF() */,DESIGN,"### Instruction: You are an AI assistant specialized in classifying code comments.
Your task is to analyze the code comments.
Classify the following code comment as DEFECT, DESIGN, DOCUMENTATION, IMPLEMENTATION, or TEST.
Use just one class. Do not include any additional text.

### Input:
/* TODO: This is using internal knowledge of GEF. It should * handle this itself. - tfm * MVW: Move into something like Main.initGEF() */

### Response:",DESIGN
// FIXME: what if value is null on next line?,DESIGN,"### Instruction: You are an AI assistant specialized in classifying code comments.
Your task is to analyze the code comments.
Classify the following code comment as DEFECT, DESIGN, DOCUMENTATION, IMPLEMENTATION, or TEST.
Use just one class. Do not include any additional text.

### Input:
// FIXME: what if value is null on next line?

### Response:",DEFECT
// this should be moved to a ui action.,DESIGN,"### Instruction: You are an AI assistant specialized in classifying code comments.
Your task is to analyze the code comments.
Classify the following code comment as DEFECT, DESIGN, DOCUMENTATION, IMPLEMENTATION, or TEST.
Use just one class. Do not include any additional text.

### Input:
// this should be moved to a ui action.

### Response:",DOCUMENTATION
"// optional args, so we have IRubyObject[] // TODO: confirm",DESIGN,"### Instruction: You are an AI assistant specialized in classifying code comments.
Your task is to analyze the code comments.
Classify the following code comment as DEFECT, DESIGN, DOCUMENTATION, IMPLEMENTATION, or TEST.
Use just one class. Do not include any additional text.

### Input:
// optional args, so we have IRubyObject[] // TODO: confirm

### Response:",DOCUMENTATION
"// using IOOutputStream may not be the most performance way, but it's easy.",DESIGN,"### Instruction: You are an AI assistant specialized in classifying code comments.
Your task is to analyze the code comments.
Classify the following code comment as DEFECT, DESIGN, DOCUMENTATION, IMPLEMENTATION, or TEST.
Use just one class. Do not include any additional text.

### Input:
// using IOOutputStream may not be the most performance way, but it's easy.

### Response:",DOCUMENTATION
// The following constants capture pre-known static call sites -- JRuby implementations of methods of ruby classes // SSS FIXME: Note that compiler/impl/BaseBodyCompiler is using op_match2 for match() and and op_match for match2 ... Is this a bug there?,DEFECT,"### Instruction: You are an AI assistant specialized in classifying code comments.
Your task is to analyze the code comments.
Classify the following code comment as DEFECT, DESIGN, DOCUMENTATION, IMPLEMENTATION, or TEST.
Use just one class. Do not include any additional text.

### Input:
// The following constants capture pre-known static call sites -- JRuby implementations of methods of ruby classes // SSS FIXME: Note that compiler/impl/BaseBodyCompiler is using op_match2 for match() and and op_match for match2 ... Is this a bug there?

### Response:",DEFECT
// TODO : this really needs to be delayed unitl after we definitively know the operand node type; // where this is currently a problem is parameters for which where we cannot unequivocally // resolve an expected type,DEFECT,"### Instruction: You are an AI assistant specialized in classifying code comments.
Your task is to analyze the code comments.
Classify the following code comment as DEFECT, DESIGN, DOCUMENTATION, IMPLEMENTATION, or TEST.
Use just one class. Do not include any additional text.

### Input:
// TODO : this really needs to be delayed unitl after we definitively know the operand node type; // where this is currently a problem is parameters for which where we cannot unequivocally // resolve an expected type

### Response:",DESIGN
/* TODO: Enhance the isValidNamespace function so * that this never happens. */,IMPLEMENTATION,"### Instruction: You are an AI assistant specialized in classifying code comments.
Your task is to analyze the code comments.
Classify the following code comment as DEFECT, DESIGN, DOCUMENTATION, IMPLEMENTATION, or TEST.
Use just one class. Do not include any additional text.

### Input:
/* TODO: Enhance the isValidNamespace function so * that this never happens. */

### Response:",DESIGN
/** * Create an empty but initialized instance of a UML Node. * * an initialized UML Node instance. * TODO: This needs an extra parameter to specify the model/extent where * the new element should be created. */,DESIGN,"### Instruction: You are an AI assistant specialized in classifying code comments.
Your task is to analyze the code comments.
Classify the following code comment as DEFECT, DESIGN, DOCUMENTATION, IMPLEMENTATION, or TEST.
Use just one class. Do not include any additional text.

### Input:
/** * Create an empty but initialized instance of a UML Node. * * an initialized UML Node instance. * TODO: This needs an extra parameter to specify the model/extent where * the new element should be created. */

### Response:",TODO
/** * The file persister for the UML model. * TODO: This is empty. What is its purpose? - tfm * Bob Tarling */,DESIGN,"### Instruction: You are an AI assistant specialized in classifying code comments.
Your task is to analyze the code comments.
Classify the following code comment as DEFECT, DESIGN, DOCUMENTATION, IMPLEMENTATION, or TEST.
Use just one class. Do not include any additional text.

### Input:
/** * The file persister for the UML model. * TODO: This is empty. What is its purpose? - tfm * Bob Tarling */

### Response:",DESIGN
// not needed,IMPLEMENTATION,"### Instruction: You are an AI assistant specialized in classifying code comments.
Your task is to analyze the code comments.
Classify the following code comment as DEFECT, DESIGN, DOCUMENTATION, IMPLEMENTATION, or TEST.
Use just one class. Do not include any additional text.

### Input:
// not needed

### Response:",DOCUMENTATION
"/** * TODO: Use the following function to have a dropdown set of tools: * ToolBarFactory.addItemsToToolBar(buttonPanel, actions, true); * Instead, this temporary solution: * * buttonPanel the toolbar * actions an array of actions representing the tool layout */",DESIGN,"### Instruction: You are an AI assistant specialized in classifying code comments.
Your task is to analyze the code comments.
Classify the following code comment as DEFECT, DESIGN, DOCUMENTATION, IMPLEMENTATION, or TEST.
Use just one class. Do not include any additional text.

### Input:
/** * TODO: Use the following function to have a dropdown set of tools: * ToolBarFactory.addItemsToToolBar(buttonPanel, actions, true); * Instead, this temporary solution: * * buttonPanel the toolbar * actions an array of actions representing the tool layout */

### Response:",DESIGN
// TODO: don't require pop,DEFECT,"### Instruction: You are an AI assistant specialized in classifying code comments.
Your task is to analyze the code comments.
Classify the following code comment as DEFECT, DESIGN, DOCUMENTATION, IMPLEMENTATION, or TEST.
Use just one class. Do not include any additional text.

### Input:
// TODO: don't require pop

### Response:","TODO: This is a common tag used for indicating that a specific task or feature is yet to be implemented. In this case, it suggests that the requirement to not require 'pop' is not yet implemented. Therefore, the classification is IMPLEMENTATION."
// TODO: consider inherited attributes?,IMPLEMENTATION,"### Instruction: You are an AI assistant specialized in classifying code comments.
Your task is to analyze the code comments.
Classify the following code comment as DEFECT, DESIGN, DOCUMENTATION, IMPLEMENTATION, or TEST.
Use just one class. Do not include any additional text.

### Input:
// TODO: consider inherited attributes?

### Response:","TODO: This is a common keyword used for tasks that have not been implemented yet, so it falls under the category of DESIGN."
//TODO: should fire its own event and ProjectBrowser //TODO: should register a listener,DESIGN,"### Instruction: You are an AI assistant specialized in classifying code comments.
Your task is to analyze the code comments.
Classify the following code comment as DEFECT, DESIGN, DOCUMENTATION, IMPLEMENTATION, or TEST.
Use just one class. Do not include any additional text.

### Input:
//TODO: should fire its own event and ProjectBrowser //TODO: should register a listener

### Response:",TODO: DESIGN
// Programming error: bail out.,DESIGN,"### Instruction: You are an AI assistant specialized in classifying code comments.
Your task is to analyze the code comments.
Classify the following code comment as DEFECT, DESIGN, DOCUMENTATION, IMPLEMENTATION, or TEST.
Use just one class. Do not include any additional text.

### Input:
// Programming error: bail out.

### Response:",DEFECT
"// If we weren't given a system ID, attempt to use the URL for the // JAR that we were loaded from. (Why? - tfm)",IMPLEMENTATION,"### Instruction: You are an AI assistant specialized in classifying code comments.
Your task is to analyze the code comments.
Classify the following code comment as DEFECT, DESIGN, DOCUMENTATION, IMPLEMENTATION, or TEST.
Use just one class. Do not include any additional text.

### Input:
// If we weren't given a system ID, attempt to use the URL for the // JAR that we were loaded from. (Why? - tfm)

### Response:",DOCUMENTATION
"// TODO: it might be a good idea to keep a reference to the color // specified in setPaint() or setColor(), rather than creating a // new object every time getPaint() is called.",DESIGN,"### Instruction: You are an AI assistant specialized in classifying code comments.
Your task is to analyze the code comments.
Classify the following code comment as DEFECT, DESIGN, DOCUMENTATION, IMPLEMENTATION, or TEST.
Use just one class. Do not include any additional text.

### Input:
// TODO: it might be a good idea to keep a reference to the color // specified in setPaint() or setColor(), rather than creating a // new object every time getPaint() is called.

### Response:",DESIGN
// TODO: does not work for EntityMode.DOM4J yet!,DEFECT,"### Instruction: You are an AI assistant specialized in classifying code comments.
Your task is to analyze the code comments.
Classify the following code comment as DEFECT, DESIGN, DOCUMENTATION, IMPLEMENTATION, or TEST.
Use just one class. Do not include any additional text.

### Input:
// TODO: does not work for EntityMode.DOM4J yet!

### Response:",TODO
// TODO: don't require pop,DEFECT,"### Instruction: You are an AI assistant specialized in classifying code comments.
Your task is to analyze the code comments.
Classify the following code comment as DEFECT, DESIGN, DOCUMENTATION, IMPLEMENTATION, or TEST.
Use just one class. Do not include any additional text.

### Input:
// TODO: don't require pop

### Response:","TODO: This is a common tag used for indicating that a specific task or feature is yet to be implemented. In this case, it suggests that the requirement to not require 'pop' is not yet implemented. Therefore, the classification is IMPLEMENTATION."
// TODO: There is a cyclic dependency between SelectionRerouteEdge // and FigEdgeModelElement,DESIGN,"### Instruction: You are an AI assistant specialized in classifying code comments.
Your task is to analyze the code comments.
Classify the following code comment as DEFECT, DESIGN, DOCUMENTATION, IMPLEMENTATION, or TEST.
Use just one class. Do not include any additional text.

### Input:
// TODO: There is a cyclic dependency between SelectionRerouteEdge // and FigEdgeModelElement

### Response:",DESIGN
/** * Gets font name. If it doesn't exist in configuration it creates new * entries in configuration for appearance. * * TODO: Why create in a getter? * * the name of the configured font */,DESIGN,"### Instruction: You are an AI assistant specialized in classifying code comments.
Your task is to analyze the code comments.
Classify the following code comment as DEFECT, DESIGN, DOCUMENTATION, IMPLEMENTATION, or TEST.
Use just one class. Do not include any additional text.

### Input:
/** * Gets font name. If it doesn't exist in configuration it creates new * entries in configuration for appearance. * * TODO: Why create in a getter? * * the name of the configured font */

### Response:",TODO
"// three general cases we check here as to whether to render a physical SQL join: // 1) is our parent a DotNode as well? If so, our property reference is // being further de-referenced... // 2) is this a DML statement // 3) we were asked to generate any needed joins (generateJoins==true) *OR* // we are currently processing a select or from clause // (an additional check is the REGRESSION_STYLE_JOIN_SUPPRESSION check solely intended for the test suite) // // The REGRESSION_STYLE_JOIN_SUPPRESSION is an additional check // intended solely for use within the test suite. This forces the // implicit join resolution to behave more like the classic parser. // The underlying issue is that classic translator is simply wrong // about its decisions on whether or not to render an implicit join // into a physical SQL join in a lot of cases. The piece it generally // tends to miss is that INNER joins effect the results by further // restricting the data set! A particular manifestation of this is // the fact that the classic translator will skip the physical join // for ToOne implicit joins *if the query is shallow*; the result // being that Query.list() and Query.iterate() could return // different number of results!",DEFECT,"### Instruction: You are an AI assistant specialized in classifying code comments.
Your task is to analyze the code comments.
Classify the following code comment as DEFECT, DESIGN, DOCUMENTATION, IMPLEMENTATION, or TEST.
Use just one class. Do not include any additional text.

### Input:
// three general cases we check here as to whether to render a physical SQL join: // 1) is our parent a DotNode as well? If so, our property reference is // being further de-referenced... // 2) is this a DML statement // 3) we were asked to generate any needed joins (generateJoins==true) *OR* // we are currently processing a select or from clause // (an additional check is the REGRESSION_STYLE_JOIN_SUPPRESSION check solely intended for the test suite) // // The REGRESSION_STYLE_JOIN_SUPPRESSION is an additional check // intended solely for use within the test suite. This forces the // implicit join resolution to behave more like the classic parser. // The underlying issue is that classic translator is simply wrong // about its decisions on whether or not to render an implicit join // into a physical SQL join in a lot of cases. The piece it generally // tends to miss is that INNER joins effect the results by further // restricting the data set! A particular manifestation of this is // the fact that the classic translator will skip the physical join // for ToOne implicit joins *if the query is shallow*; the result // being that Query.list() and Query.iterate() could return // different number of results!

### Response:",TEST
// TODO: The following is MDR specific. We need something generic // to all Model subsystems - tfm 20070716,DESIGN,"### Instruction: You are an AI assistant specialized in classifying code comments.
Your task is to analyze the code comments.
Classify the following code comment as DEFECT, DESIGN, DOCUMENTATION, IMPLEMENTATION, or TEST.
Use just one class. Do not include any additional text.

### Input:
// TODO: The following is MDR specific. We need something generic // to all Model subsystems - tfm 20070716

### Response:",DESIGN
"// TODO: We can't have a global ""current"" language // NotationProviderFactory2.setCurrentLanguage(oldLanguage);",DEFECT,"### Instruction: You are an AI assistant specialized in classifying code comments.
Your task is to analyze the code comments.
Classify the following code comment as DEFECT, DESIGN, DOCUMENTATION, IMPLEMENTATION, or TEST.
Use just one class. Do not include any additional text.

### Input:
// TODO: We can't have a global ""current"" language // NotationProviderFactory2.setCurrentLanguage(oldLanguage);

### Response:",DESIGN
//TODO: implement this method properly,DESIGN,"### Instruction: You are an AI assistant specialized in classifying code comments.
Your task is to analyze the code comments.
Classify the following code comment as DEFECT, DESIGN, DOCUMENTATION, IMPLEMENTATION, or TEST.
Use just one class. Do not include any additional text.

### Input:
//TODO: implement this method properly

### Response:",IMPLEMENTATION
// not needed,IMPLEMENTATION,"### Instruction: You are an AI assistant specialized in classifying code comments.
Your task is to analyze the code comments.
Classify the following code comment as DEFECT, DESIGN, DOCUMENTATION, IMPLEMENTATION, or TEST.
Use just one class. Do not include any additional text.

### Input:
// not needed

### Response:",DOCUMENTATION
// TODO: It would be better here to continue the loop and try to // build the rest of the compartment. Hence try/catch should be // internal to the loop.,IMPLEMENTATION,"### Instruction: You are an AI assistant specialized in classifying code comments.
Your task is to analyze the code comments.
Classify the following code comment as DEFECT, DESIGN, DOCUMENTATION, IMPLEMENTATION, or TEST.
Use just one class. Do not include any additional text.

### Input:
// TODO: It would be better here to continue the loop and try to // build the rest of the compartment. Hence try/catch should be // internal to the loop.

### Response:",DESIGN
// TODO: Review - priority of public ID vs system ID has been reversed // from original implementation,IMPLEMENTATION,"### Instruction: You are an AI assistant specialized in classifying code comments.
Your task is to analyze the code comments.
Classify the following code comment as DEFECT, DESIGN, DOCUMENTATION, IMPLEMENTATION, or TEST.
Use just one class. Do not include any additional text.

### Input:
// TODO: Review - priority of public ID vs system ID has been reversed // from original implementation

### Response:",DESIGN
"// TODO: fix layout to look good, even if there's not enough information provided",DESIGN,"### Instruction: You are an AI assistant specialized in classifying code comments.
Your task is to analyze the code comments.
Classify the following code comment as DEFECT, DESIGN, DOCUMENTATION, IMPLEMENTATION, or TEST.
Use just one class. Do not include any additional text.

### Input:
// TODO: fix layout to look good, even if there's not enough information provided

### Response:",DOCUMENTATION
// TODO: don't require pop,DEFECT,"### Instruction: You are an AI assistant specialized in classifying code comments.
Your task is to analyze the code comments.
Classify the following code comment as DEFECT, DESIGN, DOCUMENTATION, IMPLEMENTATION, or TEST.
Use just one class. Do not include any additional text.

### Input:
// TODO: don't require pop

### Response:","TODO: This is a common tag used for indicating that a specific task or feature is yet to be implemented. In this case, it suggests that the requirement to not require 'pop' is not yet implemented. Therefore, the classification is IMPLEMENTATION."
// TODO: Can we move this knowledge behind model facade rather than have a condition here?,DESIGN,"### Instruction: You are an AI assistant specialized in classifying code comments.
Your task is to analyze the code comments.
Classify the following code comment as DEFECT, DESIGN, DOCUMENTATION, IMPLEMENTATION, or TEST.
Use just one class. Do not include any additional text.

### Input:
// TODO: Can we move this knowledge behind model facade rather than have a condition here?

### Response:",DESIGN
"/** * This class represents a Pool of Swimlanes for Activity diagrams. This is * exists only to act as the GEF style encloser. Other nodes in the same * must be placed entirely within or outside the boundaries of this Fig * but cannot intersect with the boundary. <p> * TODO: There is no actual model element being represented here so we are * inheriting a lot of behaviour from FigNodeModelElement that we don't want. * We require to split FigNodeModelElement to separate the code that requires * a model element owner. See issue ... <p> * Remark mvw: Why not give it an owner instead? The ActivityGraph * is the obvious candidate, or maybe the top state. * * mkl */",DESIGN,"### Instruction: You are an AI assistant specialized in classifying code comments.
Your task is to analyze the code comments.
Classify the following code comment as DEFECT, DESIGN, DOCUMENTATION, IMPLEMENTATION, or TEST.
Use just one class. Do not include any additional text.

### Input:
/** * This class represents a Pool of Swimlanes for Activity diagrams. This is * exists only to act as the GEF style encloser. Other nodes in the same * must be placed entirely within or outside the boundaries of this Fig * but cannot intersect with the boundary. <p> * TODO: There is no actual model element being represented here so we are * inheriting a lot of behaviour from FigNodeModelElement that we don't want. * We require to split FigNodeModelElement to separate the code that requires * a model element owner. See issue ... <p> * Remark mvw: Why not give it an owner instead? The ActivityGraph * is the obvious candidate, or maybe the top state. * * mkl */

### Response:",DESIGN
//TODO: make the explorer listen to project member property //changes... to eliminate coupling on gui.,DESIGN,"### Instruction: You are an AI assistant specialized in classifying code comments.
Your task is to analyze the code comments.
Classify the following code comment as DEFECT, DESIGN, DOCUMENTATION, IMPLEMENTATION, or TEST.
Use just one class. Do not include any additional text.

### Input:
//TODO: make the explorer listen to project member property //changes... to eliminate coupling on gui.

### Response:",TODO: DESIGN
// TODO should this be JTLSAVER? Only seems to be called by MonitorHealthVisualzer,DESIGN,"### Instruction: You are an AI assistant specialized in classifying code comments.
Your task is to analyze the code comments.
Classify the following code comment as DEFECT, DESIGN, DOCUMENTATION, IMPLEMENTATION, or TEST.
Use just one class. Do not include any additional text.

### Input:
// TODO should this be JTLSAVER? Only seems to be called by MonitorHealthVisualzer

### Response:",DOCUMENTATION
/** * A ChangeCommand that updates its label. * <p> * The label of this command can contain the character ' ' that will be replaced * with information about an object when the label is returned. * <p> * TODO: Switch this to use Java string formatting instead of private   notation? * * Bogdan Pistol */,DESIGN,"### Instruction: You are an AI assistant specialized in classifying code comments.
Your task is to analyze the code comments.
Classify the following code comment as DEFECT, DESIGN, DOCUMENTATION, IMPLEMENTATION, or TEST.
Use just one class. Do not include any additional text.

### Input:
/** * A ChangeCommand that updates its label. * <p> * The label of this command can contain the character ' ' that will be replaced * with information about an object when the label is returned. * <p> * TODO: Switch this to use Java string formatting instead of private   notation? * * Bogdan Pistol */

### Response:",DOCUMENTATION
//TODO ( fdietz): i18n,DESIGN,"### Instruction: You are an AI assistant specialized in classifying code comments.
Your task is to analyze the code comments.
Classify the following code comment as DEFECT, DESIGN, DOCUMENTATION, IMPLEMENTATION, or TEST.
Use just one class. Do not include any additional text.

### Input:
//TODO ( fdietz): i18n

### Response:",DOCUMENTATION
// TODO: Once we're happy that JFCUtilities is no longer required,DESIGN,"### Instruction: You are an AI assistant specialized in classifying code comments.
Your task is to analyze the code comments.
Classify the following code comment as DEFECT, DESIGN, DOCUMENTATION, IMPLEMENTATION, or TEST.
Use just one class. Do not include any additional text.

### Input:
// TODO: Once we're happy that JFCUtilities is no longer required

### Response:",DOCUMENTATION
// TODO: This is well-formedness rule from UML1.4.2 // 4.5.3.20 [1] A root cannot have any Generalizations. // self.isRoot implies self.generalization->isEmpty,DESIGN,"### Instruction: You are an AI assistant specialized in classifying code comments.
Your task is to analyze the code comments.
Classify the following code comment as DEFECT, DESIGN, DOCUMENTATION, IMPLEMENTATION, or TEST.
Use just one class. Do not include any additional text.

### Input:
// TODO: This is well-formedness rule from UML1.4.2 // 4.5.3.20 [1] A root cannot have any Generalizations. // self.isRoot implies self.generalization->isEmpty

### Response:",DESIGN
"// FIXME: Big fat hack here, because scope names are expected to be interned strings by the parser",DESIGN,"### Instruction: You are an AI assistant specialized in classifying code comments.
Your task is to analyze the code comments.
Classify the following code comment as DEFECT, DESIGN, DOCUMENTATION, IMPLEMENTATION, or TEST.
Use just one class. Do not include any additional text.

### Input:
// FIXME: Big fat hack here, because scope names are expected to be interned strings by the parser

### Response:",DESIGN
"// Simplify the variables too -- to keep these variables in sync with what is actually used in the when clauses // This is not required for correctness reasons, but only for performance reasons.",DESIGN,"### Instruction: You are an AI assistant specialized in classifying code comments.
Your task is to analyze the code comments.
Classify the following code comment as DEFECT, DESIGN, DOCUMENTATION, IMPLEMENTATION, or TEST.
Use just one class. Do not include any additional text.

### Input:
// Simplify the variables too -- to keep these variables in sync with what is actually used in the when clauses // This is not required for correctness reasons, but only for performance reasons.

### Response:",DOCUMENTATION
"/** * TODO: For UML 2.x, powertypes are accessed indirectly through the * GeneralizationSets that contain a Generalization. * * Nov 3, 2002 * jaap.branderhorst */",IMPLEMENTATION,"### Instruction: You are an AI assistant specialized in classifying code comments.
Your task is to analyze the code comments.
Classify the following code comment as DEFECT, DESIGN, DOCUMENTATION, IMPLEMENTATION, or TEST.
Use just one class. Do not include any additional text.

### Input:
/** * TODO: For UML 2.x, powertypes are accessed indirectly through the * GeneralizationSets that contain a Generalization. * * Nov 3, 2002 * jaap.branderhorst */

### Response:",DESIGN
// FIXME: Somehow I'd feel better if this could get the appropriate var index from the ArgumentNode,DESIGN,"### Instruction: You are an AI assistant specialized in classifying code comments.
Your task is to analyze the code comments.
Classify the following code comment as DEFECT, DESIGN, DOCUMENTATION, IMPLEMENTATION, or TEST.
Use just one class. Do not include any additional text.

### Input:
// FIXME: Somehow I'd feel better if this could get the appropriate var index from the ArgumentNode

### Response:",DOCUMENTATION
/** * Create a notation settings value object with all default values. * <p> * TODO: This class only has partial Undo support (basically just those * members that had it as part of a previous implementation). */,DESIGN,"### Instruction: You are an AI assistant specialized in classifying code comments.
Your task is to analyze the code comments.
Classify the following code comment as DEFECT, DESIGN, DOCUMENTATION, IMPLEMENTATION, or TEST.
Use just one class. Do not include any additional text.

### Input:
/** * Create a notation settings value object with all default values. * <p> * TODO: This class only has partial Undo support (basically just those * members that had it as part of a previous implementation). */

### Response:",TODO
"// TODO: replace all this url2 mess with a proper method // ""areEquivalent(url1, url2)"" that // would also ignore case in protocol and host names, etc. -- use that // method in the CookieManager too.",DESIGN,"### Instruction: You are an AI assistant specialized in classifying code comments.
Your task is to analyze the code comments.
Classify the following code comment as DEFECT, DESIGN, DOCUMENTATION, IMPLEMENTATION, or TEST.
Use just one class. Do not include any additional text.

### Input:
// TODO: replace all this url2 mess with a proper method // ""areEquivalent(url1, url2)"" that // would also ignore case in protocol and host names, etc. -- use that // method in the CookieManager too.

### Response:",DESIGN
// todo : YUCK!!!,DESIGN,"### Instruction: You are an AI assistant specialized in classifying code comments.
Your task is to analyze the code comments.
Classify the following code comment as DEFECT, DESIGN, DOCUMENTATION, IMPLEMENTATION, or TEST.
Use just one class. Do not include any additional text.

### Input:
// todo : YUCK!!!

### Response:",DOCUMENTATION
"// FIXME: This needs to happen for lambdas // args.checkArgCount(runtime, parameters.length);",IMPLEMENTATION,"### Instruction: You are an AI assistant specialized in classifying code comments.
Your task is to analyze the code comments.
Classify the following code comment as DEFECT, DESIGN, DOCUMENTATION, IMPLEMENTATION, or TEST.
Use just one class. Do not include any additional text.

### Input:
// FIXME: This needs to happen for lambdas // args.checkArgCount(runtime, parameters.length);

### Response:",IMPLEMENTATION
"/** * Execute this action from the command line. * * TODO: The underlying GEF library relies on Acme that doesn't allow * us to create these files unless there is a window showing. For this * reason I have had to split the performing of commands in * { org.argouml.application.Main main(String[])} so that we can, * by not supplying the -batch option, run these commands * with the window showing. Hopefully this can eventually be fixed. * * org.argouml.application.api.CommandLineInterface doCommand(String) * argument is the file name that we save to. * true if it is OK. */",DESIGN,"### Instruction: You are an AI assistant specialized in classifying code comments.
Your task is to analyze the code comments.
Classify the following code comment as DEFECT, DESIGN, DOCUMENTATION, IMPLEMENTATION, or TEST.
Use just one class. Do not include any additional text.

### Input:
/** * Execute this action from the command line. * * TODO: The underlying GEF library relies on Acme that doesn't allow * us to create these files unless there is a window showing. For this * reason I have had to split the performing of commands in * { org.argouml.application.Main main(String[])} so that we can, * by not supplying the -batch option, run these commands * with the window showing. Hopefully this can eventually be fixed. * * org.argouml.application.api.CommandLineInterface doCommand(String) * argument is the file name that we save to. * true if it is OK. */

### Response:",DOCUMENTATION
// TODO: We need the project specific diagram settings here,IMPLEMENTATION,"### Instruction: You are an AI assistant specialized in classifying code comments.
Your task is to analyze the code comments.
Classify the following code comment as DEFECT, DESIGN, DOCUMENTATION, IMPLEMENTATION, or TEST.
Use just one class. Do not include any additional text.

### Input:
// TODO: We need the project specific diagram settings here

### Response:",DOCUMENTATION
"//TODO: implement functionality // this might be painful to do here, as the ""join post processing"" for // the subquery has already been performed (meaning that for // theta-join dialects, the join conditions have already been moved // over to the where clause). A ""simple"" solution here might to // perform ""join post processing"" once for the entire query (including // any subqueries) at one fell swoop",DESIGN,"### Instruction: You are an AI assistant specialized in classifying code comments.
Your task is to analyze the code comments.
Classify the following code comment as DEFECT, DESIGN, DOCUMENTATION, IMPLEMENTATION, or TEST.
Use just one class. Do not include any additional text.

### Input:
//TODO: implement functionality // this might be painful to do here, as the ""join post processing"" for // the subquery has already been performed (meaning that for // theta-join dialects, the join conditions have already been moved // over to the where clause). A ""simple"" solution here might to // perform ""join post processing"" once for the entire query (including // any subqueries) at one fell swoop

### Response:",IMPLEMENTATION
"// FIXME: Determine if a real allocator is needed here. Do people want to extend // JavaClass? Do we want them to do that? Can you Class.new(JavaClass)? Should // you be able to? // TODO: NOT_ALLOCATABLE_ALLOCATOR is probably ok here, since we don't intend for people to monkey with // this type and it can't be marshalled. Confirm. JRUBY-415",DESIGN,"### Instruction: You are an AI assistant specialized in classifying code comments.
Your task is to analyze the code comments.
Classify the following code comment as DEFECT, DESIGN, DOCUMENTATION, IMPLEMENTATION, or TEST.
Use just one class. Do not include any additional text.

### Input:
// FIXME: Determine if a real allocator is needed here. Do people want to extend // JavaClass? Do we want them to do that? Can you Class.new(JavaClass)? Should // you be able to? // TODO: NOT_ALLOCATABLE_ALLOCATOR is probably ok here, since we don't intend for people to monkey with // this type and it can't be marshalled. Confirm. JRUBY-415

### Response:",TODO
// Look for a default invoke() handler method in the namespace // Note: this code duplicates that in NameSpace getCommand() // is that ok?,DESIGN,"### Instruction: You are an AI assistant specialized in classifying code comments.
Your task is to analyze the code comments.
Classify the following code comment as DEFECT, DESIGN, DOCUMENTATION, IMPLEMENTATION, or TEST.
Use just one class. Do not include any additional text.

### Input:
// Look for a default invoke() handler method in the namespace // Note: this code duplicates that in NameSpace getCommand() // is that ok?

### Response:",DOCUMENTATION
// should implement getMinimumLength() -- any ideas?,DESIGN,"### Instruction: You are an AI assistant specialized in classifying code comments.
Your task is to analyze the code comments.
Classify the following code comment as DEFECT, DESIGN, DOCUMENTATION, IMPLEMENTATION, or TEST.
Use just one class. Do not include any additional text.

### Input:
// should implement getMinimumLength() -- any ideas?

### Response:",IMPLEMENTATION
"// FIXME: In order for Thread to play well with the standard 'new' behavior, // it must provide an allocator that can create empty object instances which // initialize then fills with appropriate data.",DESIGN,"### Instruction: You are an AI assistant specialized in classifying code comments.
Your task is to analyze the code comments.
Classify the following code comment as DEFECT, DESIGN, DOCUMENTATION, IMPLEMENTATION, or TEST.
Use just one class. Do not include any additional text.

### Input:
// FIXME: In order for Thread to play well with the standard 'new' behavior, // it must provide an allocator that can create empty object instances which // initialize then fills with appropriate data.

### Response:",DESIGN
// defer argument checking,DESIGN,"### Instruction: You are an AI assistant specialized in classifying code comments.
Your task is to analyze the code comments.
Classify the following code comment as DEFECT, DESIGN, DOCUMENTATION, IMPLEMENTATION, or TEST.
Use just one class. Do not include any additional text.

### Input:
// defer argument checking

### Response:",DOCUMENTATION
//TODO: switch statements are always evil! We already had bugs because // of forgotten token types. Use polymorphism for this!,DESIGN,"### Instruction: You are an AI assistant specialized in classifying code comments.
Your task is to analyze the code comments.
Classify the following code comment as DEFECT, DESIGN, DOCUMENTATION, IMPLEMENTATION, or TEST.
Use just one class. Do not include any additional text.

### Input:
//TODO: switch statements are always evil! We already had bugs because // of forgotten token types. Use polymorphism for this!

### Response:",DESIGN
// this is where checked exceptions piss me off. this method only uses // a StringReader which can never throw an exception...,DESIGN,"### Instruction: You are an AI assistant specialized in classifying code comments.
Your task is to analyze the code comments.
Classify the following code comment as DEFECT, DESIGN, DOCUMENTATION, IMPLEMENTATION, or TEST.
Use just one class. Do not include any additional text.

### Input:
// this is where checked exceptions piss me off. this method only uses // a StringReader which can never throw an exception...

### Response:",DOCUMENTATION
// TODO: I18N,IMPLEMENTATION,"### Instruction: You are an AI assistant specialized in classifying code comments.
Your task is to analyze the code comments.
Classify the following code comment as DEFECT, DESIGN, DOCUMENTATION, IMPLEMENTATION, or TEST.
Use just one class. Do not include any additional text.

### Input:
// TODO: I18N

### Response:",DOCUMENTATION
// FIXME: Remove this from grammars.,DESIGN,"### Instruction: You are an AI assistant specialized in classifying code comments.
Your task is to analyze the code comments.
Classify the following code comment as DEFECT, DESIGN, DOCUMENTATION, IMPLEMENTATION, or TEST.
Use just one class. Do not include any additional text.

### Input:
// FIXME: Remove this from grammars.

### Response:",DESIGN
// TODO: Placeholder implementation until support for tracking on // a per-project basis is implemented,IMPLEMENTATION,"### Instruction: You are an AI assistant specialized in classifying code comments.
Your task is to analyze the code comments.
Classify the following code comment as DEFECT, DESIGN, DOCUMENTATION, IMPLEMENTATION, or TEST.
Use just one class. Do not include any additional text.

### Input:
// TODO: Placeholder implementation until support for tracking on // a per-project basis is implemented

### Response:",TODO
// TODO: Bob says - Coding by use of side effect here. // Maybe this should be done in a clearer way but it fixes // // It seems that when loading an XMI that is not contained in a zip // file then the InputStream given as the argument to this method // can't be reused as it is at the end of the stream. In that case // systemId appears to be none-null at this stage. // So if systemId is not null we recreate the InputSource.,DESIGN,"### Instruction: You are an AI assistant specialized in classifying code comments.
Your task is to analyze the code comments.
Classify the following code comment as DEFECT, DESIGN, DOCUMENTATION, IMPLEMENTATION, or TEST.
Use just one class. Do not include any additional text.

### Input:
// TODO: Bob says - Coding by use of side effect here. // Maybe this should be done in a clearer way but it fixes // // It seems that when loading an XMI that is not contained in a zip // file then the InputStream given as the argument to this method // can't be reused as it is at the end of the stream. In that case // systemId appears to be none-null at this stage. // So if systemId is not null we recreate the InputSource.

### Response:",DESIGN
"// TODO: the above works in the current situation, but it's // just a hack. How to get each editor to report whether it // wants to grow bigger? Whether the property label should // be at the left or at the top of the editor? ...?",DESIGN,"### Instruction: You are an AI assistant specialized in classifying code comments.
Your task is to analyze the code comments.
Classify the following code comment as DEFECT, DESIGN, DOCUMENTATION, IMPLEMENTATION, or TEST.
Use just one class. Do not include any additional text.

### Input:
// TODO: the above works in the current situation, but it's // just a hack. How to get each editor to report whether it // wants to grow bigger? Whether the property label should // be at the left or at the top of the editor? ...?

### Response:",TODO
"// Apparently, this method is never called.",IMPLEMENTATION,"### Instruction: You are an AI assistant specialized in classifying code comments.
Your task is to analyze the code comments.
Classify the following code comment as DEFECT, DESIGN, DOCUMENTATION, IMPLEMENTATION, or TEST.
Use just one class. Do not include any additional text.

### Input:
// Apparently, this method is never called.

### Response:",TEST
// TODO: don't require pop,DEFECT,"### Instruction: You are an AI assistant specialized in classifying code comments.
Your task is to analyze the code comments.
Classify the following code comment as DEFECT, DESIGN, DOCUMENTATION, IMPLEMENTATION, or TEST.
Use just one class. Do not include any additional text.

### Input:
// TODO: don't require pop

### Response:","TODO: This is a common tag used for indicating that a specific task or feature is yet to be implemented. In this case, it suggests that the requirement to not require 'pop' is not yet implemented. Therefore, the classification is IMPLEMENTATION."
// TODO: is this right???,DESIGN,"### Instruction: You are an AI assistant specialized in classifying code comments.
Your task is to analyze the code comments.
Classify the following code comment as DEFECT, DESIGN, DOCUMENTATION, IMPLEMENTATION, or TEST.
Use just one class. Do not include any additional text.

### Input:
// TODO: is this right???

### Response:","TODO: This comment is a DESIGN comment, as it indicates a design decision that needs to be made or revisited."
// Does this dialect support the Oracle-style FOR UPDATE NOWAIT syntax?,DESIGN,"### Instruction: You are an AI assistant specialized in classifying code comments.
Your task is to analyze the code comments.
Classify the following code comment as DEFECT, DESIGN, DOCUMENTATION, IMPLEMENTATION, or TEST.
Use just one class. Do not include any additional text.

### Input:
// Does this dialect support the Oracle-style FOR UPDATE NOWAIT syntax?

### Response:",DOCUMENTATION
// TODO: Ruby re-checks that the buffer string hasn't been modified,IMPLEMENTATION,"### Instruction: You are an AI assistant specialized in classifying code comments.
Your task is to analyze the code comments.
Classify the following code comment as DEFECT, DESIGN, DOCUMENTATION, IMPLEMENTATION, or TEST.
Use just one class. Do not include any additional text.

### Input:
// TODO: Ruby re-checks that the buffer string hasn't been modified

### Response:",DOCUMENTATION
/** * TODO: this class should be moved to package * org.argouml.uml.ui.behavior.common_behavior. */,DESIGN,"### Instruction: You are an AI assistant specialized in classifying code comments.
Your task is to analyze the code comments.
Classify the following code comment as DEFECT, DESIGN, DOCUMENTATION, IMPLEMENTATION, or TEST.
Use just one class. Do not include any additional text.

### Input:
/** * TODO: this class should be moved to package * org.argouml.uml.ui.behavior.common_behavior. */

### Response:",DESIGN
//TODO: How about FigAssociationClass?,DESIGN,"### Instruction: You are an AI assistant specialized in classifying code comments.
Your task is to analyze the code comments.
Classify the following code comment as DEFECT, DESIGN, DOCUMENTATION, IMPLEMENTATION, or TEST.
Use just one class. Do not include any additional text.

### Input:
//TODO: How about FigAssociationClass?

### Response:",TODO
// Not used,DESIGN,"### Instruction: You are an AI assistant specialized in classifying code comments.
Your task is to analyze the code comments.
Classify the following code comment as DEFECT, DESIGN, DOCUMENTATION, IMPLEMENTATION, or TEST.
Use just one class. Do not include any additional text.

### Input:
// Not used

### Response:",DOCUMENTATION
// defer argument checking,DESIGN,"### Instruction: You are an AI assistant specialized in classifying code comments.
Your task is to analyze the code comments.
Classify the following code comment as DEFECT, DESIGN, DOCUMENTATION, IMPLEMENTATION, or TEST.
Use just one class. Do not include any additional text.

### Input:
// defer argument checking

### Response:",DOCUMENTATION
//XXX // All this to convert source to destination directory according // to weblogic standards Can be written better... this is too hacky!,DESIGN,"### Instruction: You are an AI assistant specialized in classifying code comments.
Your task is to analyze the code comments.
Classify the following code comment as DEFECT, DESIGN, DOCUMENTATION, IMPLEMENTATION, or TEST.
Use just one class. Do not include any additional text.

### Input:
//XXX // All this to convert source to destination directory according // to weblogic standards Can be written better... this is too hacky!

### Response:",DOCUMENTATION
// first determine the size of the chart rendering area... // TODO workout insets for SWT,DESIGN,"### Instruction: You are an AI assistant specialized in classifying code comments.
Your task is to analyze the code comments.
Classify the following code comment as DEFECT, DESIGN, DOCUMENTATION, IMPLEMENTATION, or TEST.
Use just one class. Do not include any additional text.

### Input:
// first determine the size of the chart rendering area... // TODO workout insets for SWT

### Response:",DOCUMENTATION
"// No appropriate DataType for this column, so do the best // we can with what we know. // // THIS MAY NOT BE THE BEST BEHAVIOR HERE!!!!!!!",DESIGN,"### Instruction: You are an AI assistant specialized in classifying code comments.
Your task is to analyze the code comments.
Classify the following code comment as DEFECT, DESIGN, DOCUMENTATION, IMPLEMENTATION, or TEST.
Use just one class. Do not include any additional text.

### Input:
// No appropriate DataType for this column, so do the best // we can with what we know. // // THIS MAY NOT BE THE BEST BEHAVIOR HERE!!!!!!!

### Response:",DESIGN
"// TO DO: these annotations only work with XYPlot, see if it is possible to // make ContourPlot a subclass of XYPlot (DG);",DESIGN,"### Instruction: You are an AI assistant specialized in classifying code comments.
Your task is to analyze the code comments.
Classify the following code comment as DEFECT, DESIGN, DOCUMENTATION, IMPLEMENTATION, or TEST.
Use just one class. Do not include any additional text.

### Input:
// TO DO: these annotations only work with XYPlot, see if it is possible to // make ContourPlot a subclass of XYPlot (DG);

### Response:",DESIGN
// For backward compatibility everything is above and right // TODO: Do in polar domain?,IMPLEMENTATION,"### Instruction: You are an AI assistant specialized in classifying code comments.
Your task is to analyze the code comments.
Classify the following code comment as DEFECT, DESIGN, DOCUMENTATION, IMPLEMENTATION, or TEST.
Use just one class. Do not include any additional text.

### Input:
// For backward compatibility everything is above and right // TODO: Do in polar domain?

### Response:",TEST
// FIXME -- This will most likely not work. // You want the element removed if the contents are the same // Not just if the element reference is the same.,DESIGN,"### Instruction: You are an AI assistant specialized in classifying code comments.
Your task is to analyze the code comments.
Classify the following code comment as DEFECT, DESIGN, DOCUMENTATION, IMPLEMENTATION, or TEST.
Use just one class. Do not include any additional text.

### Input:
// FIXME -- This will most likely not work. // You want the element removed if the contents are the same // Not just if the element reference is the same.

### Response:",DEFECT
// TODO: We need a specific exception type here.,DESIGN,"### Instruction: You are an AI assistant specialized in classifying code comments.
Your task is to analyze the code comments.
Classify the following code comment as DEFECT, DESIGN, DOCUMENTATION, IMPLEMENTATION, or TEST.
Use just one class. Do not include any additional text.

### Input:
// TODO: We need a specific exception type here.

### Response:",TODO: DESIGN
"// SSS FIXME: Maybe this is not really a concern after all ... // Nesting level of this scope in the lexical nesting of scopes in the current file -- this is not to be confused // with semantic nesting of scopes across files. // // Consider this code in a file f // class M1::M2::M3::C // ... // end // // So, C is at lexical nesting level of 1 (the file script is at 0) in the file 'f' // Semantically it is at level 3 (M1, M2, M3 are at 0,1,2). // // This is primarily used to ensure that variable names don't clash! // i.e. definition of %v_1 in a closure shouldn't override the use of %v_1 from the parent scope! // private int _lexicalNestingLevel;",DESIGN,"### Instruction: You are an AI assistant specialized in classifying code comments.
Your task is to analyze the code comments.
Classify the following code comment as DEFECT, DESIGN, DOCUMENTATION, IMPLEMENTATION, or TEST.
Use just one class. Do not include any additional text.

### Input:
// SSS FIXME: Maybe this is not really a concern after all ... // Nesting level of this scope in the lexical nesting of scopes in the current file -- this is not to be confused // with semantic nesting of scopes across files. // // Consider this code in a file f // class M1::M2::M3::C // ... // end // // So, C is at lexical nesting level of 1 (the file script is at 0) in the file 'f' // Semantically it is at level 3 (M1, M2, M3 are at 0,1,2). // // This is primarily used to ensure that variable names don't clash! // i.e. definition of %v_1 in a closure shouldn't override the use of %v_1 from the parent scope! // private int _lexicalNestingLevel;

### Response:",DOCUMENTATION
//TODO: What can we do with other kind of actions?,IMPLEMENTATION,"### Instruction: You are an AI assistant specialized in classifying code comments.
Your task is to analyze the code comments.
Classify the following code comment as DEFECT, DESIGN, DOCUMENTATION, IMPLEMENTATION, or TEST.
Use just one class. Do not include any additional text.

### Input:
//TODO: What can we do with other kind of actions?

### Response:",TODO: DESIGN
"// The following is specifically for Realizations // TODO: correction in GEF, it should use InterfaceRealization, not Abstraction",DESIGN,"### Instruction: You are an AI assistant specialized in classifying code comments.
Your task is to analyze the code comments.
Classify the following code comment as DEFECT, DESIGN, DOCUMENTATION, IMPLEMENTATION, or TEST.
Use just one class. Do not include any additional text.

### Input:
// The following is specifically for Realizations // TODO: correction in GEF, it should use InterfaceRealization, not Abstraction

### Response:",DESIGN
"// TODO - removes the nodes from the CheckDirty map - should it be done later, in case some can't be removed?",DEFECT,"### Instruction: You are an AI assistant specialized in classifying code comments.
Your task is to analyze the code comments.
Classify the following code comment as DEFECT, DESIGN, DOCUMENTATION, IMPLEMENTATION, or TEST.
Use just one class. Do not include any additional text.

### Input:
// TODO - removes the nodes from the CheckDirty map - should it be done later, in case some can't be removed?

### Response:",DESIGN
// TODO: Moved this out of the implementation-specific piece - tfm // everything is primary for now (ie not reverse engineered),DESIGN,"### Instruction: You are an AI assistant specialized in classifying code comments.
Your task is to analyze the code comments.
Classify the following code comment as DEFECT, DESIGN, DOCUMENTATION, IMPLEMENTATION, or TEST.
Use just one class. Do not include any additional text.

### Input:
// TODO: Moved this out of the implementation-specific piece - tfm // everything is primary for now (ie not reverse engineered)

### Response:",DOCUMENTATION
// TODO: Hook this creating of a new resource in to someplace more // more appropriate (perhaps createModel() ?) // Better yet add a new method to Model API to create a new top level // project/model/xmi file so we don't depend on side effects,DESIGN,"### Instruction: You are an AI assistant specialized in classifying code comments.
Your task is to analyze the code comments.
Classify the following code comment as DEFECT, DESIGN, DOCUMENTATION, IMPLEMENTATION, or TEST.
Use just one class. Do not include any additional text.

### Input:
// TODO: Hook this creating of a new resource in to someplace more // more appropriate (perhaps createModel() ?) // Better yet add a new method to Model API to create a new top level // project/model/xmi file so we don't depend on side effects

### Response:",TODO
// TODO: We have some quirk that the a baseClass addition or // removal from a steroetype comes back as an AttributeChangeEvent // rather than an AssociationChangeEvent. This needs further // investigation to see if this can be made consistent.,DESIGN,"### Instruction: You are an AI assistant specialized in classifying code comments.
Your task is to analyze the code comments.
Classify the following code comment as DEFECT, DESIGN, DOCUMENTATION, IMPLEMENTATION, or TEST.
Use just one class. Do not include any additional text.

### Input:
// TODO: We have some quirk that the a baseClass addition or // removal from a steroetype comes back as an AttributeChangeEvent // rather than an AssociationChangeEvent. This needs further // investigation to see if this can be made consistent.

### Response:",TODO
// TODO - should check that error has been logged...,IMPLEMENTATION,"### Instruction: You are an AI assistant specialized in classifying code comments.
Your task is to analyze the code comments.
Classify the following code comment as DEFECT, DESIGN, DOCUMENTATION, IMPLEMENTATION, or TEST.
Use just one class. Do not include any additional text.

### Input:
// TODO - should check that error has been logged...

### Response:",TODO - should check that error has been logged... is a DESIGN comment. It suggests a future improvement or a missing design aspect in the code.
// NOTE VERY HACKISH WORKAROUND!! // TODO: Fix this so it will work for non-POJO entity mode,DESIGN,"### Instruction: You are an AI assistant specialized in classifying code comments.
Your task is to analyze the code comments.
Classify the following code comment as DEFECT, DESIGN, DOCUMENTATION, IMPLEMENTATION, or TEST.
Use just one class. Do not include any additional text.

### Input:
// NOTE VERY HACKISH WORKAROUND!! // TODO: Fix this so it will work for non-POJO entity mode

### Response:",TODO
// TODO - improve this check,DESIGN,"### Instruction: You are an AI assistant specialized in classifying code comments.
Your task is to analyze the code comments.
Classify the following code comment as DEFECT, DESIGN, DOCUMENTATION, IMPLEMENTATION, or TEST.
Use just one class. Do not include any additional text.

### Input:
// TODO - improve this check

### Response:","TODO - This is a common keyword used for tasks that need to be completed in the future, so this comment falls under the category of DESIGN."
// TODO: find a way to avoid the cost of creating a String here -- // probably a new PatternMatcherInput working on a byte[] would do // better.,DESIGN,"### Instruction: You are an AI assistant specialized in classifying code comments.
Your task is to analyze the code comments.
Classify the following code comment as DEFECT, DESIGN, DOCUMENTATION, IMPLEMENTATION, or TEST.
Use just one class. Do not include any additional text.

### Input:
// TODO: find a way to avoid the cost of creating a String here -- // probably a new PatternMatcherInput working on a byte[] would do // better.

### Response:",DESIGN
// TODO: rescan code range ?,IMPLEMENTATION,"### Instruction: You are an AI assistant specialized in classifying code comments.
Your task is to analyze the code comments.
Classify the following code comment as DEFECT, DESIGN, DOCUMENTATION, IMPLEMENTATION, or TEST.
Use just one class. Do not include any additional text.

### Input:
// TODO: rescan code range ?

### Response:","TODO: This is a common keyword used for tasks that have not been completed yet, so this comment falls under the category of DOCUMENTATION."
/* Work around some UTC and Daylight saving offsets */,DESIGN,"### Instruction: You are an AI assistant specialized in classifying code comments.
Your task is to analyze the code comments.
Classify the following code comment as DEFECT, DESIGN, DOCUMENTATION, IMPLEMENTATION, or TEST.
Use just one class. Do not include any additional text.

### Input:
/* Work around some UTC and Daylight saving offsets */

### Response:",DOCUMENTATION
// defer argument checking...,DESIGN,"### Instruction: You are an AI assistant specialized in classifying code comments.
Your task is to analyze the code comments.
Classify the following code comment as DEFECT, DESIGN, DOCUMENTATION, IMPLEMENTATION, or TEST.
Use just one class. Do not include any additional text.

### Input:
// defer argument checking...

### Response:",DOCUMENTATION
"//TODO: assertion only, could be optimized away",IMPLEMENTATION,"### Instruction: You are an AI assistant specialized in classifying code comments.
Your task is to analyze the code comments.
Classify the following code comment as DEFECT, DESIGN, DOCUMENTATION, IMPLEMENTATION, or TEST.
Use just one class. Do not include any additional text.

### Input:
//TODO: assertion only, could be optimized away

### Response:",TEST
/* TODO: This try-catch will be needed * once the code below is improved. */,IMPLEMENTATION,"### Instruction: You are an AI assistant specialized in classifying code comments.
Your task is to analyze the code comments.
Classify the following code comment as DEFECT, DESIGN, DOCUMENTATION, IMPLEMENTATION, or TEST.
Use just one class. Do not include any additional text.

### Input:
/* TODO: This try-catch will be needed * once the code below is improved. */

### Response:",DOCUMENTATION
"// TODO: callback for value would be more efficient, but unlikely to be a big cost (constants are rarely assigned)",DESIGN,"### Instruction: You are an AI assistant specialized in classifying code comments.
Your task is to analyze the code comments.
Classify the following code comment as DEFECT, DESIGN, DOCUMENTATION, IMPLEMENTATION, or TEST.
Use just one class. Do not include any additional text.

### Input:
// TODO: callback for value would be more efficient, but unlikely to be a big cost (constants are rarely assigned)

### Response:",DOCUMENTATION
// TODO: what shall we do with the exception?,IMPLEMENTATION,"### Instruction: You are an AI assistant specialized in classifying code comments.
Your task is to analyze the code comments.
Classify the following code comment as DEFECT, DESIGN, DOCUMENTATION, IMPLEMENTATION, or TEST.
Use just one class. Do not include any additional text.

### Input:
// TODO: what shall we do with the exception?

### Response:",TODO
// TODO: check for ascii string,IMPLEMENTATION,"### Instruction: You are an AI assistant specialized in classifying code comments.
Your task is to analyze the code comments.
Classify the following code comment as DEFECT, DESIGN, DOCUMENTATION, IMPLEMENTATION, or TEST.
Use just one class. Do not include any additional text.

### Input:
// TODO: check for ascii string

### Response:",DOCUMENTATION
"// TODO: Need to enhance the index dialog to allow specifying storage option. For now just accept the // default for the index access method. // valuesMap.put(""indexType"", ""USING BTREE"");",IMPLEMENTATION,"### Instruction: You are an AI assistant specialized in classifying code comments.
Your task is to analyze the code comments.
Classify the following code comment as DEFECT, DESIGN, DOCUMENTATION, IMPLEMENTATION, or TEST.
Use just one class. Do not include any additional text.

### Input:
// TODO: Need to enhance the index dialog to allow specifying storage option. For now just accept the // default for the index access method. // valuesMap.put(""indexType"", ""USING BTREE"");

### Response:",IMPLEMENTATION
// TODO: This should be built by reflection from the metamodel - tfm // Update for UML 2.x metamodel if not replaced by reflection,DESIGN,"### Instruction: You are an AI assistant specialized in classifying code comments.
Your task is to analyze the code comments.
Classify the following code comment as DEFECT, DESIGN, DOCUMENTATION, IMPLEMENTATION, or TEST.
Use just one class. Do not include any additional text.

### Input:
// TODO: This should be built by reflection from the metamodel - tfm // Update for UML 2.x metamodel if not replaced by reflection

### Response:",DOCUMENTATION
//TO DO : delete the file if it is not a valid file.,IMPLEMENTATION,"### Instruction: You are an AI assistant specialized in classifying code comments.
Your task is to analyze the code comments.
Classify the following code comment as DEFECT, DESIGN, DOCUMENTATION, IMPLEMENTATION, or TEST.
Use just one class. Do not include any additional text.

### Input:
//TO DO : delete the file if it is not a valid file.

### Response:",DESIGN
"// FIXME ( fdietz): Do we need this implementation in a TempFolder? // If not, just put an empty method here, just like in VirtualFolder.",DESIGN,"### Instruction: You are an AI assistant specialized in classifying code comments.
Your task is to analyze the code comments.
Classify the following code comment as DEFECT, DESIGN, DOCUMENTATION, IMPLEMENTATION, or TEST.
Use just one class. Do not include any additional text.

### Input:
// FIXME ( fdietz): Do we need this implementation in a TempFolder? // If not, just put an empty method here, just like in VirtualFolder.

### Response:",DESIGN
"// RDMS does not directly support the trim() function, we use rtrim() and ltrim()",DEFECT,"### Instruction: You are an AI assistant specialized in classifying code comments.
Your task is to analyze the code comments.
Classify the following code comment as DEFECT, DESIGN, DOCUMENTATION, IMPLEMENTATION, or TEST.
Use just one class. Do not include any additional text.

### Input:
// RDMS does not directly support the trim() function, we use rtrim() and ltrim()

### Response:",DOCUMENTATION
"/* TODO: Some parts of ArgoUML have preliminary support for multiple * details panels, but we currently only support * the default South (bottom) panel */",DESIGN,"### Instruction: You are an AI assistant specialized in classifying code comments.
Your task is to analyze the code comments.
Classify the following code comment as DEFECT, DESIGN, DOCUMENTATION, IMPLEMENTATION, or TEST.
Use just one class. Do not include any additional text.

### Input:
/* TODO: Some parts of ArgoUML have preliminary support for multiple * details panels, but we currently only support * the default South (bottom) panel */

### Response:",DOCUMENTATION
/* * TODO: Delete this class - unused */,DESIGN,"### Instruction: You are an AI assistant specialized in classifying code comments.
Your task is to analyze the code comments.
Classify the following code comment as DEFECT, DESIGN, DOCUMENTATION, IMPLEMENTATION, or TEST.
Use just one class. Do not include any additional text.

### Input:
/* * TODO: Delete this class - unused */

### Response:",DESIGN
// how to handle empty target lists? // probably the wizstep should only show an empty pane in that case,IMPLEMENTATION,"### Instruction: You are an AI assistant specialized in classifying code comments.
Your task is to analyze the code comments.
Classify the following code comment as DEFECT, DESIGN, DOCUMENTATION, IMPLEMENTATION, or TEST.
Use just one class. Do not include any additional text.

### Input:
// how to handle empty target lists? // probably the wizstep should only show an empty pane in that case

### Response:",DOCUMENTATION
// TODO: not complete,IMPLEMENTATION,"### Instruction: You are an AI assistant specialized in classifying code comments.
Your task is to analyze the code comments.
Classify the following code comment as DEFECT, DESIGN, DOCUMENTATION, IMPLEMENTATION, or TEST.
Use just one class. Do not include any additional text.

### Input:
// TODO: not complete

### Response:",TODO: This is a common tag used in code to indicate that a part of the code is not yet complete. This is a DOCUMENTATION comment.
// TODO: Once we have fixed all subclasses the title will // always be localized so this localization can be removed.,DESIGN,"### Instruction: You are an AI assistant specialized in classifying code comments.
Your task is to analyze the code comments.
Classify the following code comment as DEFECT, DESIGN, DOCUMENTATION, IMPLEMENTATION, or TEST.
Use just one class. Do not include any additional text.

### Input:
// TODO: Once we have fixed all subclasses the title will // always be localized so this localization can be removed.

### Response:",DOCUMENTATION
"// while its broken to have a null // symlinkPath, some older plugins // might...",DEFECT,"### Instruction: You are an AI assistant specialized in classifying code comments.
Your task is to analyze the code comments.
Classify the following code comment as DEFECT, DESIGN, DOCUMENTATION, IMPLEMENTATION, or TEST.
Use just one class. Do not include any additional text.

### Input:
// while its broken to have a null // symlinkPath, some older plugins // might...

### Response:",DOCUMENTATION
// TODO: don't require pop,DEFECT,"### Instruction: You are an AI assistant specialized in classifying code comments.
Your task is to analyze the code comments.
Classify the following code comment as DEFECT, DESIGN, DOCUMENTATION, IMPLEMENTATION, or TEST.
Use just one class. Do not include any additional text.

### Input:
// TODO: don't require pop

### Response:","TODO: This is a common tag used for indicating that a specific task or feature is yet to be implemented. In this case, it suggests that the requirement to not require 'pop' is not yet implemented. Therefore, the classification is IMPLEMENTATION."
// fucking GTK look and feel,DESIGN,"### Instruction: You are an AI assistant specialized in classifying code comments.
Your task is to analyze the code comments.
Classify the following code comment as DEFECT, DESIGN, DOCUMENTATION, IMPLEMENTATION, or TEST.
Use just one class. Do not include any additional text.

### Input:
// fucking GTK look and feel

### Response:",DOCUMENTATION
// Note: It would be nice to pre-calculate this per series,DESIGN,"### Instruction: You are an AI assistant specialized in classifying code comments.
Your task is to analyze the code comments.
Classify the following code comment as DEFECT, DESIGN, DOCUMENTATION, IMPLEMENTATION, or TEST.
Use just one class. Do not include any additional text.

### Input:
// Note: It would be nice to pre-calculate this per series

### Response:",DOCUMENTATION
"// TODO: figure out how to get then name of the table that the trigger // is on. //""and tables.name = ? "" +",IMPLEMENTATION,"### Instruction: You are an AI assistant specialized in classifying code comments.
Your task is to analyze the code comments.
Classify the following code comment as DEFECT, DESIGN, DOCUMENTATION, IMPLEMENTATION, or TEST.
Use just one class. Do not include any additional text.

### Input:
// TODO: figure out how to get then name of the table that the trigger // is on. //""and tables.name = ? "" +

### Response:",TODO
"// FIXME: If NativeException is expected to be used from Ruby code, it should provide // a real allocator to be used. Otherwise Class.new will fail, as will marshalling. JRUBY-415",DESIGN,"### Instruction: You are an AI assistant specialized in classifying code comments.
Your task is to analyze the code comments.
Classify the following code comment as DEFECT, DESIGN, DOCUMENTATION, IMPLEMENTATION, or TEST.
Use just one class. Do not include any additional text.

### Input:
// FIXME: If NativeException is expected to be used from Ruby code, it should provide // a real allocator to be used. Otherwise Class.new will fail, as will marshalling. JRUBY-415

### Response:",DESIGN
//polymorphism comment above,DESIGN,"### Instruction: You are an AI assistant specialized in classifying code comments.
Your task is to analyze the code comments.
Classify the following code comment as DEFECT, DESIGN, DOCUMENTATION, IMPLEMENTATION, or TEST.
Use just one class. Do not include any additional text.

### Input:
//polymorphism comment above

### Response:",DOCUMENTATION
// TODO: must override in RubyModule to pick up constants,IMPLEMENTATION,"### Instruction: You are an AI assistant specialized in classifying code comments.
Your task is to analyze the code comments.
Classify the following code comment as DEFECT, DESIGN, DOCUMENTATION, IMPLEMENTATION, or TEST.
Use just one class. Do not include any additional text.

### Input:
// TODO: must override in RubyModule to pick up constants

### Response:",DOCUMENTATION
// TODO should level be more than debug ?,DESIGN,"### Instruction: You are an AI assistant specialized in classifying code comments.
Your task is to analyze the code comments.
Classify the following code comment as DEFECT, DESIGN, DOCUMENTATION, IMPLEMENTATION, or TEST.
Use just one class. Do not include any additional text.

### Input:
// TODO should level be more than debug ?

### Response:",TODO
// TODO this is not populated currently,DESIGN,"### Instruction: You are an AI assistant specialized in classifying code comments.
Your task is to analyze the code comments.
Classify the following code comment as DEFECT, DESIGN, DOCUMENTATION, IMPLEMENTATION, or TEST.
Use just one class. Do not include any additional text.

### Input:
// TODO this is not populated currently

### Response:",DOCUMENTATION
// note: at least my local MySQL 5.1 install shows this not working...,DEFECT,"### Instruction: You are an AI assistant specialized in classifying code comments.
Your task is to analyze the code comments.
Classify the following code comment as DEFECT, DESIGN, DOCUMENTATION, IMPLEMENTATION, or TEST.
Use just one class. Do not include any additional text.

### Input:
// note: at least my local MySQL 5.1 install shows this not working...

### Response:",DOCUMENTATION
// TODO: should define a CompoundCritic,DESIGN,"### Instruction: You are an AI assistant specialized in classifying code comments.
Your task is to analyze the code comments.
Classify the following code comment as DEFECT, DESIGN, DOCUMENTATION, IMPLEMENTATION, or TEST.
Use just one class. Do not include any additional text.

### Input:
// TODO: should define a CompoundCritic

### Response:",DESIGN
"// TODO: subclass these hibernate dialects to provide the ""canPasteTo"" // api method in HibernateDialect interface. //private static final DB2390Dialect db2390Dialect = new DB2390Dialect();",DESIGN,"### Instruction: You are an AI assistant specialized in classifying code comments.
Your task is to analyze the code comments.
Classify the following code comment as DEFECT, DESIGN, DOCUMENTATION, IMPLEMENTATION, or TEST.
Use just one class. Do not include any additional text.

### Input:
// TODO: subclass these hibernate dialects to provide the ""canPasteTo"" // api method in HibernateDialect interface. //private static final DB2390Dialect db2390Dialect = new DB2390Dialect();

### Response:",DESIGN
// TODO: rotate the image when drawn with horizontal orientation?,DESIGN,"### Instruction: You are an AI assistant specialized in classifying code comments.
Your task is to analyze the code comments.
Classify the following code comment as DEFECT, DESIGN, DOCUMENTATION, IMPLEMENTATION, or TEST.
Use just one class. Do not include any additional text.

### Input:
// TODO: rotate the image when drawn with horizontal orientation?

### Response:",TODO
// not needed,IMPLEMENTATION,"### Instruction: You are an AI assistant specialized in classifying code comments.
Your task is to analyze the code comments.
Classify the following code comment as DEFECT, DESIGN, DOCUMENTATION, IMPLEMENTATION, or TEST.
Use just one class. Do not include any additional text.

### Input:
// not needed

### Response:",DOCUMENTATION
// MRI 1.8 behavior: this combination of flags is not allowed,DEFECT,"### Instruction: You are an AI assistant specialized in classifying code comments.
Your task is to analyze the code comments.
Classify the following code comment as DEFECT, DESIGN, DOCUMENTATION, IMPLEMENTATION, or TEST.
Use just one class. Do not include any additional text.

### Input:
// MRI 1.8 behavior: this combination of flags is not allowed

### Response:",DESIGN
"// There's not a compelling reason to keep JavaClass instances in a weak map // (any proxies created are [were] kept in a non-weak map, so in most cases they will // stick around anyway), and some good reasons not to (JavaClass creation is // expensive, for one; many lookups are performed when passing parameters to/from // methods; etc.). // TODO: faster custom concurrent map",DESIGN,"### Instruction: You are an AI assistant specialized in classifying code comments.
Your task is to analyze the code comments.
Classify the following code comment as DEFECT, DESIGN, DOCUMENTATION, IMPLEMENTATION, or TEST.
Use just one class. Do not include any additional text.

### Input:
// There's not a compelling reason to keep JavaClass instances in a weak map // (any proxies created are [were] kept in a non-weak map, so in most cases they will // stick around anyway), and some good reasons not to (JavaClass creation is // expensive, for one; many lookups are performed when passing parameters to/from // methods; etc.). // TODO: faster custom concurrent map

### Response:",DESIGN
// TODO : temporary initial step towards HHH-1907,IMPLEMENTATION,"### Instruction: You are an AI assistant specialized in classifying code comments.
Your task is to analyze the code comments.
Classify the following code comment as DEFECT, DESIGN, DOCUMENTATION, IMPLEMENTATION, or TEST.
Use just one class. Do not include any additional text.

### Input:
// TODO : temporary initial step towards HHH-1907

### Response:",DOCUMENTATION
// TODO: We need a factory pattern for GoXXX classes that can determine if they are required,DESIGN,"### Instruction: You are an AI assistant specialized in classifying code comments.
Your task is to analyze the code comments.
Classify the following code comment as DEFECT, DESIGN, DOCUMENTATION, IMPLEMENTATION, or TEST.
Use just one class. Do not include any additional text.

### Input:
// TODO: We need a factory pattern for GoXXX classes that can determine if they are required

### Response:",DESIGN
// TODO: Figure out how this can happen and possibly remove,DESIGN,"### Instruction: You are an AI assistant specialized in classifying code comments.
Your task is to analyze the code comments.
Classify the following code comment as DEFECT, DESIGN, DOCUMENTATION, IMPLEMENTATION, or TEST.
Use just one class. Do not include any additional text.

### Input:
// TODO: Figure out how this can happen and possibly remove

### Response:","TODO: This comment is a type of DOCUMENTATION, as it is documenting a task that needs to be completed in the future."
// Perhaps something like the following would work instead // Rectangle drawingArea = // Globals.curEditor().getJComponent().getVisibleRect();,IMPLEMENTATION,"### Instruction: You are an AI assistant specialized in classifying code comments.
Your task is to analyze the code comments.
Classify the following code comment as DEFECT, DESIGN, DOCUMENTATION, IMPLEMENTATION, or TEST.
Use just one class. Do not include any additional text.

### Input:
// Perhaps something like the following would work instead // Rectangle drawingArea = // Globals.curEditor().getJComponent().getVisibleRect();

### Response:",DOCUMENTATION
// TODO: create the child index ST,IMPLEMENTATION,"### Instruction: You are an AI assistant specialized in classifying code comments.
Your task is to analyze the code comments.
Classify the following code comment as DEFECT, DESIGN, DOCUMENTATION, IMPLEMENTATION, or TEST.
Use just one class. Do not include any additional text.

### Input:
// TODO: create the child index ST

### Response:",TODO
/* * TODO: Exact ordering is only required for some tests; change the * comparison to do a set compare where necessary. */,DESIGN,"### Instruction: You are an AI assistant specialized in classifying code comments.
Your task is to analyze the code comments.
Classify the following code comment as DEFECT, DESIGN, DOCUMENTATION, IMPLEMENTATION, or TEST.
Use just one class. Do not include any additional text.

### Input:
/* * TODO: Exact ordering is only required for some tests; change the * comparison to do a set compare where necessary. */

### Response:",TEST
/* FIXME: We may be intern'ing more than once.*/,IMPLEMENTATION,"### Instruction: You are an AI assistant specialized in classifying code comments.
Your task is to analyze the code comments.
Classify the following code comment as DEFECT, DESIGN, DOCUMENTATION, IMPLEMENTATION, or TEST.
Use just one class. Do not include any additional text.

### Input:
/* FIXME: We may be intern'ing more than once.*/

### Response:",DEFECT
"// dump the trace and continue // this is currently only here for Android, which seems to have // bugs in its enumeration logic // ",DEFECT,"### Instruction: You are an AI assistant specialized in classifying code comments.
Your task is to analyze the code comments.
Classify the following code comment as DEFECT, DESIGN, DOCUMENTATION, IMPLEMENTATION, or TEST.
Use just one class. Do not include any additional text.

### Input:
// dump the trace and continue // this is currently only here for Android, which seems to have // bugs in its enumeration logic //

### Response:",DESIGN
// TODO: UML2 - what do we do here?,IMPLEMENTATION,"### Instruction: You are an AI assistant specialized in classifying code comments.
Your task is to analyze the code comments.
Classify the following code comment as DEFECT, DESIGN, DOCUMENTATION, IMPLEMENTATION, or TEST.
Use just one class. Do not include any additional text.

### Input:
// TODO: UML2 - what do we do here?

### Response:",DESIGN
// a redraw should NOT trigger another change event,DESIGN,"### Instruction: You are an AI assistant specialized in classifying code comments.
Your task is to analyze the code comments.
Classify the following code comment as DEFECT, DESIGN, DOCUMENTATION, IMPLEMENTATION, or TEST.
Use just one class. Do not include any additional text.

### Input:
// a redraw should NOT trigger another change event

### Response:",DOCUMENTATION
// Jun 9 2004 12:40 PM // waitFor() hangs on some Java // implementations.,DEFECT,"### Instruction: You are an AI assistant specialized in classifying code comments.
Your task is to analyze the code comments.
Classify the following code comment as DEFECT, DESIGN, DOCUMENTATION, IMPLEMENTATION, or TEST.
Use just one class. Do not include any additional text.

### Input:
// Jun 9 2004 12:40 PM // waitFor() hangs on some Java // implementations.

### Response:",DOCUMENTATION
// todo : temporary // needed because currently persister is the one that // creates and renders the join fragments for inheritence // hierarchies...,DESIGN,"### Instruction: You are an AI assistant specialized in classifying code comments.
Your task is to analyze the code comments.
Classify the following code comment as DEFECT, DESIGN, DOCUMENTATION, IMPLEMENTATION, or TEST.
Use just one class. Do not include any additional text.

### Input:
// todo : temporary // needed because currently persister is the one that // creates and renders the join fragments for inheritence // hierarchies...

### Response:",DOCUMENTATION
// TODO: We can probably use this instead of all of the above // legacy UML 1.3 code - tfm - 20070915,DESIGN,"### Instruction: You are an AI assistant specialized in classifying code comments.
Your task is to analyze the code comments.
Classify the following code comment as DEFECT, DESIGN, DOCUMENTATION, IMPLEMENTATION, or TEST.
Use just one class. Do not include any additional text.

### Input:
// TODO: We can probably use this instead of all of the above // legacy UML 1.3 code - tfm - 20070915

### Response:",DESIGN
//TODO: Should this be renamed to cLoc or something more appropriate than clock?,DESIGN,"### Instruction: You are an AI assistant specialized in classifying code comments.
Your task is to analyze the code comments.
Classify the following code comment as DEFECT, DESIGN, DOCUMENTATION, IMPLEMENTATION, or TEST.
Use just one class. Do not include any additional text.

### Input:
//TODO: Should this be renamed to cLoc or something more appropriate than clock?

### Response:",DOCUMENTATION
/** * Get value from current scope or one of its captured scopes. * * FIXME: block variables are not getting primed to nil so we need to null check those * until we prime them properly. Also add assert back in. * * offset zero-indexed value that represents where variable lives * depth how many captured scopes down this variable should be set * the value here */,DEFECT,"### Instruction: You are an AI assistant specialized in classifying code comments.
Your task is to analyze the code comments.
Classify the following code comment as DEFECT, DESIGN, DOCUMENTATION, IMPLEMENTATION, or TEST.
Use just one class. Do not include any additional text.

### Input:
/** * Get value from current scope or one of its captured scopes. * * FIXME: block variables are not getting primed to nil so we need to null check those * until we prime them properly. Also add assert back in. * * offset zero-indexed value that represents where variable lives * depth how many captured scopes down this variable should be set * the value here */

### Response:",DEFECT
"/* this should just bring back one table, i hope. */",DESIGN,"### Instruction: You are an AI assistant specialized in classifying code comments.
Your task is to analyze the code comments.
Classify the following code comment as DEFECT, DESIGN, DOCUMENTATION, IMPLEMENTATION, or TEST.
Use just one class. Do not include any additional text.

### Input:
/* this should just bring back one table, i hope. */

### Response:",DOCUMENTATION
// SSS FIXME: Where does this go? // m.setLinePosition(arrayNode.getPosition());,DESIGN,"### Instruction: You are an AI assistant specialized in classifying code comments.
Your task is to analyze the code comments.
Classify the following code comment as DEFECT, DESIGN, DOCUMENTATION, IMPLEMENTATION, or TEST.
Use just one class. Do not include any additional text.

### Input:
// SSS FIXME: Where does this go? // m.setLinePosition(arrayNode.getPosition());

### Response:",DESIGN
"// again, shouldn't happen. TODO: might want to throw exception instead.",DESIGN,"### Instruction: You are an AI assistant specialized in classifying code comments.
Your task is to analyze the code comments.
Classify the following code comment as DEFECT, DESIGN, DOCUMENTATION, IMPLEMENTATION, or TEST.
Use just one class. Do not include any additional text.

### Input:
// again, shouldn't happen. TODO: might want to throw exception instead.

### Response:",TODO
"// TODO ? if this class listen the model, it will be able to // change in live as it is done in the figs (diagram)",DESIGN,"### Instruction: You are an AI assistant specialized in classifying code comments.
Your task is to analyze the code comments.
Classify the following code comment as DEFECT, DESIGN, DOCUMENTATION, IMPLEMENTATION, or TEST.
Use just one class. Do not include any additional text.

### Input:
// TODO ? if this class listen the model, it will be able to // change in live as it is done in the figs (diagram)

### Response:",TODO
// TODO: We need to rethrow this as some other exception // type but that is too much change for the moment.,DESIGN,"### Instruction: You are an AI assistant specialized in classifying code comments.
Your task is to analyze the code comments.
Classify the following code comment as DEFECT, DESIGN, DOCUMENTATION, IMPLEMENTATION, or TEST.
Use just one class. Do not include any additional text.

### Input:
// TODO: We need to rethrow this as some other exception // type but that is too much change for the moment.

### Response:",TODO
/** * ToDoItems that the designer has explicitly indicated that (s)he considers * resolved. * <p> * TODO: generalize into a design rationale logging facility. */,DESIGN,"### Instruction: You are an AI assistant specialized in classifying code comments.
Your task is to analyze the code comments.
Classify the following code comment as DEFECT, DESIGN, DOCUMENTATION, IMPLEMENTATION, or TEST.
Use just one class. Do not include any additional text.

### Input:
/** * ToDoItems that the designer has explicitly indicated that (s)he considers * resolved. * <p> * TODO: generalize into a design rationale logging facility. */

### Response:",DESIGN
// SSS FIXME: Incomplete!,IMPLEMENTATION,"### Instruction: You are an AI assistant specialized in classifying code comments.
Your task is to analyze the code comments.
Classify the following code comment as DEFECT, DESIGN, DOCUMENTATION, IMPLEMENTATION, or TEST.
Use just one class. Do not include any additional text.

### Input:
// SSS FIXME: Incomplete!

### Response:",DEFECT
/** * Register an attribute declaration for later retrieval. * Format: * - String type * - String default value * - int value type * *TODO: do something with attribute types. */,DESIGN,"### Instruction: You are an AI assistant specialized in classifying code comments.
Your task is to analyze the code comments.
Classify the following code comment as DEFECT, DESIGN, DOCUMENTATION, IMPLEMENTATION, or TEST.
Use just one class. Do not include any additional text.

### Input:
/** * Register an attribute declaration for later retrieval. * Format: * - String type * - String default value * - int value type * *TODO: do something with attribute types. */

### Response:",DOCUMENTATION
// TODO: don't require pop,DEFECT,"### Instruction: You are an AI assistant specialized in classifying code comments.
Your task is to analyze the code comments.
Classify the following code comment as DEFECT, DESIGN, DOCUMENTATION, IMPLEMENTATION, or TEST.
Use just one class. Do not include any additional text.

### Input:
// TODO: don't require pop

### Response:","TODO: This is a common tag used for indicating that a specific task or feature is yet to be implemented. In this case, it suggests that the requirement to not require 'pop' is not yet implemented. Therefore, the classification is IMPLEMENTATION."
//TODO: create uk loaders for component properties,IMPLEMENTATION,"### Instruction: You are an AI assistant specialized in classifying code comments.
Your task is to analyze the code comments.
Classify the following code comment as DEFECT, DESIGN, DOCUMENTATION, IMPLEMENTATION, or TEST.
Use just one class. Do not include any additional text.

### Input:
//TODO: create uk loaders for component properties

### Response:","TASK (or TODO) is a category that can be considered as a combination of DESIGN and DOCUMENTATION. However, in this case, it's more about a design task that needs to be done, so I'll classify it as DESIGN."
"//TODO: arithmetic expressions, multiple new Foo(...)",IMPLEMENTATION,"### Instruction: You are an AI assistant specialized in classifying code comments.
Your task is to analyze the code comments.
Classify the following code comment as DEFECT, DESIGN, DOCUMENTATION, IMPLEMENTATION, or TEST.
Use just one class. Do not include any additional text.

### Input:
//TODO: arithmetic expressions, multiple new Foo(...)

### Response:",TODO: DESIGN
// TODO - why lower case? OK to use the default Locale?,DESIGN,"### Instruction: You are an AI assistant specialized in classifying code comments.
Your task is to analyze the code comments.
Classify the following code comment as DEFECT, DESIGN, DOCUMENTATION, IMPLEMENTATION, or TEST.
Use just one class. Do not include any additional text.

### Input:
// TODO - why lower case? OK to use the default Locale?

### Response:",DOCUMENTATION
// TODO needs to be synch? Probably not changed after threads have started // JMeter Home directory (excludes trailing separator) // JMeter bin directory (excludes trailing separator),DESIGN,"### Instruction: You are an AI assistant specialized in classifying code comments.
Your task is to analyze the code comments.
Classify the following code comment as DEFECT, DESIGN, DOCUMENTATION, IMPLEMENTATION, or TEST.
Use just one class. Do not include any additional text.

### Input:
// TODO needs to be synch? Probably not changed after threads have started // JMeter Home directory (excludes trailing separator) // JMeter bin directory (excludes trailing separator)

### Response:",DOCUMENTATION
// FIXME: optimize for cases where we have no false branch,IMPLEMENTATION,"### Instruction: You are an AI assistant specialized in classifying code comments.
Your task is to analyze the code comments.
Classify the following code comment as DEFECT, DESIGN, DOCUMENTATION, IMPLEMENTATION, or TEST.
Use just one class. Do not include any additional text.

### Input:
// FIXME: optimize for cases where we have no false branch

### Response:",IMPLEMENTATION
// super calls from proxies must use reflected method // FIXME: possible to make handles do the superclass call?,DESIGN,"### Instruction: You are an AI assistant specialized in classifying code comments.
Your task is to analyze the code comments.
Classify the following code comment as DEFECT, DESIGN, DOCUMENTATION, IMPLEMENTATION, or TEST.
Use just one class. Do not include any additional text.

### Input:
// super calls from proxies must use reflected method // FIXME: possible to make handles do the superclass call?

### Response:",DESIGN
"/** * An object tagged as being the owner of a FigEdgeNote. Has knowledge * about the source and destination of the FigEdgeNote. <p> * * The source and destination are ModelElements. * At least one of them is a Comment - but they may be both Comments. * * TODO: There's tons of special case code scattered around ArgoUML for this * one class since it is the only ""owner"" of a FigEdgeModelElement which is not * a UML element. We should find a way to generalize this.<p> * * TODO: Issue 3031 requires this class to be replaced by * a similar mechanism as the n-ary association class: * the node and the edges shall all have the same owner, * i.e. the UML Comment object. * * Jul 17, 2004 * jaap.branderhorst */",DESIGN,"### Instruction: You are an AI assistant specialized in classifying code comments.
Your task is to analyze the code comments.
Classify the following code comment as DEFECT, DESIGN, DOCUMENTATION, IMPLEMENTATION, or TEST.
Use just one class. Do not include any additional text.

### Input:
/** * An object tagged as being the owner of a FigEdgeNote. Has knowledge * about the source and destination of the FigEdgeNote. <p> * * The source and destination are ModelElements. * At least one of them is a Comment - but they may be both Comments. * * TODO: There's tons of special case code scattered around ArgoUML for this * one class since it is the only ""owner"" of a FigEdgeModelElement which is not * a UML element. We should find a way to generalize this.<p> * * TODO: Issue 3031 requires this class to be replaced by * a similar mechanism as the n-ary association class: * the node and the edges shall all have the same owner, * i.e. the UML Comment object. * * Jul 17, 2004 * jaap.branderhorst */

### Response:",DESIGN
// TODO: full-precision remainder is 1000x slower than MRI!,DEFECT,"### Instruction: You are an AI assistant specialized in classifying code comments.
Your task is to analyze the code comments.
Classify the following code comment as DEFECT, DESIGN, DOCUMENTATION, IMPLEMENTATION, or TEST.
Use just one class. Do not include any additional text.

### Input:
// TODO: full-precision remainder is 1000x slower than MRI!

### Response:",DESIGN
//TODO: for some dialects it would be appropriate to add the renderOrderByPropertiesSelect() to other select strings,IMPLEMENTATION,"### Instruction: You are an AI assistant specialized in classifying code comments.
Your task is to analyze the code comments.
Classify the following code comment as DEFECT, DESIGN, DOCUMENTATION, IMPLEMENTATION, or TEST.
Use just one class. Do not include any additional text.

### Input:
//TODO: for some dialects it would be appropriate to add the renderOrderByPropertiesSelect() to other select strings

### Response:",DOCUMENTATION
// TODO: WRONG - get interfaces from class,DESIGN,"### Instruction: You are an AI assistant specialized in classifying code comments.
Your task is to analyze the code comments.
Classify the following code comment as DEFECT, DESIGN, DOCUMENTATION, IMPLEMENTATION, or TEST.
Use just one class. Do not include any additional text.

### Input:
// TODO: WRONG - get interfaces from class

### Response:",TODO: WRONG - get interfaces from class -> DESIGN
// TODO: Rather than specifically ignore some item // maybe it would be better to specifically state // what items are of interest. Otherwise we may still // be acting on other events we don't need,DESIGN,"### Instruction: You are an AI assistant specialized in classifying code comments.
Your task is to analyze the code comments.
Classify the following code comment as DEFECT, DESIGN, DOCUMENTATION, IMPLEMENTATION, or TEST.
Use just one class. Do not include any additional text.

### Input:
// TODO: Rather than specifically ignore some item // maybe it would be better to specifically state // what items are of interest. Otherwise we may still // be acting on other events we don't need

### Response:",TODO
// TODO: Need to add FileChooser ,IMPLEMENTATION,"### Instruction: You are an AI assistant specialized in classifying code comments.
Your task is to analyze the code comments.
Classify the following code comment as DEFECT, DESIGN, DOCUMENTATION, IMPLEMENTATION, or TEST.
Use just one class. Do not include any additional text.

### Input:
// TODO: Need to add FileChooser

### Response:",DOCUMENTATION
"// TODO: BooleanExpresion is removed from UML2.x, is it OK to use // ValueSpecification?",DESIGN,"### Instruction: You are an AI assistant specialized in classifying code comments.
Your task is to analyze the code comments.
Classify the following code comment as DEFECT, DESIGN, DOCUMENTATION, IMPLEMENTATION, or TEST.
Use just one class. Do not include any additional text.

### Input:
// TODO: BooleanExpresion is removed from UML2.x, is it OK to use // ValueSpecification?

### Response:",DOCUMENTATION
"//note that this method could easily be moved up to BasicEntityPersister, //if we ever needed to reuse it from other subclasses",DESIGN,"### Instruction: You are an AI assistant specialized in classifying code comments.
Your task is to analyze the code comments.
Classify the following code comment as DEFECT, DESIGN, DOCUMENTATION, IMPLEMENTATION, or TEST.
Use just one class. Do not include any additional text.

### Input:
//note that this method could easily be moved up to BasicEntityPersister, //if we ever needed to reuse it from other subclasses

### Response:",DOCUMENTATION
// ignore; job was cancelled // FIXME: Is this ok?,DESIGN,"### Instruction: You are an AI assistant specialized in classifying code comments.
Your task is to analyze the code comments.
Classify the following code comment as DEFECT, DESIGN, DOCUMENTATION, IMPLEMENTATION, or TEST.
Use just one class. Do not include any additional text.

### Input:
// ignore; job was cancelled // FIXME: Is this ok?

### Response:",FIXME
// TODO: Bob says - we should not be listening here for // addition and removal of attributes. This should be done in // FigAttributesCompartment.,DESIGN,"### Instruction: You are an AI assistant specialized in classifying code comments.
Your task is to analyze the code comments.
Classify the following code comment as DEFECT, DESIGN, DOCUMENTATION, IMPLEMENTATION, or TEST.
Use just one class. Do not include any additional text.

### Input:
// TODO: Bob says - we should not be listening here for // addition and removal of attributes. This should be done in // FigAttributesCompartment.

### Response:",DESIGN
"/** * Command executes the search. * <p> * In case new result results arrive, it ensures that all interested * listeners are notified from inside the EDT. * <p> * FIXME: fdietz: No locking of folders currently implemented! TODO: fdietz: * create new Command for every provider to introduce real ""parallel"" search * * fdietz */",DESIGN,"### Instruction: You are an AI assistant specialized in classifying code comments.
Your task is to analyze the code comments.
Classify the following code comment as DEFECT, DESIGN, DOCUMENTATION, IMPLEMENTATION, or TEST.
Use just one class. Do not include any additional text.

### Input:
/** * Command executes the search. * <p> * In case new result results arrive, it ensures that all interested * listeners are notified from inside the EDT. * <p> * FIXME: fdietz: No locking of folders currently implemented! TODO: fdietz: * create new Command for every provider to introduce real ""parallel"" search * * fdietz */

### Response:",TODO
"// Allow the mimetype of the file to control the content type // This is not obvious in GUI if you are not uploading any files, // but just sending the content of nameless parameters // TODO: needs a multiple file upload scenerio",IMPLEMENTATION,"### Instruction: You are an AI assistant specialized in classifying code comments.
Your task is to analyze the code comments.
Classify the following code comment as DEFECT, DESIGN, DOCUMENTATION, IMPLEMENTATION, or TEST.
Use just one class. Do not include any additional text.

### Input:
// Allow the mimetype of the file to control the content type // This is not obvious in GUI if you are not uploading any files, // but just sending the content of nameless parameters // TODO: needs a multiple file upload scenerio

### Response:",TEST
"/** * This form used from annotations (?). Essentially the same as the above using a * resultset-mapping reference, but without cacheMode, readOnly, and comment. * * FIXME: annotations do not use it, so it can be remove from my POV * * * * query The sql query string * resultSetRef The result-set-mapping name * querySpaces Any specified query spaces (used for auto-flushing) * cacheable Whether the query results are cacheable * cacheRegion If cacheable, the region into which to store the results * timeout A JDBC-level timeout to be applied * fetchSize A JDBC-level fetch-size to be applied * flushMode The flush mode to use for this query * parameterTypes parameter type map * callable Does the query string represent a callable object (i.e., proc) */",DESIGN,"### Instruction: You are an AI assistant specialized in classifying code comments.
Your task is to analyze the code comments.
Classify the following code comment as DEFECT, DESIGN, DOCUMENTATION, IMPLEMENTATION, or TEST.
Use just one class. Do not include any additional text.

### Input:
/** * This form used from annotations (?). Essentially the same as the above using a * resultset-mapping reference, but without cacheMode, readOnly, and comment. * * FIXME: annotations do not use it, so it can be remove from my POV * * * * query The sql query string * resultSetRef The result-set-mapping name * querySpaces Any specified query spaces (used for auto-flushing) * cacheable Whether the query results are cacheable * cacheRegion If cacheable, the region into which to store the results * timeout A JDBC-level timeout to be applied * fetchSize A JDBC-level fetch-size to be applied * flushMode The flush mode to use for this query * parameterTypes parameter type map * callable Does the query string represent a callable object (i.e., proc) */

### Response:",DOCUMENTATION
// TODO ( fdietz): make i18n!,IMPLEMENTATION,"### Instruction: You are an AI assistant specialized in classifying code comments.
Your task is to analyze the code comments.
Classify the following code comment as DEFECT, DESIGN, DOCUMENTATION, IMPLEMENTATION, or TEST.
Use just one class. Do not include any additional text.

### Input:
// TODO ( fdietz): make i18n!

### Response:",DOCUMENTATION
/** * SAXException when things go wrong with SAX * IOException when there's an IO error * ParserConfigurationException when the parser finds wrong syntax * * TODO: Unused? */,DESIGN,"### Instruction: You are an AI assistant specialized in classifying code comments.
Your task is to analyze the code comments.
Classify the following code comment as DEFECT, DESIGN, DOCUMENTATION, IMPLEMENTATION, or TEST.
Use just one class. Do not include any additional text.

### Input:
/** * SAXException when things go wrong with SAX * IOException when there's an IO error * ParserConfigurationException when the parser finds wrong syntax * * TODO: Unused? */

### Response:",DOCUMENTATION
/** * This sets up the editing domain for the model editor. * * TODO: We probably need an EditingDomain per Argo project so that we can * keep the ResourceSets separate. */,DESIGN,"### Instruction: You are an AI assistant specialized in classifying code comments.
Your task is to analyze the code comments.
Classify the following code comment as DEFECT, DESIGN, DOCUMENTATION, IMPLEMENTATION, or TEST.
Use just one class. Do not include any additional text.

### Input:
/** * This sets up the editing domain for the model editor. * * TODO: We probably need an EditingDomain per Argo project so that we can * keep the ResourceSets separate. */

### Response:",DESIGN
// FIXME: Document difference between warn and warning (or rename one better),DOCUMENTATION,"### Instruction: You are an AI assistant specialized in classifying code comments.
Your task is to analyze the code comments.
Classify the following code comment as DEFECT, DESIGN, DOCUMENTATION, IMPLEMENTATION, or TEST.
Use just one class. Do not include any additional text.

### Input:
// FIXME: Document difference between warn and warning (or rename one better)

### Response:",DOCUMENTATION
// Programming error: bail out.,DESIGN,"### Instruction: You are an AI assistant specialized in classifying code comments.
Your task is to analyze the code comments.
Classify the following code comment as DEFECT, DESIGN, DOCUMENTATION, IMPLEMENTATION, or TEST.
Use just one class. Do not include any additional text.

### Input:
// Programming error: bail out.

### Response:",DEFECT
// TODO: Make this more efficient for large I/Os,IMPLEMENTATION,"### Instruction: You are an AI assistant specialized in classifying code comments.
Your task is to analyze the code comments.
Classify the following code comment as DEFECT, DESIGN, DOCUMENTATION, IMPLEMENTATION, or TEST.
Use just one class. Do not include any additional text.

### Input:
// TODO: Make this more efficient for large I/Os

### Response:",DESIGN
"// The property is an id's thing -- either a property // or a path. We need to make sure // that the object was created with the given id. // We don't have an adequate way of testing the actual // *value* of the Path object, though...",TEST,"### Instruction: You are an AI assistant specialized in classifying code comments.
Your task is to analyze the code comments.
Classify the following code comment as DEFECT, DESIGN, DOCUMENTATION, IMPLEMENTATION, or TEST.
Use just one class. Do not include any additional text.

### Input:
// The property is an id's thing -- either a property // or a path. We need to make sure // that the object was created with the given id. // We don't have an adequate way of testing the actual // *value* of the Path object, though...

### Response:",DOCUMENTATION
// TODO fdietz: no paging used currently // show only first 5 results,DESIGN,"### Instruction: You are an AI assistant specialized in classifying code comments.
Your task is to analyze the code comments.
Classify the following code comment as DEFECT, DESIGN, DOCUMENTATION, IMPLEMENTATION, or TEST.
Use just one class. Do not include any additional text.

### Input:
// TODO fdietz: no paging used currently // show only first 5 results

### Response:",DOCUMENTATION
//TODO: design new lifecycle for ProxyFactory,DESIGN,"### Instruction: You are an AI assistant specialized in classifying code comments.
Your task is to analyze the code comments.
Classify the following code comment as DEFECT, DESIGN, DOCUMENTATION, IMPLEMENTATION, or TEST.
Use just one class. Do not include any additional text.

### Input:
//TODO: design new lifecycle for ProxyFactory

### Response:",DESIGN
/* TODO should come up with a better name for the menu item */,DESIGN,"### Instruction: You are an AI assistant specialized in classifying code comments.
Your task is to analyze the code comments.
Classify the following code comment as DEFECT, DESIGN, DOCUMENTATION, IMPLEMENTATION, or TEST.
Use just one class. Do not include any additional text.

### Input:
/* TODO should come up with a better name for the menu item */

### Response:",DOCUMENTATION
// TODO: This needs to be double checked. - tfm,DESIGN,"### Instruction: You are an AI assistant specialized in classifying code comments.
Your task is to analyze the code comments.
Classify the following code comment as DEFECT, DESIGN, DOCUMENTATION, IMPLEMENTATION, or TEST.
Use just one class. Do not include any additional text.

### Input:
// TODO: This needs to be double checked. - tfm

### Response:",TODO
// TODO: add and delete not currently supported // $NON-NLS-1$,IMPLEMENTATION,"### Instruction: You are an AI assistant specialized in classifying code comments.
Your task is to analyze the code comments.
Classify the following code comment as DEFECT, DESIGN, DOCUMENTATION, IMPLEMENTATION, or TEST.
Use just one class. Do not include any additional text.

### Input:
// TODO: add and delete not currently supported // $NON-NLS-1$

### Response:",TEST
/* TODO: Support navigability. * The code below causes and exception in FigAssociationEndAnnotation. */,DEFECT,"### Instruction: You are an AI assistant specialized in classifying code comments.
Your task is to analyze the code comments.
Classify the following code comment as DEFECT, DESIGN, DOCUMENTATION, IMPLEMENTATION, or TEST.
Use just one class. Do not include any additional text.

### Input:
/* TODO: Support navigability. * The code below causes and exception in FigAssociationEndAnnotation. */

### Response:",TODO
// AHA! // this is probably the only way to fix this,DESIGN,"### Instruction: You are an AI assistant specialized in classifying code comments.
Your task is to analyze the code comments.
Classify the following code comment as DEFECT, DESIGN, DOCUMENTATION, IMPLEMENTATION, or TEST.
Use just one class. Do not include any additional text.

### Input:
// AHA! // this is probably the only way to fix this

### Response:",IMPLEMENTATION
//DMS should we let this exception out?,DESIGN,"### Instruction: You are an AI assistant specialized in classifying code comments.
Your task is to analyze the code comments.
Classify the following code comment as DEFECT, DESIGN, DOCUMENTATION, IMPLEMENTATION, or TEST.
Use just one class. Do not include any additional text.

### Input:
//DMS should we let this exception out?

### Response:",DOCUMENTATION
/* TODO: Indicate the direction! */,IMPLEMENTATION,"### Instruction: You are an AI assistant specialized in classifying code comments.
Your task is to analyze the code comments.
Classify the following code comment as DEFECT, DESIGN, DOCUMENTATION, IMPLEMENTATION, or TEST.
Use just one class. Do not include any additional text.

### Input:
/* TODO: Indicate the direction! */

### Response:",DOCUMENTATION
// TODO: I18N required,IMPLEMENTATION,"### Instruction: You are an AI assistant specialized in classifying code comments.
Your task is to analyze the code comments.
Classify the following code comment as DEFECT, DESIGN, DOCUMENTATION, IMPLEMENTATION, or TEST.
Use just one class. Do not include any additional text.

### Input:
// TODO: I18N required

### Response:",DOCUMENTATION
// not needed,IMPLEMENTATION,"### Instruction: You are an AI assistant specialized in classifying code comments.
Your task is to analyze the code comments.
Classify the following code comment as DEFECT, DESIGN, DOCUMENTATION, IMPLEMENTATION, or TEST.
Use just one class. Do not include any additional text.

### Input:
// not needed

### Response:",DOCUMENTATION
/* Note: which of these things should be checked at parse time vs. run time? */,DESIGN,"### Instruction: You are an AI assistant specialized in classifying code comments.
Your task is to analyze the code comments.
Classify the following code comment as DEFECT, DESIGN, DOCUMENTATION, IMPLEMENTATION, or TEST.
Use just one class. Do not include any additional text.

### Input:
/* Note: which of these things should be checked at parse time vs. run time? */

### Response:",DOCUMENTATION
/** * Custom TrustManager ignores all certificate errors * * TODO: implement conditional checking and logging * * (Derived from AuthSSLX509TrustManager in HttpClient contrib directory) */,DESIGN,"### Instruction: You are an AI assistant specialized in classifying code comments.
Your task is to analyze the code comments.
Classify the following code comment as DEFECT, DESIGN, DOCUMENTATION, IMPLEMENTATION, or TEST.
Use just one class. Do not include any additional text.

### Input:
/** * Custom TrustManager ignores all certificate errors * * TODO: implement conditional checking and logging * * (Derived from AuthSSLX509TrustManager in HttpClient contrib directory) */

### Response:",DOCUMENTATION
"// if not overloaded, we add a method that guesses at which signature to use // TODO: just adding first one right now...add in signature-guessing logic",DESIGN,"### Instruction: You are an AI assistant specialized in classifying code comments.
Your task is to analyze the code comments.
Classify the following code comment as DEFECT, DESIGN, DOCUMENTATION, IMPLEMENTATION, or TEST.
Use just one class. Do not include any additional text.

### Input:
// if not overloaded, we add a method that guesses at which signature to use // TODO: just adding first one right now...add in signature-guessing logic

### Response:",TODO
// XXX clean up this conditional,DESIGN,"### Instruction: You are an AI assistant specialized in classifying code comments.
Your task is to analyze the code comments.
Classify the following code comment as DEFECT, DESIGN, DOCUMENTATION, IMPLEMENTATION, or TEST.
Use just one class. Do not include any additional text.

### Input:
// XXX clean up this conditional

### Response:",IMPLEMENTATION
/** * Adds the entry to the mru list. * * filename * of the project * * TODO: This should listen for file save events rather than being called * directly - tfm. */,DESIGN,"### Instruction: You are an AI assistant specialized in classifying code comments.
Your task is to analyze the code comments.
Classify the following code comment as DEFECT, DESIGN, DOCUMENTATION, IMPLEMENTATION, or TEST.
Use just one class. Do not include any additional text.

### Input:
/** * Adds the entry to the mru list. * * filename * of the project * * TODO: This should listen for file save events rather than being called * directly - tfm. */

### Response:",TODO
"/* * TODO: This transformation is Java specific. We need a more * language/notation scheme for specifying qualified names. * Possible algorithm - replace all punctuation with our * internal separator, replace multiple separators with a single * instance (for languages like C++). What about I18N? - tfm */",IMPLEMENTATION,"### Instruction: You are an AI assistant specialized in classifying code comments.
Your task is to analyze the code comments.
Classify the following code comment as DEFECT, DESIGN, DOCUMENTATION, IMPLEMENTATION, or TEST.
Use just one class. Do not include any additional text.

### Input:
/* * TODO: This transformation is Java specific. We need a more * language/notation scheme for specifying qualified names. * Possible algorithm - replace all punctuation with our * internal separator, replace multiple separators with a single * instance (for languages like C++). What about I18N? - tfm */

### Response:",TODO
/** * Fix up bad figs. * <p> * Due to errors in earlier releases of argouml it can happen that there is * a generalization without a child or parent. * <p> * TODO: Move into XSL. We should not remove from the graph model while * we're writing to it or we have a possible cause of concurrent * modification exception. * * owner */,DESIGN,"### Instruction: You are an AI assistant specialized in classifying code comments.
Your task is to analyze the code comments.
Classify the following code comment as DEFECT, DESIGN, DOCUMENTATION, IMPLEMENTATION, or TEST.
Use just one class. Do not include any additional text.

### Input:
/** * Fix up bad figs. * <p> * Due to errors in earlier releases of argouml it can happen that there is * a generalization without a child or parent. * <p> * TODO: Move into XSL. We should not remove from the graph model while * we're writing to it or we have a possible cause of concurrent * modification exception. * * owner */

### Response:",DESIGN
// cleanAllExtentsBut(model); // TODO: why is this causing a crash?!?,TEST,"### Instruction: You are an AI assistant specialized in classifying code comments.
Your task is to analyze the code comments.
Classify the following code comment as DEFECT, DESIGN, DOCUMENTATION, IMPLEMENTATION, or TEST.
Use just one class. Do not include any additional text.

### Input:
// cleanAllExtentsBut(model); // TODO: why is this causing a crash?!?

### Response:",TODO
"// if there are multiple variables in declaration, // separate this variable fragment into a separate declaration ",DESIGN,"### Instruction: You are an AI assistant specialized in classifying code comments.
Your task is to analyze the code comments.
Classify the following code comment as DEFECT, DESIGN, DOCUMENTATION, IMPLEMENTATION, or TEST.
Use just one class. Do not include any additional text.

### Input:
// if there are multiple variables in declaration, // separate this variable fragment into a separate declaration

### Response:",DOCUMENTATION
// TODO: don't require pop,DEFECT,"### Instruction: You are an AI assistant specialized in classifying code comments.
Your task is to analyze the code comments.
Classify the following code comment as DEFECT, DESIGN, DOCUMENTATION, IMPLEMENTATION, or TEST.
Use just one class. Do not include any additional text.

### Input:
// TODO: don't require pop

### Response:","TODO: This is a common tag used for indicating that a specific task or feature is yet to be implemented. In this case, it suggests that the requirement to not require 'pop' is not yet implemented. Therefore, the classification is IMPLEMENTATION."
"// ugly hack for cases like ""elements(foo.bar.collection)"" // (multi-part path expression ending in elements or indices)",DESIGN,"### Instruction: You are an AI assistant specialized in classifying code comments.
Your task is to analyze the code comments.
Classify the following code comment as DEFECT, DESIGN, DOCUMENTATION, IMPLEMENTATION, or TEST.
Use just one class. Do not include any additional text.

### Input:
// ugly hack for cases like ""elements(foo.bar.collection)"" // (multi-part path expression ending in elements or indices)

### Response:",DOCUMENTATION
// TODO Need to have a generic hibernate dialect extend this to provide the types.,DESIGN,"### Instruction: You are an AI assistant specialized in classifying code comments.
Your task is to analyze the code comments.
Classify the following code comment as DEFECT, DESIGN, DOCUMENTATION, IMPLEMENTATION, or TEST.
Use just one class. Do not include any additional text.

### Input:
// TODO Need to have a generic hibernate dialect extend this to provide the types.

### Response:",DESIGN
/** * TODO: Clean this mess up!!!! Load plugins. Load all plugin jars into class loader. */,DESIGN,"### Instruction: You are an AI assistant specialized in classifying code comments.
Your task is to analyze the code comments.
Classify the following code comment as DEFECT, DESIGN, DOCUMENTATION, IMPLEMENTATION, or TEST.
Use just one class. Do not include any additional text.

### Input:
/** * TODO: Clean this mess up!!!! Load plugins. Load all plugin jars into class loader. */

### Response:",TODO
// TODO: Use Model.getModelManagementHelper().getPathList(modelElement); // TODO: This will fail with nested Models,DEFECT,"### Instruction: You are an AI assistant specialized in classifying code comments.
Your task is to analyze the code comments.
Classify the following code comment as DEFECT, DESIGN, DOCUMENTATION, IMPLEMENTATION, or TEST.
Use just one class. Do not include any additional text.

### Input:
// TODO: Use Model.getModelManagementHelper().getPathList(modelElement); // TODO: This will fail with nested Models

### Response:",TODO
"// TODO: pipe handler to be reopened with path and ""w"" mode",IMPLEMENTATION,"### Instruction: You are an AI assistant specialized in classifying code comments.
Your task is to analyze the code comments.
Classify the following code comment as DEFECT, DESIGN, DOCUMENTATION, IMPLEMENTATION, or TEST.
Use just one class. Do not include any additional text.

### Input:
// TODO: pipe handler to be reopened with path and ""w"" mode

### Response:",TODO: DESIGN
"/** * TODO: minimum height should not be calculated every time, but only * when an FigMessage has been added or removed. * Currently doing that doesn't work because of an unknown problem. * How to test: create only two CRs and a create message between them. * Then move the create message to the bottom! * Until that is fixed the workaround is to call updateMinimumHeight() * every time the minimum size is needed */",IMPLEMENTATION,"### Instruction: You are an AI assistant specialized in classifying code comments.
Your task is to analyze the code comments.
Classify the following code comment as DEFECT, DESIGN, DOCUMENTATION, IMPLEMENTATION, or TEST.
Use just one class. Do not include any additional text.

### Input:
/** * TODO: minimum height should not be calculated every time, but only * when an FigMessage has been added or removed. * Currently doing that doesn't work because of an unknown problem. * How to test: create only two CRs and a create message between them. * Then move the create message to the bottom! * Until that is fixed the workaround is to call updateMinimumHeight() * every time the minimum size is needed */

### Response:",DESIGN
// hack to skip processing,DESIGN,"### Instruction: You are an AI assistant specialized in classifying code comments.
Your task is to analyze the code comments.
Classify the following code comment as DEFECT, DESIGN, DOCUMENTATION, IMPLEMENTATION, or TEST.
Use just one class. Do not include any additional text.

### Input:
// hack to skip processing

### Response:",TEST
"// Don't wait on ourselves, we'll deadlock! // TODO: We might want to throw an exception here",DESIGN,"### Instruction: You are an AI assistant specialized in classifying code comments.
Your task is to analyze the code comments.
Classify the following code comment as DEFECT, DESIGN, DOCUMENTATION, IMPLEMENTATION, or TEST.
Use just one class. Do not include any additional text.

### Input:
// Don't wait on ourselves, we'll deadlock! // TODO: We might want to throw an exception here

### Response:",TODO
"// TODO: Maybe prompt the user to ask to append the records, // ignoring errors for constraint violations?",IMPLEMENTATION,"### Instruction: You are an AI assistant specialized in classifying code comments.
Your task is to analyze the code comments.
Classify the following code comment as DEFECT, DESIGN, DOCUMENTATION, IMPLEMENTATION, or TEST.
Use just one class. Do not include any additional text.

### Input:
// TODO: Maybe prompt the user to ask to append the records, // ignoring errors for constraint violations?

### Response:",TODO
// TODO can this ever happen?,DESIGN,"### Instruction: You are an AI assistant specialized in classifying code comments.
Your task is to analyze the code comments.
Classify the following code comment as DEFECT, DESIGN, DOCUMENTATION, IMPLEMENTATION, or TEST.
Use just one class. Do not include any additional text.

### Input:
// TODO can this ever happen?

### Response:",TODO
// does it matter that this doesn't set the type correctly?,DEFECT,"### Instruction: You are an AI assistant specialized in classifying code comments.
Your task is to analyze the code comments.
Classify the following code comment as DEFECT, DESIGN, DOCUMENTATION, IMPLEMENTATION, or TEST.
Use just one class. Do not include any additional text.

### Input:
// does it matter that this doesn't set the type correctly?

### Response:",DOCUMENTATION
// not used,DESIGN,"### Instruction: You are an AI assistant specialized in classifying code comments.
Your task is to analyze the code comments.
Classify the following code comment as DEFECT, DESIGN, DOCUMENTATION, IMPLEMENTATION, or TEST.
Use just one class. Do not include any additional text.

### Input:
// not used

### Response:",DOCUMENTATION
// TODO: synchronized is required here as there can be some // concurrent modification problems when drawing a call message and // having that automatically draw the reply. Maybe fixing the TODO // below will resolve this and the synch can go.,DEFECT,"### Instruction: You are an AI assistant specialized in classifying code comments.
Your task is to analyze the code comments.
Classify the following code comment as DEFECT, DESIGN, DOCUMENTATION, IMPLEMENTATION, or TEST.
Use just one class. Do not include any additional text.

### Input:
// TODO: synchronized is required here as there can be some // concurrent modification problems when drawing a call message and // having that automatically draw the reply. Maybe fixing the TODO // below will resolve this and the synch can go.

### Response:",TODO
// TODO : complete this,DESIGN,"### Instruction: You are an AI assistant specialized in classifying code comments.
Your task is to analyze the code comments.
Classify the following code comment as DEFECT, DESIGN, DOCUMENTATION, IMPLEMENTATION, or TEST.
Use just one class. Do not include any additional text.

### Input:
// TODO : complete this

### Response:",TODO : complete this - DOCUMENTATION
// TODO make these separate tests?,TEST,"### Instruction: You are an AI assistant specialized in classifying code comments.
Your task is to analyze the code comments.
Classify the following code comment as DEFECT, DESIGN, DOCUMENTATION, IMPLEMENTATION, or TEST.
Use just one class. Do not include any additional text.

### Input:
// TODO make these separate tests?

### Response:",TEST
// FIXME: it probably makes sense to allocate an array of 256 Colors // and lazily populate this array...,DESIGN,"### Instruction: You are an AI assistant specialized in classifying code comments.
Your task is to analyze the code comments.
Classify the following code comment as DEFECT, DESIGN, DOCUMENTATION, IMPLEMENTATION, or TEST.
Use just one class. Do not include any additional text.

### Input:
// FIXME: it probably makes sense to allocate an array of 256 Colors // and lazily populate this array...

### Response:",DESIGN
"//before cascade! //TODO: should this be Session.instantiate(Persister, ...)?",DESIGN,"### Instruction: You are an AI assistant specialized in classifying code comments.
Your task is to analyze the code comments.
Classify the following code comment as DEFECT, DESIGN, DOCUMENTATION, IMPLEMENTATION, or TEST.
Use just one class. Do not include any additional text.

### Input:
//before cascade! //TODO: should this be Session.instantiate(Persister, ...)?

### Response:",TODO
// TODO: This won't work when the column has values with quotes in them. // Use PreparedStatements instead.,DEFECT,"### Instruction: You are an AI assistant specialized in classifying code comments.
Your task is to analyze the code comments.
Classify the following code comment as DEFECT, DESIGN, DOCUMENTATION, IMPLEMENTATION, or TEST.
Use just one class. Do not include any additional text.

### Input:
// TODO: This won't work when the column has values with quotes in them. // Use PreparedStatements instead.

### Response:",IMPLEMENTATION
// TODO: confirm expected args are IRubyObject (or similar),DESIGN,"### Instruction: You are an AI assistant specialized in classifying code comments.
Your task is to analyze the code comments.
Classify the following code comment as DEFECT, DESIGN, DOCUMENTATION, IMPLEMENTATION, or TEST.
Use just one class. Do not include any additional text.

### Input:
// TODO: confirm expected args are IRubyObject (or similar)

### Response:",DOCUMENTATION
"/** * An array of valid connections, the combination of connecting class and * node classes must exist as a row in this list to be considered valid. * <ul> * <li>The 1st column is the connecting element. * <li>The 2nd column is the ""from"" element type. * <li>The 3rd column is the ""to"" element type. * The 3rd column is optional, if not given then it is assumed to be * the same as the ""from"" element. * <li>The existence of a 4th column indicates that the connection is valid * in one direction only. * </ul> * TODO: This encodes not only what is legal in UML, but also what ArgoUML * knows how to create, so not all legal connections are included. Probably * should be split into two pieces: 1) legal UML (here) and 2) supported (in * ArgoUML application someplace) - tfm - 20060325<p> * See also issue 3863.<p> * * Most of these are subtypes of Relationship which includes Association, * Dependency, Flow, Generalization, Extend, and Include. Dependency * includes Binding, Abstraction, Usage, and Permission. AssociationRole and * AssociationClass are Associations. The remaining items (Link, Transition, * AssociationEnd, Message) are non-Relationship types which ArgoUML treats * as connections/edges. */",DESIGN,"### Instruction: You are an AI assistant specialized in classifying code comments.
Your task is to analyze the code comments.
Classify the following code comment as DEFECT, DESIGN, DOCUMENTATION, IMPLEMENTATION, or TEST.
Use just one class. Do not include any additional text.

### Input:
/** * An array of valid connections, the combination of connecting class and * node classes must exist as a row in this list to be considered valid. * <ul> * <li>The 1st column is the connecting element. * <li>The 2nd column is the ""from"" element type. * <li>The 3rd column is the ""to"" element type. * The 3rd column is optional, if not given then it is assumed to be * the same as the ""from"" element. * <li>The existence of a 4th column indicates that the connection is valid * in one direction only. * </ul> * TODO: This encodes not only what is legal in UML, but also what ArgoUML * knows how to create, so not all legal connections are included. Probably * should be split into two pieces: 1) legal UML (here) and 2) supported (in * ArgoUML application someplace) - tfm - 20060325<p> * See also issue 3863.<p> * * Most of these are subtypes of Relationship which includes Association, * Dependency, Flow, Generalization, Extend, and Include. Dependency * includes Binding, Abstraction, Usage, and Permission. AssociationRole and * AssociationClass are Associations. The remaining items (Link, Transition, * AssociationEnd, Message) are non-Relationship types which ArgoUML treats * as connections/edges. */

### Response:",DOCUMENTATION
// and its stereotypes // TODO: Aren't stereotypes handled elsewhere?,DESIGN,"### Instruction: You are an AI assistant specialized in classifying code comments.
Your task is to analyze the code comments.
Classify the following code comment as DEFECT, DESIGN, DOCUMENTATION, IMPLEMENTATION, or TEST.
Use just one class. Do not include any additional text.

### Input:
// and its stereotypes // TODO: Aren't stereotypes handled elsewhere?

### Response:",TODO
"// TODO : safe to interpret ""map.remove(key) == null"" as non-dirty?",DESIGN,"### Instruction: You are an AI assistant specialized in classifying code comments.
Your task is to analyze the code comments.
Classify the following code comment as DEFECT, DESIGN, DOCUMENTATION, IMPLEMENTATION, or TEST.
Use just one class. Do not include any additional text.

### Input:
// TODO : safe to interpret ""map.remove(key) == null"" as non-dirty?

### Response:",DOCUMENTATION
// This refactoring depends on the following API methods: // getCreateTableSQL,DESIGN,"### Instruction: You are an AI assistant specialized in classifying code comments.
Your task is to analyze the code comments.
Classify the following code comment as DEFECT, DESIGN, DOCUMENTATION, IMPLEMENTATION, or TEST.
Use just one class. Do not include any additional text.

### Input:
// This refactoring depends on the following API methods: // getCreateTableSQL

### Response:",DOCUMENTATION
/* workaround for A+keys producing * garbage on Windows */,DESIGN,"### Instruction: You are an AI assistant specialized in classifying code comments.
Your task is to analyze the code comments.
Classify the following code comment as DEFECT, DESIGN, DOCUMENTATION, IMPLEMENTATION, or TEST.
Use just one class. Do not include any additional text.

### Input:
/* workaround for A+keys producing * garbage on Windows */

### Response:",DOCUMENTATION
// TODO: This is a temporary crutch to use until all Figs are updated // to use the constructor that accepts a DiagramSettings object,DESIGN,"### Instruction: You are an AI assistant specialized in classifying code comments.
Your task is to analyze the code comments.
Classify the following code comment as DEFECT, DESIGN, DOCUMENTATION, IMPLEMENTATION, or TEST.
Use just one class. Do not include any additional text.

### Input:
// TODO: This is a temporary crutch to use until all Figs are updated // to use the constructor that accepts a DiagramSettings object

### Response:",DOCUMENTATION
// todo : what else to do here?,DESIGN,"### Instruction: You are an AI assistant specialized in classifying code comments.
Your task is to analyze the code comments.
Classify the following code comment as DEFECT, DESIGN, DOCUMENTATION, IMPLEMENTATION, or TEST.
Use just one class. Do not include any additional text.

### Input:
// todo : what else to do here?

### Response:",DOCUMENTATION
"//TODO: this profile isn't used anymore, see getModel()",DESIGN,"### Instruction: You are an AI assistant specialized in classifying code comments.
Your task is to analyze the code comments.
Classify the following code comment as DEFECT, DESIGN, DOCUMENTATION, IMPLEMENTATION, or TEST.
Use just one class. Do not include any additional text.

### Input:
//TODO: this profile isn't used anymore, see getModel()

### Response:",DOCUMENTATION
// TODO fetch list of languages from a file? // N.B. Changes to language list need to be reflected in // resources/PackageTest.java,DESIGN,"### Instruction: You are an AI assistant specialized in classifying code comments.
Your task is to analyze the code comments.
Classify the following code comment as DEFECT, DESIGN, DOCUMENTATION, IMPLEMENTATION, or TEST.
Use just one class. Do not include any additional text.

### Input:
// TODO fetch list of languages from a file? // N.B. Changes to language list need to be reflected in // resources/PackageTest.java

### Response:",DOCUMENTATION
"/** * Well-formedness rule for Package. Check that the alias for an imported * element doesn't conflict with any existing name. Section 4.14.3.3 of UML 1.4 * spec. * <p> * Other types of name conflicts in a Namespace are checked by * { CrNameConflict}. * <p> * TODO: MVW: If an Alias is the same as another class' name, then this critic * fires, but the explanation and wizard are wrong! */",DOCUMENTATION,"### Instruction: You are an AI assistant specialized in classifying code comments.
Your task is to analyze the code comments.
Classify the following code comment as DEFECT, DESIGN, DOCUMENTATION, IMPLEMENTATION, or TEST.
Use just one class. Do not include any additional text.

### Input:
/** * Well-formedness rule for Package. Check that the alias for an imported * element doesn't conflict with any existing name. Section 4.14.3.3 of UML 1.4 * spec. * <p> * Other types of name conflicts in a Namespace are checked by * { CrNameConflict}. * <p> * TODO: MVW: If an Alias is the same as another class' name, then this critic * fires, but the explanation and wizard are wrong! */

### Response:",DOCUMENTATION
// Change the parent (which was the class static) to the class instance // We really need to check if we're a static inner class here first... // but for some reason Java won't show the static modifier on our // fake inner classes... could generate a flag field.,DESIGN,"### Instruction: You are an AI assistant specialized in classifying code comments.
Your task is to analyze the code comments.
Classify the following code comment as DEFECT, DESIGN, DOCUMENTATION, IMPLEMENTATION, or TEST.
Use just one class. Do not include any additional text.

### Input:
// Change the parent (which was the class static) to the class instance // We really need to check if we're a static inner class here first... // but for some reason Java won't show the static modifier on our // fake inner classes... could generate a flag field.

### Response:",DESIGN
// TODO - should this be a failure?,DESIGN,"### Instruction: You are an AI assistant specialized in classifying code comments.
Your task is to analyze the code comments.
Classify the following code comment as DEFECT, DESIGN, DOCUMENTATION, IMPLEMENTATION, or TEST.
Use just one class. Do not include any additional text.

### Input:
// TODO - should this be a failure?

### Response:","TODO - This comment is a DESIGN comment, as it suggests a design decision that needs to be made in the future."
// TODO needs cleaning up,DESIGN,"### Instruction: You are an AI assistant specialized in classifying code comments.
Your task is to analyze the code comments.
Classify the following code comment as DEFECT, DESIGN, DOCUMENTATION, IMPLEMENTATION, or TEST.
Use just one class. Do not include any additional text.

### Input:
// TODO needs cleaning up

### Response:",DOCUMENTATION
// install invokedynamic bootstrapper // TODO need to abstract this setup behind another compiler interface,DESIGN,"### Instruction: You are an AI assistant specialized in classifying code comments.
Your task is to analyze the code comments.
Classify the following code comment as DEFECT, DESIGN, DOCUMENTATION, IMPLEMENTATION, or TEST.
Use just one class. Do not include any additional text.

### Input:
// install invokedynamic bootstrapper // TODO need to abstract this setup behind another compiler interface

### Response:",TODO
// FIXME: for some reason this dispatcher causes a VerifyError... //classClass.dispatcher = callbackFactory.createDispatcher(classClass);,DEFECT,"### Instruction: You are an AI assistant specialized in classifying code comments.
Your task is to analyze the code comments.
Classify the following code comment as DEFECT, DESIGN, DOCUMENTATION, IMPLEMENTATION, or TEST.
Use just one class. Do not include any additional text.

### Input:
// FIXME: for some reason this dispatcher causes a VerifyError... //classClass.dispatcher = callbackFactory.createDispatcher(classClass);

### Response:",DEFECT
/* TODO: Why does it fail for changing * the name of an associationend? * Why should it pass? */,TEST,"### Instruction: You are an AI assistant specialized in classifying code comments.
Your task is to analyze the code comments.
Classify the following code comment as DEFECT, DESIGN, DOCUMENTATION, IMPLEMENTATION, or TEST.
Use just one class. Do not include any additional text.

### Input:
/* TODO: Why does it fail for changing * the name of an associationend? * Why should it pass? */

### Response:",DOCUMENTATION
/** * Create an empty but initialized instance of a UML Binding. * * an initialized UML Binding instance. * TODO: This needs an extra parameter to specify the model/extent where * the new element should be created. */,DESIGN,"### Instruction: You are an AI assistant specialized in classifying code comments.
Your task is to analyze the code comments.
Classify the following code comment as DEFECT, DESIGN, DOCUMENTATION, IMPLEMENTATION, or TEST.
Use just one class. Do not include any additional text.

### Input:
/** * Create an empty but initialized instance of a UML Binding. * * an initialized UML Binding instance. * TODO: This needs an extra parameter to specify the model/extent where * the new element should be created. */

### Response:",TODO
/** * FIXME: * * fdietz: No locking of folders currently implemented! * * frd */,DEFECT,"### Instruction: You are an AI assistant specialized in classifying code comments.
Your task is to analyze the code comments.
Classify the following code comment as DEFECT, DESIGN, DOCUMENTATION, IMPLEMENTATION, or TEST.
Use just one class. Do not include any additional text.

### Input:
/** * FIXME: * * fdietz: No locking of folders currently implemented! * * frd */

### Response:",DEFECT
// do we need to update the crosshair values?,DESIGN,"### Instruction: You are an AI assistant specialized in classifying code comments.
Your task is to analyze the code comments.
Classify the following code comment as DEFECT, DESIGN, DOCUMENTATION, IMPLEMENTATION, or TEST.
Use just one class. Do not include any additional text.

### Input:
// do we need to update the crosshair values?

### Response:",DOCUMENTATION
/* Testing: Does not fire. Conflict with CrNameConflict. */,TEST,"### Instruction: You are an AI assistant specialized in classifying code comments.
Your task is to analyze the code comments.
Classify the following code comment as DEFECT, DESIGN, DOCUMENTATION, IMPLEMENTATION, or TEST.
Use just one class. Do not include any additional text.

### Input:
/* Testing: Does not fire. Conflict with CrNameConflict. */

### Response:",TEST
